--- -*- coding: utf-8 -*-

create table pnom ( mep varchar(16) primary key, pnom text ) ;
create table euprt ( mep varchar(16) unique references pnom, euprt varchar(4), rol varchar(3) ) ;
create table naprt ( mep varchar(16) unique references pnom, naprt text ) ;
create table komit ( mep varchar(16) references pnom, komit varchar(4), rol numeric(1) ) ;
create table deleg ( mep varchar(16) references pnom, deleg varchar(8), rol numeric(1) ) ;
create table adreu ( mep varchar(16) references pnom, adreu text ) ;
create table fon ( mep varchar(16) references pnom, fon text ) ;
create table fax ( mep varchar(16) references pnom, fax text ) ;
create table mail ( mep varchar(16) references pnom, mail text ) ;
create table adrna ( mep varchar(16) references pnom, adrna text ) ;
create table land ( mep varchar(16) unique references pnom, land varchar(2) ) ;
create table http ( mep varchar(16) references pnom, http text ) ;

insert into pnom values ( 'mpannella', 'On. Marco PANNELLA' ) ;
insert into euprt values ( 'mpannella', 'NON', 2 ) ;
insert into naprt values ( 'mpannella', 'Lista Emma Bonino' ) ;
insert into land values ( 'mpannella', 'IT' ) ;
insert into komit values ( 'mpannella', 'DEVE', 2 ) ;
insert into komit values ( 'mpannella', 'AFET', 1 ) ;
insert into deleg values ( 'mpannella', 'IL', 2 ) ;
insert into adreu values ( 'mpannella', 'European Parliament; Bât. Altiero Spinelli; 07H141; 60, rue Wiertz / Wiertzstraat 60; B-1047 Bruxelles/Brussel' ) ;
insert into adreu values ( 'mpannella', 'European Parliament; Bât. Louise Weiss; T11048; Allée du Printemps; BP 10024/F; F-67070 Strasbourg Cedex' ) ;
insert into fax values ( 'mpannella', '+32 (0)2 284 9120' ) ;
insert into fax values ( 'mpannella', '+33 (0)3 88 17 9120' ) ;
insert into mail values ( 'mpannella', 'm.pannella@agora.it' ) ;
insert into adrna values ( 'mpannella', 'Corso Rinascimento, 65 I-00186 ROMA' ) ;

insert into pnom values ( 'fwurtz', 'M. Francis WURTZ' ) ;
insert into euprt values ( 'fwurtz', 'LEFT', 9 ) ;
insert into naprt values ( 'fwurtz', 'PCF' ) ;
insert into land values ( 'fwurtz', 'FR' ) ;
insert into komit values ( 'fwurtz', 'BUDG', 2 ) ;
insert into komit values ( 'fwurtz', 'AFET', 1 ) ;
insert into adreu values ( 'fwurtz', 'European Parliament; Bât. Altiero Spinelli; 09G102; 60, rue Wiertz / Wiertzstraat 60; B-1047 Bruxelles/Brussel' ) ;
insert into adreu values ( 'fwurtz', 'European Parliament; Bât. Louise Weiss; T06008; Allée du Printemps; BP 10024/F; F-67070 Strasbourg Cedex' ) ;
insert into fax values ( 'fwurtz', '+32 (0)2 284 9106' ) ;
insert into fax values ( 'fwurtz', '+33 (0)3 88 17 9106' ) ;
insert into adrna values ( 'fwurtz', '2, Place du Colonel Fabien F-75019 PARIS' ) ;

insert into pnom values ( 'jmlepen', 'M. Jean-Marie LE PEN' ) ;
insert into euprt values ( 'jmlepen', 'NON', 2 ) ;
insert into naprt values ( 'jmlepen', 'Front National' ) ;
insert into land values ( 'jmlepen', 'FR' ) ;
insert into komit values ( 'jmlepen', 'PETI', 2 ) ;
insert into komit values ( 'jmlepen', 'RETT', 2 ) ;
insert into komit values ( 'jmlepen', 'CULT', 1 ) ;
insert into deleg values ( 'jmlepen', 'UA', 2 ) ;
insert into adreu values ( 'jmlepen', 'European Parliament; Bât. Altiero Spinelli; 08F258; 60, rue Wiertz / Wiertzstraat 60; B-1047 Bruxelles/Brussel' ) ;
insert into adreu values ( 'jmlepen', 'European Parliament; Bât. Louise Weiss; T10029; Allée du Printemps; BP 10024/F; F-67070 Strasbourg Cedex' ) ;
insert into fax values ( 'jmlepen', '+32 (0)2 284 9265' ) ;
insert into fax values ( 'jmlepen', '+33 (0)3 88 17 9265' ) ;
insert into adrna values ( 'jmlepen', '8, Parc de Montretout F-92210 SAINT CLOUD' ) ;

insert into pnom values ( 'lbourlanges', 'M. Jean-Louis BOURLANGES' ) ;
insert into euprt values ( 'lbourlanges', 'EUPP', 5 ) ;
insert into naprt values ( 'lbourlanges', 'Union pour la démocratie française' ) ;
insert into land values ( 'lbourlanges', 'FR' ) ;
insert into komit values ( 'lbourlanges', 'AFCO', 2 ) ;
insert into komit values ( 'lbourlanges', 'ECON', 1 ) ;
insert into deleg values ( 'lbourlanges', 'PL', 9 ) ;
insert into adreu values ( 'lbourlanges', 'European Parliament; Bât. Altiero Spinelli; 13E142; 60, rue Wiertz / Wiertzstraat 60; B-1047 Bruxelles/Brussel' ) ;
insert into adreu values ( 'lbourlanges', 'European Parliament; Bât. Louise Weiss; T08025; Allée du Printemps; BP 10024/F; F-67070 Strasbourg Cedex' ) ;
insert into fax values ( 'lbourlanges', '+32 (0)2 284 9876' ) ;
insert into fax values ( 'lbourlanges', '+33 (0)3 88 17 9876' ) ;
insert into adrna values ( 'lbourlanges', 'Parlement européen Rue Wiertz ASP 13E142  B-1047 BRUXELLES' ) ;

insert into pnom values ( 'jpuerta', 'Sr. Alonso José PUERTA' ) ;
insert into euprt values ( 'jpuerta', 'LEFT', 5 ) ;
insert into naprt values ( 'jpuerta', 'Izquierda Unida' ) ;
insert into land values ( 'jpuerta', 'ES' ) ;
insert into komit values ( 'jpuerta', 'RETT', 2 ) ;
insert into komit values ( 'jpuerta', 'AFCO', 1 ) ;
insert into deleg values ( 'jpuerta', 'CAMx', 2 ) ;
insert into adreu values ( 'jpuerta', 'European Parliament; Bât. Altiero Spinelli; 09G130; 60, rue Wiertz / Wiertzstraat 60; B-1047 Bruxelles/Brussel' ) ;
insert into adreu values ( 'jpuerta', 'European Parliament; Bât. Louise Weiss; T12053; Allée du Printemps; BP 10024/F; F-67070 Strasbourg Cedex' ) ;
insert into fax values ( 'jpuerta', '+32 (0)2 284 9964' ) ;
insert into fax values ( 'jpuerta', '+33 (0)3 88 17 9964' ) ;
insert into adrna values ( 'jpuerta', 'Parlamento Europeo Rue Wiertz ASP 9G130  B-1047 BRUSELAS' ) ;

insert into pnom values ( 'rboege', 'Herr Reimer BÖGE' ) ;
insert into euprt values ( 'rboege', 'EUPP', 2 ) ;
insert into naprt values ( 'rboege', 'CDU' ) ;
insert into land values ( 'rboege', 'DE' ) ;
insert into komit values ( 'rboege', 'BUDG', 8 ) ;
insert into komit values ( 'rboege', 'AGRI', 1 ) ;
insert into deleg values ( 'rboege', 'EE', 1 ) ;
insert into adreu values ( 'rboege', 'European Parliament; Bât. Altiero Spinelli; 15E169; 60, rue Wiertz / Wiertzstraat 60; B-1047 Bruxelles/Brussel' ) ;
insert into adreu values ( 'rboege', 'European Parliament; Bât. Louise Weiss; T10041; Allée du Printemps; BP 10024/F; F-67070 Strasbourg Cedex' ) ;
insert into fax values ( 'rboege', '+32 (0)2 284 9326' ) ;
insert into fax values ( 'rboege', '+33 (0)3 88 17 9326' ) ;
insert into mail values ( 'rboege', 'rboege@europarl.eu.int' ) ;
insert into http values ( 'rboege', 'http://www.cdu-csu-ep.de' ) ;
insert into adrna values ( 'rboege', 'CDU-Landesverband/Europabüro Sophienblatt 44-46 D-24114 KIEL' ) ;

insert into pnom values ( 'kflorenz', 'Herr Karl-Heinz FLORENZ' ) ;
insert into euprt values ( 'kflorenz', 'EUPP', 5 ) ;
insert into naprt values ( 'kflorenz', 'CDU' ) ;
insert into land values ( 'kflorenz', 'DE' ) ;
insert into komit values ( 'kflorenz', 'ENVI', 2 ) ;
insert into komit values ( 'kflorenz', 'BUDG', 1 ) ;
insert into deleg values ( 'kflorenz', 'MERCOSUR', 2 ) ;
insert into adreu values ( 'kflorenz', 'European Parliament; Bât. Altiero Spinelli; 10E158; 60, rue Wiertz / Wiertzstraat 60; B-1047 Bruxelles/Brussel' ) ;
insert into adreu values ( 'kflorenz', 'European Parliament; Bât. Louise Weiss; T10035; Allée du Printemps; BP 10024/F; F-67070 Strasbourg Cedex' ) ;
insert into fax values ( 'kflorenz', '+32 (0)2 284 9320' ) ;
insert into fax values ( 'kflorenz', '+33 (0)3 88 17 9320' ) ;
insert into mail values ( 'kflorenz', 'kflorenz@europarl.eu.int' ) ;
insert into mail values ( 'kflorenz', 'Europabuero.Niederrhein@t-online.de' ) ;
insert into http values ( 'kflorenz', 'http://www.cdu-csu-ep.de' ) ;
insert into adrna values ( 'kflorenz', 'Groß-Opholt I D-47506 NEUKIRCHEN-VLUYN' ) ;

insert into pnom values ( 'fgraefe', 'Herr Friedrich-Wilhelm GRAEFE zu BARINGDORF' ) ;
insert into euprt values ( 'fgraefe', 'VERD', 2 ) ;
insert into naprt values ( 'fgraefe', 'B90G' ) ;
insert into land values ( 'fgraefe', 'DE' ) ;
insert into komit values ( 'fgraefe', 'AGRI', 8 ) ;
insert into komit values ( 'fgraefe', 'BUDG', 1 ) ;
insert into deleg values ( 'fgraefe', 'ZA', 2 ) ;
insert into adreu values ( 'fgraefe', 'European Parliament; Bât. Altiero Spinelli; 08G355; 60, rue Wiertz / Wiertzstraat 60; B-1047 Bruxelles/Brussel' ) ;
insert into adreu values ( 'fgraefe', 'European Parliament; Bât. Louise Weiss; T05064; Allée du Printemps; BP 10024/F; F-67070 Strasbourg Cedex' ) ;
insert into fax values ( 'fgraefe', '+32 (0)2 284 9154' ) ;
insert into fax values ( 'fgraefe', '+33 (0)3 88 17 9154' ) ;
insert into mail values ( 'fgraefe', 'fgraefe@europarl.eu.int' ) ;
insert into adrna values ( 'fgraefe', 'Am Berningshof 2 D-32139 SPENGE' ) ;

insert into pnom values ( 'wmenrad', 'Herr Winfried MENRAD' ) ;
insert into euprt values ( 'wmenrad', 'EUPP', 2 ) ;
insert into naprt values ( 'wmenrad', 'CDU' ) ;
insert into land values ( 'wmenrad', 'DE' ) ;
insert into komit values ( 'wmenrad', 'EMPL', 8 ) ;
insert into komit values ( 'wmenrad', 'ECON', 1 ) ;
insert into komit values ( 'wmenrad', 'FEMM', 1 ) ;
insert into deleg values ( 'wmenrad', 'IL', 2 ) ;
insert into adreu values ( 'wmenrad', 'European Parliament; Bât. Altiero Spinelli; 10E253; 60, rue Wiertz / Wiertzstraat 60; B-1047 Bruxelles/Brussel' ) ;
insert into adreu values ( 'wmenrad', 'European Parliament; Bât. Louise Weiss; T10017; Allée du Printemps; BP 10024/F; F-67070 Strasbourg Cedex' ) ;
insert into fax values ( 'wmenrad', '+32 (0)2 284 9314' ) ;
insert into fax values ( 'wmenrad', '+33 (0)3 88 17 9314' ) ;
insert into mail values ( 'wmenrad', 'menrad.mdep@t-online.de' ) ;
insert into http values ( 'wmenrad', 'http://www.menrad-mdep.de' ) ;
insert into adrna values ( 'wmenrad', 'Sudetenweg 55 D-74523 SCHWÄBISCH HALL' ) ;

insert into pnom values ( 'mpapayannakis', 'Κ. Mihail PAPAYANNAKIS' ) ;
insert into euprt values ( 'mpapayannakis', 'LEFT', 5 ) ;
insert into naprt values ( 'mpapayannakis', 'Synaspismos tis Aristeras kai tis Proodou' ) ;
insert into land values ( 'mpapayannakis', 'GR' ) ;
insert into komit values ( 'mpapayannakis', 'ENVI', 2 ) ;
insert into komit values ( 'mpapayannakis', 'AFCO', 1 ) ;
insert into komit values ( 'mpapayannakis', 'PETI', 1 ) ;
insert into deleg values ( 'mpapayannakis', 'HU', 9 ) ;
insert into deleg values ( 'mpapayannakis', 'CY', 1 ) ;
insert into adreu values ( 'mpapayannakis', 'European Parliament; Bât. Altiero Spinelli; 09G310; 60, rue Wiertz / Wiertzstraat 60; B-1047 Bruxelles/Brussel' ) ;
insert into adreu values ( 'mpapayannakis', 'European Parliament; Bât. Louise Weiss; T05008; Allée du Printemps; BP 10024/F; F-67070 Strasbourg Cedex' ) ;
insert into fax values ( 'mpapayannakis', '+32 (0)2 284 9124' ) ;
insert into fax values ( 'mpapayannakis', '+33 (0)3 88 17 9124' ) ;
insert into mail values ( 'mpapayannakis', 'papagiannakis@syn.gr' ) ;
insert into adrna values ( 'mpapayannakis', 'Pl. Koumoundourou (Pl. Eleftherias) 1 GR-105 53 ATHINA' ) ;

insert into pnom values ( 'qrowohl', 'Frau Godelieve QUISTHOUDT-ROWOHL' ) ;
insert into euprt values ( 'qrowohl', 'EUPP', 5 ) ;
insert into naprt values ( 'qrowohl', 'CDU' ) ;
insert into land values ( 'qrowohl', 'DE' ) ;
insert into komit values ( 'qrowohl', 'ITRE', 2 ) ;
insert into komit values ( 'qrowohl', 'BUDG', 1 ) ;
insert into deleg values ( 'qrowohl', 'US', 2 ) ;
insert into adreu values ( 'qrowohl', 'European Parliament; Bât. Paul-Henri Spaak; 08B003; 60, rue Wiertz / Wiertzstraat 60; B-1047 Bruxelles/Brussel' ) ;
insert into adreu values ( 'qrowohl', 'European Parliament; Bât. Louise Weiss; T12023; Allée du Printemps; BP 10024/F; F-67070 Strasbourg Cedex' ) ;
insert into fax values ( 'qrowohl', '+32 (0)2 284 9338' ) ;
insert into fax values ( 'qrowohl', '+33 (0)3 88 17 9338' ) ;
insert into http values ( 'qrowohl', 'http://www.cdu-csu-ep.de' ) ;
insert into adrna values ( 'qrowohl', 'Goschenstraße 80 D-31134 HILDESHEIM' ) ;

insert into pnom values ( 'hbreyer', 'Frau Hiltrud BREYER' ) ;
insert into euprt values ( 'hbreyer', 'VERD', 2 ) ;
insert into naprt values ( 'hbreyer', 'B90G' ) ;
insert into land values ( 'hbreyer', 'DE' ) ;
insert into komit values ( 'hbreyer', 'ENVI', 2 ) ;
insert into komit values ( 'hbreyer', 'ITRE', 1 ) ;
insert into komit values ( 'hbreyer', 'FEMM', 1 ) ;
insert into deleg values ( 'hbreyer', 'ASEAN', 2 ) ;
insert into adreu values ( 'hbreyer', 'European Parliament; Bât. Altiero Spinelli; 08G265; 60, rue Wiertz / Wiertzstraat 60; B-1047 Bruxelles/Brussel' ) ;
insert into adreu values ( 'hbreyer', 'European Parliament; Bât. Louise Weiss; T05093; Allée du Printemps; BP 10024/F; F-67070 Strasbourg Cedex' ) ;
insert into fax values ( 'hbreyer', '+32 (0)2 284 9287' ) ;
insert into fax values ( 'hbreyer', '+33 (0)3 88 17 9287' ) ;
insert into mail values ( 'hbreyer', 'hbreyer@europarl.eu.int' ) ;
insert into http values ( 'hbreyer', 'http://www.hiltrud-breyer.de' ) ;
insert into adrna values ( 'hbreyer', 'Europäisches Parlament Rue Wiertz ASP 8G265  B-1047 BRÜSSEL' ) ;

insert into pnom values ( 'lgroener', 'Frau Lissy GRÖNER' ) ;
insert into euprt values ( 'lgroener', 'PSE', 2 ) ;
insert into naprt values ( 'lgroener', 'SPD' ) ;
insert into land values ( 'lgroener', 'DE' ) ;
insert into komit values ( 'lgroener', 'CULT', 2 ) ;
insert into komit values ( 'lgroener', 'FEMM', 2 ) ;
insert into komit values ( 'lgroener', 'EMPL', 1 ) ;
insert into deleg values ( 'lgroener', 'RU', 2 ) ;
insert into adreu values ( 'lgroener', 'European Parliament; Bât. Altiero Spinelli; 12G218; 60, rue Wiertz / Wiertzstraat 60; B-1047 Bruxelles/Brussel' ) ;
insert into adreu values ( 'lgroener', 'European Parliament; Bât. Louise Weiss; T07010; Allée du Printemps; BP 10024/F; F-67070 Strasbourg Cedex' ) ;
insert into fax values ( 'lgroener', '+32 (0)2 284 9412' ) ;
insert into fax values ( 'lgroener', '+33 (0)3 88 17 9412' ) ;
insert into mail values ( 'lgroener', 'lgroener@europarl.eu.int' ) ;
insert into adrna values ( 'lgroener', 'Parkstraße 15 D-91413 NEUSTADT/AISCH' ) ;

insert into pnom values ( 'kjunker', 'Frau Karin JUNKER' ) ;
insert into euprt values ( 'kjunker', 'PSE', 2 ) ;
insert into naprt values ( 'kjunker', 'SPD' ) ;
insert into land values ( 'kjunker', 'DE' ) ;
insert into komit values ( 'kjunker', 'DEVE', 2 ) ;
insert into komit values ( 'kjunker', 'CULT', 1 ) ;
insert into adreu values ( 'kjunker', 'European Parliament; Bât. Altiero Spinelli; 12G253; 60, rue Wiertz / Wiertzstraat 60; B-1047 Bruxelles/Brussel' ) ;
insert into adreu values ( 'kjunker', 'European Parliament; Bât. Louise Weiss; T07012; Allée du Printemps; BP 10024/F; F-67070 Strasbourg Cedex' ) ;
insert into fax values ( 'kjunker', '+32 (0)2 284 9429' ) ;
insert into fax values ( 'kjunker', '+33 (0)3 88 17 9429' ) ;
insert into mail values ( 'kjunker', 'kjunker@europarl.eu.int' ) ;
insert into adrna values ( 'kjunker', 'Europäisches Parlament Rue Wiertz ASP 12G253  B-1047 BRÜSSEL' ) ;

insert into pnom values ( 'kwiechert', 'Frau Hedwig KEPPELHOFF-WIECHERT' ) ;
insert into euprt values ( 'kwiechert', 'EUPP', 2 ) ;
insert into naprt values ( 'kwiechert', 'CDU' ) ;
insert into land values ( 'kwiechert', 'DE' ) ;
insert into komit values ( 'kwiechert', 'AGRI', 2 ) ;
insert into komit values ( 'kwiechert', 'ENVI', 1 ) ;
insert into adreu values ( 'kwiechert', 'European Parliament; Bât. Altiero Spinelli; 15E217; 60, rue Wiertz / Wiertzstraat 60; B-1047 Bruxelles/Brussel' ) ;
insert into adreu values ( 'kwiechert', 'European Parliament; Bât. Louise Weiss; T10045; Allée du Printemps; BP 10024/F; F-67070 Strasbourg Cedex' ) ;
insert into fax values ( 'kwiechert', '+32 (0)2 284 9315' ) ;
insert into fax values ( 'kwiechert', '+33 (0)3 88 17 9315' ) ;
insert into mail values ( 'kwiechert', 'h.keppelhoff@t-online.de' ) ;
insert into http values ( 'kwiechert', 'http://www.cdu-csu-ep.de' ) ;
insert into adrna values ( 'kwiechert', 'Bütenwall 81 D-46325 BORKEN' ) ;

insert into pnom values ( 'pnapoletano', 'Sig.Ra Pasqualina NAPOLETANO' ) ;
insert into euprt values ( 'pnapoletano', 'PSE', 8 ) ;
insert into naprt values ( 'pnapoletano', 'Democratici di Sinistra' ) ;
insert into land values ( 'pnapoletano', 'IT' ) ;
insert into komit values ( 'pnapoletano', 'AFET', 2 ) ;
insert into komit values ( 'pnapoletano', 'FEMM', 1 ) ;
insert into deleg values ( 'pnapoletano', 'Maghreb', 8 ) ;
insert into adreu values ( 'pnapoletano', 'European Parliament; Bât. Altiero Spinelli; 15G218; 60, rue Wiertz / Wiertzstraat 60; B-1047 Bruxelles/Brussel' ) ;
insert into adreu values ( 'pnapoletano', 'European Parliament; Bât. Louise Weiss; T06076; Allée du Printemps; BP 10024/F; F-67070 Strasbourg Cedex' ) ;
insert into fax values ( 'pnapoletano', '+32 (0)2 284 9130' ) ;
insert into fax values ( 'pnapoletano', '+33 (0)3 88 17 9130' ) ;
insert into adrna values ( 'pnapoletano', 'c/o Federazione romana DS Via del Circo Massimo, 7 I-00153 ROMA' ) ;

insert into pnom values ( 'usandbaek', 'Fru Ulla Margrethe SANDBÆK' ) ;
insert into euprt values ( 'usandbaek', 'DIV', 2 ) ;
insert into naprt values ( 'usandbaek', 'JuniBevægelsen' ) ;
insert into land values ( 'usandbaek', 'DK' ) ;
insert into komit values ( 'usandbaek', 'DEVE', 2 ) ;
insert into komit values ( 'usandbaek', 'EMPL', 1 ) ;
insert into komit values ( 'usandbaek', 'AFET', 1 ) ;
insert into komit values ( 'usandbaek', 'ENVI', 1 ) ;
insert into deleg values ( 'usandbaek', 'PLC', 2 ) ;
insert into adreu values ( 'usandbaek', 'European Parliament; Bât. Altiero Spinelli; 07H341; 60, rue Wiertz / Wiertzstraat 60; B-1047 Bruxelles/Brussel' ) ;
insert into adreu values ( 'usandbaek', 'European Parliament; Bât. Louise Weiss; T11067; Allée du Printemps; BP 10024/F; F-67070 Strasbourg Cedex' ) ;
insert into fax values ( 'usandbaek', '+32 (0)2 284 9169' ) ;
insert into fax values ( 'usandbaek', '+33 (0)3 88 17 9169' ) ;
insert into mail values ( 'usandbaek', 'usandbaek@europarl.eu.int' ) ;
insert into adrna values ( 'usandbaek', 'Europa-Parlamentet Rue Wiertz ASP  07H341  B-1047 BRUXELLES' ) ;

insert into pnom values ( 'cmuscardini', 'Sig.Ra Cristiana MUSCARDINI' ) ;
insert into euprt values ( 'cmuscardini', 'NEUU', 8 ) ;
insert into naprt values ( 'cmuscardini', 'Alleanza nazionale' ) ;
insert into land values ( 'cmuscardini', 'IT' ) ;
insert into komit values ( 'cmuscardini', 'AFET', 2 ) ;
insert into komit values ( 'cmuscardini', 'ENVI', 1 ) ;
insert into deleg values ( 'cmuscardini', 'CN', 2 ) ;
insert into adreu values ( 'cmuscardini', 'European Parliament; Bât. Altiero Spinelli; 07F243; 60, rue Wiertz / Wiertzstraat 60; B-1047 Bruxelles/Brussel' ) ;
insert into adreu values ( 'cmuscardini', 'European Parliament; Bât. Louise Weiss; T13053; Allée du Printemps; BP 10024/F; F-67070 Strasbourg Cedex' ) ;
insert into fax values ( 'cmuscardini', '+32 (0)2 284 9277' ) ;
insert into fax values ( 'cmuscardini', '+33 (0)3 88 17 9277' ) ;
insert into adrna values ( 'cmuscardini', 'Via P. Sottocorno, 5 I-20129 MILANO' ) ;

insert into pnom values ( 'gnapolitano', 'On. Giorgio NAPOLITANO' ) ;
insert into euprt values ( 'gnapolitano', 'PSE', 2 ) ;
insert into naprt values ( 'gnapolitano', 'Democratici di Sinistra' ) ;
insert into land values ( 'gnapolitano', 'IT' ) ;
insert into komit values ( 'gnapolitano', 'AFCO', 9 ) ;
insert into komit values ( 'gnapolitano', 'ECON', 1 ) ;
insert into deleg values ( 'gnapolitano', 'IL', 2 ) ;
insert into adreu values ( 'gnapolitano', 'European Parliament; Bât. Altiero Spinelli; 15G205; 60, rue Wiertz / Wiertzstraat 60; B-1047 Bruxelles/Brussel' ) ;
insert into adreu values ( 'gnapolitano', 'European Parliament; Bât. Louise Weiss; T06078; Allée du Printemps; BP 10024/F; F-67070 Strasbourg Cedex' ) ;
insert into fax values ( 'gnapolitano', '+32 (0)2 284 9102' ) ;
insert into fax values ( 'gnapolitano', '+33 (0)3 88 17 9102' ) ;
insert into adrna values ( 'gnapolitano', 'Camera dei Deputati Piazza Montecitorio I-00186 ROMA' ) ;

insert into pnom values ( 'rimbeni', 'On. Renzo IMBENI' ) ;
insert into euprt values ( 'rimbeni', 'PSE', 5 ) ;
insert into naprt values ( 'rimbeni', 'Democratici di Sinistra' ) ;
insert into land values ( 'rimbeni', 'IT' ) ;
insert into komit values ( 'rimbeni', 'CULT', 2 ) ;
insert into komit values ( 'rimbeni', 'CONT', 1 ) ;
insert into deleg values ( 'rimbeni', 'US', 2 ) ;
insert into adreu values ( 'rimbeni', 'European Parliament; Bât. Altiero Spinelli; 15G102; 60, rue Wiertz / Wiertzstraat 60; B-1047 Bruxelles/Brussel' ) ;
insert into adreu values ( 'rimbeni', 'European Parliament; Bât. Louise Weiss; T12063; Allée du Printemps; BP 10024/F; F-67070 Strasbourg Cedex' ) ;
insert into fax values ( 'rimbeni', '+32 (0)2 284 9127' ) ;
insert into fax values ( 'rimbeni', '+33 (0)3 88 17 9127' ) ;
insert into mail values ( 'rimbeni', 'rimbeni@europarl.eu.int' ) ;
insert into mail values ( 'rimbeni', 'imbeni@bologna.pds.it' ) ;
insert into adrna values ( 'rimbeni', 'Via della Beverara, 6 I-40131 BOLOGNA' ) ;

insert into pnom values ( 'jgawronski', 'On. Jas GAWRONSKI' ) ;
insert into euprt values ( 'jgawronski', 'EUPP', 2 ) ;
insert into naprt values ( 'jgawronski', 'Forza Italia' ) ;
insert into land values ( 'jgawronski', 'IT' ) ;
insert into komit values ( 'jgawronski', 'AFET', 2 ) ;
insert into komit values ( 'jgawronski', 'CULT', 1 ) ;
insert into deleg values ( 'jgawronski', 'US', 2 ) ;
insert into adreu values ( 'jgawronski', 'European Parliament; Bât. Altiero Spinelli; 09E158; 60, rue Wiertz / Wiertzstraat 60; B-1047 Bruxelles/Brussel' ) ;
insert into adreu values ( 'jgawronski', 'European Parliament; Bât. Louise Weiss; T10065; Allée du Printemps; BP 10024/F; F-67070 Strasbourg Cedex' ) ;
insert into fax values ( 'jgawronski', '+32 (0)2 284 9292' ) ;
insert into fax values ( 'jgawronski', '+33 (0)3 88 17 9292' ) ;
insert into mail values ( 'jgawronski', 'jgawronski@europarl.eu.int' ) ;
insert into adrna values ( 'jgawronski', 'Largo Fontanella Borghese, 19 I-00186 ROMA' ) ;

insert into pnom values ( 'roomen', 'Mevr. Ria G.H.C. OOMEN-RUIJTEN' ) ;
insert into euprt values ( 'roomen', 'EUPP', 2 ) ;
insert into naprt values ( 'roomen', 'Christen Democratisch Appèl' ) ;
insert into land values ( 'roomen', 'NL' ) ;
insert into komit values ( 'roomen', 'ENVI', 2 ) ;
insert into komit values ( 'roomen', 'EMPL', 1 ) ;
insert into komit values ( 'roomen', 'FEMM', 1 ) ;
insert into deleg values ( 'roomen', 'ZA', 8 ) ;
insert into adreu values ( 'roomen', 'European Parliament; Bât. Altiero Spinelli; 12E103; 60, rue Wiertz / Wiertzstraat 60; B-1047 Bruxelles/Brussel' ) ;
insert into adreu values ( 'roomen', 'European Parliament; Bât. Louise Weiss; T09049; Allée du Printemps; BP 10024/F; F-67070 Strasbourg Cedex' ) ;
insert into fax values ( 'roomen', '+32 (0)2 284 9863' ) ;
insert into fax values ( 'roomen', '+33 (0)3 88 17 9863' ) ;
insert into mail values ( 'roomen', 'roomen@europarl.eu.int' ) ;
insert into http values ( 'roomen', 'http://www.oomen-euro.org' ) ;
insert into adrna values ( 'roomen', 'Julianalaan 55 NL-6051 AS MAASBRACHT' ) ;

insert into pnom values ( 'kpeijs', 'Mevr. Karla M.H. PEIJS' ) ;
insert into euprt values ( 'kpeijs', 'EUPP', 2 ) ;
insert into naprt values ( 'kpeijs', 'Christen Democratisch Appèl' ) ;
insert into land values ( 'kpeijs', 'NL' ) ;
insert into komit values ( 'kpeijs', 'RETT', 2 ) ;
insert into komit values ( 'kpeijs', 'ECON', 1 ) ;
insert into deleg values ( 'kpeijs', 'US', 2 ) ;
insert into adreu values ( 'kpeijs', 'European Parliament; Bât. Altiero Spinelli; 12E154; 60, rue Wiertz / Wiertzstraat 60; B-1047 Bruxelles/Brussel' ) ;
insert into adreu values ( 'kpeijs', 'European Parliament; Bât. Louise Weiss; T09051; Allée du Printemps; BP 10024/F; F-67070 Strasbourg Cedex' ) ;
insert into fax values ( 'kpeijs', '+32 (0)2 284 9861' ) ;
insert into fax values ( 'kpeijs', '+33 (0)3 88 17 9861' ) ;
insert into mail values ( 'kpeijs', 'kpeijs@europarl.eu.int' ) ;
insert into adrna values ( 'kpeijs', 'Dorpsstraat 66 NL-3451 BL VLEUTEN-DEMEERN' ) ;

insert into pnom values ( 'sainardi', 'Mme Sylviane H. AINARDI' ) ;
insert into euprt values ( 'sainardi', 'LEFT', 5 ) ;
insert into naprt values ( 'sainardi', 'PCF' ) ;
insert into land values ( 'sainardi', 'FR' ) ;
insert into komit values ( 'sainardi', 'EMPL', 2 ) ;
insert into komit values ( 'sainardi', 'RETT', 2 ) ;
insert into deleg values ( 'sainardi', 'ZA', 2 ) ;
insert into adreu values ( 'sainardi', 'European Parliament; Bât. Altiero Spinelli; 09G115; 60, rue Wiertz / Wiertzstraat 60; B-1047 Bruxelles/Brussel' ) ;
insert into adreu values ( 'sainardi', 'European Parliament; Bât. Louise Weiss; TO5023; Allée du Printemps; BP 10024/F; F-67070 Strasbourg Cedex' ) ;
insert into fax values ( 'sainardi', '+32 (0)2 284 9122' ) ;
insert into fax values ( 'sainardi', '+33 (0)3 88 17 9122' ) ;
insert into mail values ( 'sainardi', 'sainardi@europarl.eu.int' ) ;
insert into http values ( 'sainardi', 'http://www.bouge-leurope.org' ) ;
insert into adrna values ( 'sainardi', '64, boulevard Auguste Blanqui F-75013 PARIS' ) ;

insert into pnom values ( 'bgollnisch', 'M. Bruno GOLLNISCH' ) ;
insert into euprt values ( 'bgollnisch', 'NON', 2 ) ;
insert into naprt values ( 'bgollnisch', 'Front national' ) ;
insert into land values ( 'bgollnisch', 'FR' ) ;
insert into komit values ( 'bgollnisch', 'RETT', 2 ) ;
insert into komit values ( 'bgollnisch', 'AFCO', 1 ) ;
insert into deleg values ( 'bgollnisch', 'JP', 2 ) ;
insert into adreu values ( 'bgollnisch', 'European Parliament; Bât. Altiero Spinelli; 08F158; 60, rue Wiertz / Wiertzstraat 60; B-1047 Bruxelles/Brussel' ) ;
insert into adreu values ( 'bgollnisch', 'European Parliament; Bât. Louise Weiss; T10054; Allée du Printemps; BP 10024/F; F-67070 Strasbourg Cedex' ) ;
insert into fax values ( 'bgollnisch', '+32 (0)2 284 9265' ) ;
insert into fax values ( 'bgollnisch', '+33 (0)3 88 17 9265' ) ;
insert into mail values ( 'bgollnisch', 'fn@erra.globalintranet.francetelecom.fr' ) ;
insert into adrna values ( 'bgollnisch', 'Conseil Régional Rhônes-Alpes B.P. 19 78, route de Paris  F-69260 CHARBONNIERES-LES-BAINS' ) ;

insert into pnom values ( 'pherzog', 'M. Philippe A.R. HERZOG' ) ;
insert into euprt values ( 'pherzog', 'LEFT', 2 ) ;
insert into naprt values ( 'pherzog', 'sans étiquette' ) ;
insert into land values ( 'pherzog', 'FR' ) ;
insert into komit values ( 'pherzog', 'ECON', 8 ) ;
insert into komit values ( 'pherzog', 'ITRE', 1 ) ;
insert into deleg values ( 'pherzog', 'US', 2 ) ;
insert into adreu values ( 'pherzog', 'European Parliament; Bât. Altiero Spinelli; 09G103; 60, rue Wiertz / Wiertzstraat 60; B-1047 Bruxelles/Brussel' ) ;
insert into adreu values ( 'pherzog', 'European Parliament; Bât. Louise Weiss; T05143; Allée du Printemps; BP 10024/F; F-67070 Strasbourg Cedex' ) ;
insert into fax values ( 'pherzog', '+33 (0)3 88 17 9123' ) ;
insert into fax values ( 'pherzog', '<TR><TD colspan="2"><HR></TD></TR>' ) ;
insert into mail values ( 'pherzog', 'pherzog@europarl.eu.int' ) ;
insert into http values ( 'pherzog', 'http://www.confrontations.org' ) ;
insert into adrna values ( 'pherzog', 'Association Confrontations 41, rue Emile Zola F-93100 MONTREUIL' ) ;

insert into pnom values ( 'gcaudron', 'M. Gérard CAUDRON' ) ;
insert into euprt values ( 'gcaudron', 'LEFT', 5 ) ;
insert into naprt values ( 'gcaudron', 'Socialiste Indépendant' ) ;
insert into land values ( 'gcaudron', 'FR' ) ;
insert into komit values ( 'gcaudron', 'ITRE', 2 ) ;
insert into komit values ( 'gcaudron', 'AFET', 1 ) ;
insert into deleg values ( 'gcaudron', 'PL', 2 ) ;
insert into adreu values ( 'gcaudron', 'European Parliament; Bât. Altiero Spinelli; 14G217; 60, rue Wiertz / Wiertzstraat 60; B-1047 Bruxelles/Brussel' ) ;
insert into adreu values ( 'gcaudron', 'European Parliament; Bât. Louise Weiss; T08131; Allée du Printemps; BP 10024/F; F-67070 Strasbourg Cedex' ) ;
insert into fax values ( 'gcaudron', '+32 (0)2 284 9781' ) ;
insert into fax values ( 'gcaudron', '+33 (0)3 88 17 9781' ) ;
insert into mail values ( 'gcaudron', 'gcaudron@nordnet.fr' ) ;
insert into http values ( 'gcaudron', 'http://rassemblementcitoyen.org' ) ;
insert into adrna values ( 'gcaudron', 'Maison du Citoyen d\'Europe 1, chaussée de l\'Hôtel de Ville F-59650 VILLENEUVE D\'ASCQ' ) ;

insert into pnom values ( 'rbehrendt', 'Frau Dagmar ROTH-BEHRENDT' ) ;
insert into euprt values ( 'rbehrendt', 'PSE', 2 ) ;
insert into naprt values ( 'rbehrendt', 'SPD' ) ;
insert into land values ( 'rbehrendt', 'DE' ) ;
insert into komit values ( 'rbehrendt', 'ENVI', 2 ) ;
insert into komit values ( 'rbehrendt', 'JURI', 1 ) ;
insert into deleg values ( 'rbehrendt', 'AuNz', 8 ) ;
insert into adreu values ( 'rbehrendt', 'European Parliament; Bât. Altiero Spinelli; 12G318; 60, rue Wiertz / Wiertzstraat 60; B-1047 Bruxelles/Brussel' ) ;
insert into adreu values ( 'rbehrendt', 'European Parliament; Bât. Louise Weiss; T07031; Allée du Printemps; BP 10024/F; F-67070 Strasbourg Cedex' ) ;
insert into fax values ( 'rbehrendt', '+32 (0)2 284 9453' ) ;
insert into fax values ( 'rbehrendt', '+33 (0)3 88 17 9453' ) ;
insert into adrna values ( 'rbehrendt', 'Europabüro Müllerstraße 163 D-13353 BERLIN' ) ;

insert into pnom values ( 'cflesch', 'Mme Colette FLESCH' ) ;
insert into euprt values ( 'cflesch', 'ELDR', 5 ) ;
insert into naprt values ( 'cflesch', 'Parti démocratique' ) ;
insert into land values ( 'cflesch', 'LU' ) ;
insert into komit values ( 'cflesch', 'DEVE', 2 ) ;
insert into komit values ( 'cflesch', 'ITRE', 2 ) ;
insert into komit values ( 'cflesch', 'BUDG', 1 ) ;
insert into deleg values ( 'cflesch', 'MT', 1 ) ;
insert into adreu values ( 'cflesch', 'European Parliament; Bât. Altiero Spinelli; 10G158; 60, rue Wiertz / Wiertzstraat 60; B-1047 Bruxelles/Brussel' ) ;
insert into adreu values ( 'cflesch', 'European Parliament; Bât. Louise Weiss; T11005; Allée du Printemps; BP 10024/F; F-67070 Strasbourg Cedex' ) ;
insert into fax values ( 'cflesch', '+32 (0)2 284 9620' ) ;
insert into fax values ( 'cflesch', '+33 (0)3 88 17 9620' ) ;
insert into adrna values ( 'cflesch', 'Parlement européen Rue Wiertz ASP 10G158  B-1047 BRUXELLES' ) ;

insert into pnom values ( 'alulling', 'Mme Astrid LULLING' ) ;
insert into euprt values ( 'alulling', 'EUPP', 2 ) ;
insert into naprt values ( 'alulling', 'Parti chrétien social' ) ;
insert into land values ( 'alulling', 'LU' ) ;
insert into komit values ( 'alulling', 'ECON', 2 ) ;
insert into komit values ( 'alulling', 'FEMM', 2 ) ;
insert into komit values ( 'alulling', 'AGRI', 1 ) ;
insert into adreu values ( 'alulling', 'European Parliament; Bât. Altiero Spinelli; 13E103; 60, rue Wiertz / Wiertzstraat 60; B-1047 Bruxelles/Brussel' ) ;
insert into adreu values ( 'alulling', 'European Parliament; Bât. Louise Weiss; T09091; Allée du Printemps; BP 10024/F; F-67070 Strasbourg Cedex' ) ;
insert into fax values ( 'alulling', '+32 (0)2 284 9386' ) ;
insert into fax values ( 'alulling', '+33 (0)3 88 17 9386' ) ;
insert into mail values ( 'alulling', 'alulling@europarl.eu.int' ) ;
insert into http values ( 'alulling', 'http://www.astridlulling.surf.to' ) ;
insert into adrna values ( 'alulling', 'Parlement européen Rue Wiertz ASP 13E101  B-1047 BRUXELLES' ) ;

insert into pnom values ( 'dtheato', 'Frau Diemut R. THEATO' ) ;
insert into euprt values ( 'dtheato', 'EUPP', 5 ) ;
insert into naprt values ( 'dtheato', 'CDU' ) ;
insert into land values ( 'dtheato', 'DE' ) ;
insert into komit values ( 'dtheato', 'CONT', 9 ) ;
insert into komit values ( 'dtheato', 'BUDG', 1 ) ;
insert into deleg values ( 'dtheato', 'RO', 2 ) ;
insert into adreu values ( 'dtheato', 'European Parliament; Bât. Altiero Spinelli; 10E206; 60, rue Wiertz / Wiertzstraat 60; B-1047 Bruxelles/Brussel' ) ;
insert into adreu values ( 'dtheato', 'European Parliament; Bât. Louise Weiss; T06029; Allée du Printemps; BP 10024/F; F-67070 Strasbourg Cedex' ) ;
insert into fax values ( 'dtheato', '+32 (0)2 284 9929' ) ;
insert into fax values ( 'dtheato', '+33 (0)3 88 17 9929' ) ;
insert into mail values ( 'dtheato', 'dtheato@europarl.eu.int' ) ;
insert into http values ( 'dtheato', 'http://www.cdu-csu-ep.de' ) ;
insert into adrna values ( 'dtheato', 'Wiesenweg 21 D-69151 NECKARGEMÜND' ) ;

insert into pnom values ( 'mizquierdo', 'Sra. María IZQUIERDO ROJO' ) ;
insert into euprt values ( 'mizquierdo', 'PSE', 2 ) ;
insert into naprt values ( 'mizquierdo', 'PSOE' ) ;
insert into land values ( 'mizquierdo', 'ES' ) ;
insert into komit values ( 'mizquierdo', 'AGRI', 2 ) ;
insert into komit values ( 'mizquierdo', 'FEMM', 1 ) ;
insert into deleg values ( 'mizquierdo', 'MT', 2 ) ;
insert into adreu values ( 'mizquierdo', 'European Parliament; Bât. Altiero Spinelli; 11G265; 60, rue Wiertz / Wiertzstraat 60; B-1047 Bruxelles/Brussel' ) ;
insert into adreu values ( 'mizquierdo', 'European Parliament; Bât. Louise Weiss; T07135; Allée du Printemps; BP 10024/F; F-67070 Strasbourg Cedex' ) ;
insert into fax values ( 'mizquierdo', '+32 (0)2 284 9893' ) ;
insert into fax values ( 'mizquierdo', '+33 (0)3 88 17 9893' ) ;
insert into mail values ( 'mizquierdo', 'mizquierdo@europarl.eu.int' ) ;
insert into http values ( 'mizquierdo', 'http://www.psoe-pe.org' ) ;
insert into adrna values ( 'mizquierdo', 'Parlamento Europeo Rue Wiertz ASP 11G265  B-1047 BRUSELAS' ) ;

insert into pnom values ( 'dpack', 'Frau Doris PACK' ) ;
insert into euprt values ( 'dpack', 'EUPP', 5 ) ;
insert into naprt values ( 'dpack', 'CDU' ) ;
insert into land values ( 'dpack', 'DE' ) ;
insert into komit values ( 'dpack', 'CULT', 2 ) ;
insert into komit values ( 'dpack', 'AFET', 1 ) ;
insert into deleg values ( 'dpack', 'SI', 1 ) ;
insert into deleg values ( 'dpack', 'Balkan', 9 ) ;
insert into adreu values ( 'dpack', 'European Parliament; Bât. Altiero Spinelli; 10E102; 60, rue Wiertz / Wiertzstraat 60; B-1047 Bruxelles/Brussel' ) ;
insert into adreu values ( 'dpack', 'European Parliament; Bât. Louise Weiss; T10047; Allée du Printemps; BP 10024/F; F-67070 Strasbourg Cedex' ) ;
insert into fax values ( 'dpack', '+32 (0)2 284 9310' ) ;
insert into fax values ( 'dpack', '+33 (0)3 88 17 9310' ) ;
insert into mail values ( 'dpack', 'dpack@europarl.eu.int' ) ;
insert into mail values ( 'dpack', 'dorispack@aol.com' ) ;
insert into http values ( 'dpack', 'http://www.cdu-csu-ep.de' ) ;
insert into adrna values ( 'dpack', 'Bei der weiß Eich 1 D-66129 SAARBRÜCKEN' ) ;

insert into pnom values ( 'crandzio', 'Frau Christa RANDZIO-PLATH' ) ;
insert into euprt values ( 'crandzio', 'PSE', 2 ) ;
insert into naprt values ( 'crandzio', 'SPD' ) ;
insert into land values ( 'crandzio', 'DE' ) ;
insert into komit values ( 'crandzio', 'ECON', 9 ) ;
insert into komit values ( 'crandzio', 'ITRE', 1 ) ;
insert into komit values ( 'crandzio', 'FEMM', 1 ) ;
insert into deleg values ( 'crandzio', 'ASEAN', 2 ) ;
insert into adreu values ( 'crandzio', 'European Parliament; Bât. Altiero Spinelli; 12G306; 60, rue Wiertz / Wiertzstraat 60; B-1047 Bruxelles/Brussel' ) ;
insert into adreu values ( 'crandzio', 'European Parliament; Bât. Louise Weiss; T07011; Allée du Printemps; BP 10024/F; F-67070 Strasbourg Cedex' ) ;
insert into fax values ( 'crandzio', '+32 (0)2 284 9443' ) ;
insert into fax values ( 'crandzio', '+33 (0)3 88 17 9443' ) ;
insert into mail values ( 'crandzio', 'crandzio@europarl.eu.int' ) ;
insert into mail values ( 'crandzio', 'c.randzio-plath.mdep@t-online.de' ) ;
insert into http values ( 'crandzio', 'http://www.Randzio-Plath.de' ) ;
insert into adrna values ( 'crandzio', 'Europa-Büro Kurt-Schumacher-Allee 11 D-20097 HAMBURG' ) ;

insert into pnom values ( 'tnordmann', 'M. Jean-Thomas NORDMANN' ) ;
insert into euprt values ( 'tnordmann', 'EUPP', 2 ) ;
insert into naprt values ( 'tnordmann', 'Union pour la démocratie française - Parti radical' ) ;
insert into land values ( 'tnordmann', 'FR' ) ;
insert into komit values ( 'tnordmann', 'BUDG', 2 ) ;
insert into komit values ( 'tnordmann', 'AFCO', 1 ) ;
insert into adreu values ( 'tnordmann', 'European Parliament; Bât. Altiero Spinelli; 13E246; 60, rue Wiertz / Wiertzstraat 60; B-1047 Bruxelles/Brussel' ) ;
insert into adreu values ( 'tnordmann', 'European Parliament; Bât. Louise Weiss; T08031; Allée du Printemps; BP 10024/F; F-67070 Strasbourg Cedex' ) ;
insert into fax values ( 'tnordmann', '+32 (0)2 284 9634' ) ;
insert into fax values ( 'tnordmann', '+33 (0)3 88 17 9634' ) ;
insert into adrna values ( 'tnordmann', '8, rue des Mignottes F-75019 PARIS' ) ;

insert into pnom values ( 'uschleicher', 'Frau Ursula SCHLEICHER' ) ;
insert into euprt values ( 'uschleicher', 'EUPP', 5 ) ;
insert into naprt values ( 'uschleicher', 'CSU' ) ;
insert into land values ( 'uschleicher', 'DE' ) ;
insert into komit values ( 'uschleicher', 'AFCO', 8 ) ;
insert into komit values ( 'uschleicher', 'ENVI', 1 ) ;
insert into deleg values ( 'uschleicher', 'AmGeAz', 9 ) ;
insert into adreu values ( 'uschleicher', 'European Parliament; Bât. Altiero Spinelli; 15E206; 60, rue Wiertz / Wiertzstraat 60; B-1047 Bruxelles/Brussel' ) ;
insert into adreu values ( 'uschleicher', 'European Parliament; Bât. Louise Weiss; T10023; Allée du Printemps; BP 10024/F; F-67070 Strasbourg Cedex' ) ;
insert into fax values ( 'uschleicher', '+32 (0)2 284 9305' ) ;
insert into fax values ( 'uschleicher', '+33 (0)3 88 17 9305' ) ;
insert into mail values ( 'uschleicher', 'uschleicher@europarl.eu.int' ) ;
insert into http values ( 'uschleicher', 'http://www.cdu-csu-ep.de' ) ;
insert into adrna values ( 'uschleicher', 'Europäisches Parlament Rue Wiertz ASP 15E206  B-1047 BRÜSSEL' ) ;

insert into pnom values ( 'alamassoure', 'M. Alain LAMASSOURE' ) ;
insert into euprt values ( 'alamassoure', 'EUPP', 2 ) ;
insert into naprt values ( 'alamassoure', 'Union pour la démocratie française' ) ;
insert into land values ( 'alamassoure', 'FR' ) ;
insert into komit values ( 'alamassoure', 'AFET', 2 ) ;
insert into komit values ( 'alamassoure', 'AFCO', 1 ) ;
insert into deleg values ( 'alamassoure', 'Balkan', 2 ) ;
insert into adreu values ( 'alamassoure', 'European Parliament; Bât. Altiero Spinelli; 13E158; 60, rue Wiertz / Wiertzstraat 60; B-1047 Bruxelles/Brussel' ) ;
insert into adreu values ( 'alamassoure', 'European Parliament; Bât. Louise Weiss; T08023; Allée du Printemps; BP 10024/F; F-67070 Strasbourg Cedex' ) ;
insert into fax values ( 'alamassoure', '+32 (0)2 284 9706' ) ;
insert into fax values ( 'alamassoure', '+33 (0)3 88 17 9706' ) ;
insert into http values ( 'alamassoure', 'http://www.alainlamassoure.com' ) ;
insert into adrna values ( 'alamassoure', 'Parlement européen Rue Wiertz ASP 13E158  B-1047 BRUXELLES' ) ;

insert into pnom values ( 'inglewood', 'The Lord  INGLEWOOD') ;
insert into euprt values ( 'inglewood', 'EUPP', 2 ) ;
insert into naprt values ( 'inglewood', 'Conservative and Unionist Party' ) ;
insert into land values ( 'inglewood', 'UK' ) ;
insert into komit values ( 'inglewood', 'AFCO', 2 ) ;
insert into komit values ( 'inglewood', 'JURI', 2 ) ;
insert into deleg values ( 'inglewood', 'CN', 8 ) ;
insert into adreu values ( 'inglewood', 'European Parliament; Bât. Altiero Spinelli; 14E253; 60, rue Wiertz / Wiertzstraat 60; B-1047 Bruxelles/Brussel' ) ;
insert into adreu values ( 'inglewood', 'European Parliament; Bât. Louise Weiss; T08053; Allée du Printemps; BP 10024/F; F-67070 Strasbourg Cedex' ) ;
insert into fax values ( 'inglewood', '+32 (0)2 284 9309' ) ;
insert into fax values ( 'inglewood', '+33 (0)3 88 17 9309' ) ;
insert into adrna values ( 'inglewood', 'Hutton-in-the-Forest PENRITH Cumbria CA11 9TH' ) ;

insert into pnom values ( 'jgilrobles', 'Sr. José María GIL-ROBLES GIL-DELGADO' ) ;
insert into euprt values ( 'jgilrobles', 'EUPP', 5 ) ;
insert into naprt values ( 'jgilrobles', 'Partido Popular' ) ;
insert into land values ( 'jgilrobles', 'ES' ) ;
insert into komit values ( 'jgilrobles', 'AFCO', 2 ) ;
insert into komit values ( 'jgilrobles', 'JURI', 2 ) ;
insert into deleg values ( 'jgilrobles', 'BG', 9 ) ;
insert into adreu values ( 'jgilrobles', 'European Parliament; Bât. Paul-Henri Spaak; 08B043; 60, rue Wiertz / Wiertzstraat 60; B-1047 Bruxelles/Brussel' ) ;
insert into adreu values ( 'jgilrobles', 'European Parliament; Bât. Louise Weiss; T12028; Allée du Printemps; BP 10024/F; F-67070 Strasbourg Cedex' ) ;
insert into fax values ( 'jgilrobles', '+32 (0)2 284 9757' ) ;
insert into fax values ( 'jgilrobles', '+33 (0)3 88 17 9757' ) ;
insert into mail values ( 'jgilrobles', 'jgilrobles@europarl.eu.int' ) ;
insert into adrna values ( 'jgilrobles', 'Parlamento Europeo Rue Wiertz PHS 08B043  B-1047 BRUSELAS' ) ;

insert into pnom values ( 'wgoerlach', 'Herr Willi GÖRLACH' ) ;
insert into euprt values ( 'wgoerlach', 'PSE', 2 ) ;
insert into naprt values ( 'wgoerlach', 'SPD' ) ;
insert into land values ( 'wgoerlach', 'DE' ) ;
insert into komit values ( 'wgoerlach', 'AGRI', 2 ) ;
insert into komit values ( 'wgoerlach', 'PECH', 1 ) ;
insert into komit values ( 'wgoerlach', 'AFET', 1 ) ;
insert into deleg values ( 'wgoerlach', 'CA', 8 ) ;
insert into adreu values ( 'wgoerlach', 'European Parliament; Bât. Altiero Spinelli; 12G209; 60, rue Wiertz / Wiertzstraat 60; B-1047 Bruxelles/Brussel' ) ;
insert into adreu values ( 'wgoerlach', 'European Parliament; Bât. Louise Weiss; T06011; Allée du Printemps; BP 10024/F; F-67070 Strasbourg Cedex' ) ;
insert into fax values ( 'wgoerlach', '+32 (0)2 284 9174' ) ;
insert into fax values ( 'wgoerlach', '+33 (0)3 88 17 9174' ) ;
insert into mail values ( 'wgoerlach', 'europabuero.hessen-sued@spd.de' ) ;
insert into mail values ( 'wgoerlach', 'wgoerlach@europarl.eu.int' ) ;
insert into adrna values ( 'wgoerlach', 'Oberpforte 2 D-35510 BUTZBACH' ) ;

insert into pnom values ( 'kwogau', 'Herr Karl von WOGAU' ) ;
insert into euprt values ( 'kwogau', 'EUPP', 2 ) ;
insert into naprt values ( 'kwogau', 'CDU' ) ;
insert into land values ( 'kwogau', 'DE' ) ;
insert into komit values ( 'kwogau', 'AFET', 2 ) ;
insert into komit values ( 'kwogau', 'AFCO', 1 ) ;
insert into deleg values ( 'kwogau', 'Mashreq', 2 ) ;
insert into deleg values ( 'kwogau', 'NATO', 2 ) ;
insert into adreu values ( 'kwogau', 'European Parliament; Bât. Altiero Spinelli; 10E107; 60, rue Wiertz / Wiertzstraat 60; B-1047 Bruxelles/Brussel' ) ;
insert into adreu values ( 'kwogau', 'European Parliament; Bât. Louise Weiss; T10049; Allée du Printemps; BP 10024/F; F-67070 Strasbourg Cedex' ) ;
insert into fax values ( 'kwogau', '+32 (0)2 284 9301' ) ;
insert into fax values ( 'kwogau', '+33 (0)3 88 17 9301' ) ;
insert into mail values ( 'kwogau', 'kwogau@europarl.eu.int' ) ;
insert into http values ( 'kwogau', 'http://www.cdu-csu-ep.de' ) ;
insert into adrna values ( 'kwogau', 'Kaiser-Joseph-Str. 284 D-79098 FREIBURG' ) ;

insert into pnom values ( 'mhoff', 'Frau Magdalene HOFF' ) ;
insert into euprt values ( 'mhoff', 'PSE', 2 ) ;
insert into naprt values ( 'mhoff', 'SPD' ) ;
insert into land values ( 'mhoff', 'DE' ) ;
insert into komit values ( 'mhoff', 'AFET', 2 ) ;
insert into komit values ( 'mhoff', 'CULT', 1 ) ;
insert into deleg values ( 'mhoff', 'LT', 1 ) ;
insert into deleg values ( 'mhoff', 'US', 2 ) ;
insert into adreu values ( 'mhoff', 'European Parliament; Bât. Altiero Spinelli; 12G354; 60, rue Wiertz / Wiertzstraat 60; B-1047 Bruxelles/Brussel' ) ;
insert into adreu values ( 'mhoff', 'European Parliament; Bât. Louise Weiss; T07153; Allée du Printemps; BP 10024/F; F-67070 Strasbourg Cedex' ) ;
insert into fax values ( 'mhoff', '+32 (0)2 284 9464' ) ;
insert into fax values ( 'mhoff', '+33 (0)3 88 17 9464' ) ;
insert into adrna values ( 'mhoff', 'Riegestraße 8-10 D-58091 HAGEN' ) ;

insert into pnom values ( 'mrothe', 'Frau Mechtild ROTHE' ) ;
insert into euprt values ( 'mrothe', 'PSE', 5 ) ;
insert into naprt values ( 'mrothe', 'SPD' ) ;
insert into land values ( 'mrothe', 'DE' ) ;
insert into komit values ( 'mrothe', 'ITRE', 2 ) ;
insert into komit values ( 'mrothe', 'AFET', 1 ) ;
insert into deleg values ( 'mrothe', 'CY', 9 ) ;
insert into deleg values ( 'mrothe', 'TR', 1 ) ;
insert into adreu values ( 'mrothe', 'European Parliament; Bât. Altiero Spinelli; 12G204; 60, rue Wiertz / Wiertzstraat 60; B-1047 Bruxelles/Brussel' ) ;
insert into adreu values ( 'mrothe', 'European Parliament; Bât. Louise Weiss; T07005; Allée du Printemps; BP 10024/F; F-67070 Strasbourg Cedex' ) ;
insert into fax values ( 'mrothe', '+32 (0)2 284 9414' ) ;
insert into fax values ( 'mrothe', '+33 (0)3 88 17 9414' ) ;
insert into adrna values ( 'mrothe', 'Europabüro Kirchplatz 3 D-33175 BAD LIPPSPRINGE' ) ;

insert into pnom values ( 'gschmid', 'Herr Gerhard SCHMID' ) ;
insert into euprt values ( 'gschmid', 'PSE', 5 ) ;
insert into naprt values ( 'gschmid', 'SPD' ) ;
insert into land values ( 'gschmid', 'DE' ) ;
insert into komit values ( 'gschmid', 'LIBE', 2 ) ;
insert into komit values ( 'gschmid', 'BUDG', 1 ) ;
insert into deleg values ( 'gschmid', 'CZ', 2 ) ;
insert into adreu values ( 'gschmid', 'European Parliament; Bât. Altiero Spinelli; 12G130; 60, rue Wiertz / Wiertzstraat 60; B-1047 Bruxelles/Brussel' ) ;
insert into adreu values ( 'gschmid', 'European Parliament; Bât. Louise Weiss; T12087; Allée du Printemps; BP 10024/F; F-67070 Strasbourg Cedex' ) ;
insert into fax values ( 'gschmid', '+32 (0)2 284 9411' ) ;
insert into fax values ( 'gschmid', '+33 (0)3 88 17 9411' ) ;
insert into adrna values ( 'gschmid', 'Richard Wagner Straße 4 D-93055 REGENSBURG' ) ;

insert into pnom values ( 'wrothley', 'Herr Willi ROTHLEY' ) ;
insert into euprt values ( 'wrothley', 'PSE', 2 ) ;
insert into naprt values ( 'wrothley', 'SPD' ) ;
insert into land values ( 'wrothley', 'DE' ) ;
insert into komit values ( 'wrothley', 'JURI', 8 ) ;
insert into komit values ( 'wrothley', 'AFCO', 1 ) ;
insert into adreu values ( 'wrothley', 'European Parliament; Bât. Altiero Spinelli; 12G257; 60, rue Wiertz / Wiertzstraat 60; B-1047 Bruxelles/Brussel' ) ;
insert into adreu values ( 'wrothley', 'European Parliament; Bât. Louise Weiss; T07088; Allée du Printemps; BP 10024/F; F-67070 Strasbourg Cedex' ) ;
insert into fax values ( 'wrothley', '+32 (0)2 284 9415' ) ;
insert into fax values ( 'wrothley', '+33 (0)3 88 17 9415' ) ;
insert into adrna values ( 'wrothley', 'Europa-Büro Ringstraße 2a D-67806 ROCKENHAUSEN' ) ;

insert into pnom values ( 'jsakellariou', 'Herr Jannis SAKELLARIOU' ) ;
insert into euprt values ( 'jsakellariou', 'PSE', 2 ) ;
insert into naprt values ( 'jsakellariou', 'SPD' ) ;
insert into land values ( 'jsakellariou', 'DE' ) ;
insert into komit values ( 'jsakellariou', 'AFET', 2 ) ;
insert into komit values ( 'jsakellariou', 'BUDG', 1 ) ;
insert into deleg values ( 'jsakellariou', 'Mashreq', 2 ) ;
insert into deleg values ( 'jsakellariou', 'CAMx', 2 ) ;
insert into adreu values ( 'jsakellariou', 'European Parliament; Bât. Altiero Spinelli; 12G254; 60, rue Wiertz / Wiertzstraat 60; B-1047 Bruxelles/Brussel' ) ;
insert into adreu values ( 'jsakellariou', 'European Parliament; Bât. Louise Weiss; T07004; Allée du Printemps; BP 10024/F; F-67070 Strasbourg Cedex' ) ;
insert into fax values ( 'jsakellariou', '+32 (0)2 284 9432' ) ;
insert into fax values ( 'jsakellariou', '+33 (0)3 88 17 9432' ) ;
insert into mail values ( 'jsakellariou', 'jsakellariou@europarl.eu.int' ) ;
insert into adrna values ( 'jsakellariou', 'Europäisches Parlament Rue Wiertz ASP 12G254  B-1047 BRÜSSEL' ) ;

insert into pnom values ( 'hpoettering', 'Herr Hans-Gert POETTERING' ) ;
insert into euprt values ( 'hpoettering', 'EUPP', 9 ) ;
insert into naprt values ( 'hpoettering', 'CDU' ) ;
insert into land values ( 'hpoettering', 'DE' ) ;
insert into komit values ( 'hpoettering', 'AFET', 1 ) ;
insert into deleg values ( 'hpoettering', 'ASEAN', 2 ) ;
insert into adreu values ( 'hpoettering', 'European Parliament; Bât. Altiero Spinelli; 05F155; 60, rue Wiertz / Wiertzstraat 60; B-1047 Bruxelles/Brussel' ) ;
insert into adreu values ( 'hpoettering', 'European Parliament; Bât. Louise Weiss; T06044; Allée du Printemps; BP 10024/F; F-67070 Strasbourg Cedex' ) ;
insert into fax values ( 'hpoettering', '+32 (0)2 284 9769' ) ;
insert into fax values ( 'hpoettering', '+33 (0)3 88 17 9769' ) ;
insert into mail values ( 'hpoettering', 'hpoettering@europarl.eu.int' ) ;
insert into http values ( 'hpoettering', 'http://www.cdu-csu-ep.de' ) ;
insert into adrna values ( 'hpoettering', 'Europäisches Parlament Rue Wiertz ASP 15F155  B-1047 BRÜSSEL' ) ;

insert into pnom values ( 'rlinkohr', 'Herr Rolf LINKOHR' ) ;
insert into euprt values ( 'rlinkohr', 'PSE', 2 ) ;
insert into naprt values ( 'rlinkohr', 'SPD' ) ;
insert into land values ( 'rlinkohr', 'DE' ) ;
insert into komit values ( 'rlinkohr', 'ITRE', 2 ) ;
insert into komit values ( 'rlinkohr', 'ENVI', 1 ) ;
insert into deleg values ( 'rlinkohr', 'MERCOSUR', 9 ) ;
insert into adreu values ( 'rlinkohr', 'European Parliament; Bât. Altiero Spinelli; 11G165; 60, rue Wiertz / Wiertzstraat 60; B-1047 Bruxelles/Brussel' ) ;
insert into adreu values ( 'rlinkohr', 'European Parliament; Bât. Louise Weiss; T07151; Allée du Printemps; BP 10024/F; F-67070 Strasbourg Cedex' ) ;
insert into fax values ( 'rlinkohr', '+32 (0)2 284 9452' ) ;
insert into fax values ( 'rlinkohr', '+33 (0)3 88 17 9452' ) ;
insert into mail values ( 'rlinkohr', 'rlinkohr@europarl.eu.int' ) ;
insert into http values ( 'rlinkohr', 'http://www.linkohr.de' ) ;
insert into adrna values ( 'rlinkohr', 'Wilhelmsplatz 10 D-70182 STUTTGART' ) ;

insert into pnom values ( 'ebrok', 'Herr Elmar BROK' ) ;
insert into euprt values ( 'ebrok', 'EUPP', 5 ) ;
insert into naprt values ( 'ebrok', 'CDU' ) ;
insert into land values ( 'ebrok', 'DE' ) ;
insert into komit values ( 'ebrok', 'AFET', 9 ) ;
insert into komit values ( 'ebrok', 'AFCO', 1 ) ;
insert into deleg values ( 'ebrok', 'US', 2 ) ;
insert into adreu values ( 'ebrok', 'European Parliament; Bât. Altiero Spinelli; 10E130; 60, rue Wiertz / Wiertzstraat 60; B-1047 Bruxelles/Brussel' ) ;
insert into adreu values ( 'ebrok', 'European Parliament; Bât. Louise Weiss; T06063; Allée du Printemps; BP 10024/F; F-67070 Strasbourg Cedex' ) ;
insert into fax values ( 'ebrok', '+32 (0)2 284 9323' ) ;
insert into fax values ( 'ebrok', '+33 (0)3 88 17 9323' ) ;
insert into mail values ( 'ebrok', 'ebrok@europarl.eu.int' ) ;
insert into mail values ( 'ebrok', 'ebrok@t-online.de' ) ;
insert into http values ( 'ebrok', 'http://www.cdu-csu-ep.de' ) ;

insert into pnom values ( 'ifriedrich', 'Herr Ingo FRIEDRICH' ) ;
insert into euprt values ( 'ifriedrich', 'EUPP', 5 ) ;
insert into naprt values ( 'ifriedrich', 'CSU' ) ;
insert into land values ( 'ifriedrich', 'DE' ) ;
insert into komit values ( 'ifriedrich', 'ECON', 2 ) ;
insert into deleg values ( 'ifriedrich', 'HU', 2 ) ;
insert into adreu values ( 'ifriedrich', 'European Parliament; Bât. Altiero Spinelli; 15E102; 60, rue Wiertz / Wiertzstraat 60; B-1047 Bruxelles/Brussel' ) ;
insert into adreu values ( 'ifriedrich', 'European Parliament; Bât. Louise Weiss; T12037; Allée du Printemps; BP 10024/F; F-67070 Strasbourg Cedex' ) ;
insert into fax values ( 'ifriedrich', '+32 (0)2 284 9324' ) ;
insert into fax values ( 'ifriedrich', '+33 (0)3 88 17 9324' ) ;
insert into mail values ( 'ifriedrich', 'ifriedrich@europarl.eu.int' ) ;
insert into http values ( 'ifriedrich', 'http://www.cdu-csu-ep.de' ) ;
insert into adrna values ( 'ifriedrich', 'Albert-Schweitzer-Straße 61 D-91710 GUNZENHAUSEN' ) ;

insert into pnom values ( 'khaensch', 'Herr Klaus HÄNSCH' ) ;
insert into euprt values ( 'khaensch', 'PSE', 2 ) ;
insert into naprt values ( 'khaensch', 'SPD' ) ;
insert into land values ( 'khaensch', 'DE' ) ;
insert into komit values ( 'khaensch', 'AFET', 2 ) ;
insert into komit values ( 'khaensch', 'AFCO', 1 ) ;
insert into adreu values ( 'khaensch', 'European Parliament; Bât. Paul-Henri Spaak; 06A033; 60, rue Wiertz / Wiertzstraat 60; B-1047 Bruxelles/Brussel' ) ;
insert into adreu values ( 'khaensch', 'European Parliament; Bât. Louise Weiss; T12018; Allée du Printemps; BP 10024/F; F-67070 Strasbourg Cedex' ) ;
insert into fax values ( 'khaensch', '+32 (0)2 284 9467' ) ;
insert into fax values ( 'khaensch', '+33 (0)3 88 17 9467' ) ;
insert into mail values ( 'khaensch', 'khaensch@europarl.eu.int' ) ;
insert into mail values ( 'khaensch', 'klaus.haensch@spd.de' ) ;
insert into http values ( 'khaensch', 'http://www.klaus-haensch.de' ) ;
insert into adrna values ( 'khaensch', 'Europa-Abgeordnetenbüro Kavalleriestraße 16/II D-40213 DÜSSELDORF' ) ;

insert into pnom values ( 'crovsing', 'Hr. Christian Foldberg ROVSING' ) ;
insert into euprt values ( 'crovsing', 'EUPP', 5 ) ;
insert into naprt values ( 'crovsing', 'Det Konservative Folkeparti' ) ;
insert into land values ( 'crovsing', 'DK' ) ;
insert into komit values ( 'crovsing', 'ITRE', 2 ) ;
insert into komit values ( 'crovsing', 'ECON', 1 ) ;
insert into deleg values ( 'crovsing', 'JP', 2 ) ;
insert into adreu values ( 'crovsing', 'European Parliament; Bât. Altiero Spinelli; 08E259; 60, rue Wiertz / Wiertzstraat 60; B-1047 Bruxelles/Brussel' ) ;
insert into adreu values ( 'crovsing', 'European Parliament; Bât. Louise Weiss; T09058; Allée du Printemps; BP 10024/F; F-67070 Strasbourg Cedex' ) ;
insert into fax values ( 'crovsing', '+32 (0)2 284 9243' ) ;
insert into fax values ( 'crovsing', '+33 (0)3 88 17 9243' ) ;
insert into mail values ( 'crovsing', 'crovsing@europarl.eu.int' ) ;
insert into http values ( 'crovsing', 'http://www.christianrovsing.dk' ) ;
insert into adrna values ( 'crovsing', 'Roskildevej 39 st. DK-2000 FREDERIKSBERG  V' ) ;

insert into pnom values ( 'fblak', 'Hr. Freddy BLAK' ) ;
insert into euprt values ( 'fblak', 'LEFT', 2 ) ;
insert into naprt values ( 'fblak', 'Socialdemokratiet' ) ;
insert into land values ( 'fblak', 'DK' ) ;
insert into komit values ( 'fblak', 'CONT', 8 ) ;
insert into komit values ( 'fblak', 'ITRE', 1 ) ;
insert into deleg values ( 'fblak', 'CA', 2 ) ;
insert into adreu values ( 'fblak', 'European Parliament; Bât. Altiero Spinelli; 12G351; 60, rue Wiertz / Wiertzstraat 60; B-1047 Bruxelles/Brussel' ) ;
insert into adreu values ( 'fblak', 'European Parliament; Bât. Louise Weiss; T07147; Allée du Printemps; BP 10024/F; F-67070 Strasbourg Cedex' ) ;
insert into fax values ( 'fblak', '+32 (0)2 284 9463' ) ;
insert into fax values ( 'fblak', '+33 (0)3 88 17 9463' ) ;
insert into mail values ( 'fblak', 'mep@freddyblak.dk' ) ;
insert into http values ( 'fblak', 'http://www.freddyblak.dk' ) ;
insert into adrna values ( 'fblak', 'Axeltorv 1A  DK-4700 NÆSTVED' ) ;

insert into pnom values ( 'pbonde', 'Hr. Jens-Peter BONDE' ) ;
insert into euprt values ( 'pbonde', 'DIV', 9 ) ;
insert into naprt values ( 'pbonde', 'JuniBevægelsen' ) ;
insert into land values ( 'pbonde', 'DK' ) ;
insert into komit values ( 'pbonde', 'AFCO', 2 ) ;
insert into deleg values ( 'pbonde', 'ChIsNo', 2 ) ;
insert into adreu values ( 'pbonde', 'European Parliament; Bât. Altiero Spinelli; 07H353; 60, rue Wiertz / Wiertzstraat 60; B-1047 Bruxelles/Brussel' ) ;
insert into adreu values ( 'pbonde', 'European Parliament; Bât. Louise Weiss; T06007; Allée du Printemps; BP 10024/F; F-67070 Strasbourg Cedex' ) ;
insert into fax values ( 'pbonde', '+32 (0)2 284 9167' ) ;
insert into fax values ( 'pbonde', '+33 (0)3 88 17 9167' ) ;
insert into mail values ( 'pbonde', 'jp@bonde.dk' ) ;
insert into adrna values ( 'pbonde', 'Skovbrynet 67 DK-2880 BAGSVÆRD' ) ;

insert into pnom values ( 'aoostlander', 'De Heer Arie M. OOSTLANDER' ) ;
insert into euprt values ( 'aoostlander', 'EUPP', 2 ) ;
insert into naprt values ( 'aoostlander', 'Christen Democratisch Appèl' ) ;
insert into land values ( 'aoostlander', 'NL' ) ;
insert into komit values ( 'aoostlander', 'AFET', 2 ) ;
insert into komit values ( 'aoostlander', 'LIBE', 1 ) ;
insert into deleg values ( 'aoostlander', 'Balkan', 2 ) ;
insert into adreu values ( 'aoostlander', 'European Parliament; Bât. Altiero Spinelli; 12E116; 60, rue Wiertz / Wiertzstraat 60; B-1047 Bruxelles/Brussel' ) ;
insert into adreu values ( 'aoostlander', 'European Parliament; Bât. Louise Weiss; T09055; Allée du Printemps; BP 10024/F; F-67070 Strasbourg Cedex' ) ;
insert into fax values ( 'aoostlander', '+32 (0)2 284 9862' ) ;
insert into fax values ( 'aoostlander', '+33 (0)3 88 17 9862' ) ;
insert into mail values ( 'aoostlander', 'aoostlander@europarl.eu.int' ) ;
insert into mail values ( 'aoostlander', 'oostlander@pi.net' ) ;
insert into http values ( 'aoostlander', 'http://www.oostlander.net' ) ;
insert into adrna values ( 'aoostlander', 'Europees Parlement Wiertzstraat ASP 12E116  B-1047 BRUSSEL' ) ;

insert into pnom values ( 'pcox', 'Mr Pat COX' ) ;
insert into euprt values ( 'pcox', 'ELDR', 5 ) ;
insert into naprt values ( 'pcox', 'Independent' ) ;
insert into land values ( 'pcox', 'IE' ) ;
insert into adreu values ( 'pcox', 'European Parliament; Bât. Paul-Henri Spaak; 11B011; 60, rue Wiertz / Wiertzstraat 60; B-1047 Bruxelles/Brussel' ) ;
insert into adreu values ( 'pcox', 'European Parliament; Bât. Louise Weiss; T15003; Allée du Printemps; BP 10024/F; F-67070 Strasbourg Cedex' ) ;
insert into fax values ( 'pcox', '+32 (0)2 284 9363' ) ;
insert into fax values ( 'pcox', '+33 (0)3 88 17 9363' ) ;
insert into mail values ( 'pcox', 'pcox@europarl.eu.int' ) ;
insert into mail values ( 'pcox', 'pcoxmep@eircom.net' ) ;
insert into http values ( 'pcox', 'http://www.patcox.ie' ) ;
insert into adrna values ( 'pcox', 'Crawford Hall Western Road' ) ;

insert into pnom values ( 'jcushnahan', 'Mr John Walls CUSHNAHAN' ) ;
insert into euprt values ( 'jcushnahan', 'EUPP', 2 ) ;
insert into naprt values ( 'jcushnahan', 'Fine Gael Party' ) ;
insert into land values ( 'jcushnahan', 'IE' ) ;
insert into komit values ( 'jcushnahan', 'AFET', 2 ) ;
insert into deleg values ( 'jcushnahan', 'SAARC', 2 ) ;
insert into adreu values ( 'jcushnahan', 'European Parliament; Bât. Altiero Spinelli; 08F343; 60, rue Wiertz / Wiertzstraat 60; B-1047 Bruxelles/Brussel' ) ;
insert into adreu values ( 'jcushnahan', 'European Parliament; Bât. Louise Weiss; T09071; Allée du Printemps; BP 10024/F; F-67070 Strasbourg Cedex' ) ;
insert into fax values ( 'jcushnahan', '+32 (0)2 284 9228' ) ;
insert into fax values ( 'jcushnahan', '+33 (0)3 88 17 9228' ) ;
insert into mail values ( 'jcushnahan', 'jcushnahan@europarl.eu.int' ) ;
insert into mail values ( 'jcushnahan', 'jcushnahan@tinet.ie' ) ;
insert into adrna values ( 'jcushnahan', 'Fine Gael Euro Office 31 Cecil Street' ) ;

insert into pnom values ( 'drossa', 'Mr Proinsias DE ROSSA' ) ;
insert into euprt values ( 'drossa', 'PSE', 8 ) ;
insert into naprt values ( 'drossa', 'Labour Party' ) ;
insert into land values ( 'drossa', 'IE' ) ;
insert into komit values ( 'drossa', 'PETI', 8 ) ;
insert into komit values ( 'drossa', 'EMPL', 2 ) ;
insert into komit values ( 'drossa', 'ENVI', 1 ) ;
insert into deleg values ( 'drossa', 'PLC', 2 ) ;
insert into adreu values ( 'drossa', 'European Parliament; Bât. Altiero Spinelli; 12G146; 60, rue Wiertz / Wiertzstraat 60; B-1047 Bruxelles/Brussel' ) ;
insert into adreu values ( 'drossa', 'European Parliament; Bât. Louise Weiss; T07071; Allée du Printemps; BP 10024/F; F-67070 Strasbourg Cedex' ) ;
insert into fax values ( 'drossa', '+32 (0)2 284 9681' ) ;
insert into fax values ( 'drossa', '+33 (0)3 88 17 9681' ) ;
insert into adrna values ( 'drossa', 'Kildare House Kildare Street DUBLIN 2' ) ;

insert into pnom values ( 'plannoye', 'M. Paul A.A.J.G. LANNOYE') ;
insert into euprt values ( 'plannoye', 'VERD', 2 ) ;
insert into naprt values ( 'plannoye', 'Ecolo' ) ;
insert into land values ( 'plannoye', 'BE' ) ;
insert into komit values ( 'plannoye', 'DEVE', 2 ) ;
insert into komit values ( 'plannoye', 'ENVI', 1 ) ;
insert into adreu values ( 'plannoye', 'European Parliament; Bât. Altiero Spinelli; 08G104; 60, rue Wiertz / Wiertzstraat 60; B-1047 Bruxelles/Brussel' ) ;
insert into adreu values ( 'plannoye', 'European Parliament; Bât. Louise Weiss; T05117; Allée du Printemps; BP 10024/F; F-67070 Strasbourg Cedex' ) ;
insert into fax values ( 'plannoye', '+32 (0)2 284 9695' ) ;
insert into fax values ( 'plannoye', '+33 (0)3 88 17 9695' ) ;
insert into adrna values ( 'plannoye', 'Parlement européen Rue Wiertz ASP 8G104  B-1047 BRUXELLES' ) ;

insert into pnom values ( 'twynn', 'Mr Terence WYNN' ) ;
insert into euprt values ( 'twynn', 'PSE', 2 ) ;
insert into naprt values ( 'twynn', 'Labour Party' ) ;
insert into land values ( 'twynn', 'UK' ) ;
insert into komit values ( 'twynn', 'BUDG', 9 ) ;
insert into komit values ( 'twynn', 'CONT', 1 ) ;
insert into deleg values ( 'twynn', 'AuNz', 2 ) ;
insert into adreu values ( 'twynn', 'European Parliament; Bât. Altiero Spinelli; 13G205; 60, rue Wiertz / Wiertzstraat 60; B-1047 Bruxelles/Brussel' ) ;
insert into adreu values ( 'twynn', 'European Parliament; Bât. Louise Weiss; T06015; Allée du Printemps; BP 10024/F; F-67070 Strasbourg Cedex' ) ;
insert into fax values ( 'twynn', '+32 (0)2 284 9510' ) ;
insert into fax values ( 'twynn', '+33 (0)3 88 17 9510' ) ;
insert into mail values ( 'twynn', 'twynn@europarl.eu.int' ) ;
insert into adrna values ( 'twynn', 'Lakeside Alexandra Park Prescot Road  ST HELENS WA10 3TT' ) ;

insert into pnom values ( 'dclercq', 'De Heer Willy C.E.H. DE CLERCQ' ) ;
insert into euprt values ( 'dclercq', 'ELDR', 2 ) ;
insert into naprt values ( 'dclercq', 'Vlaamse liberalen en democraten' ) ;
insert into land values ( 'dclercq', 'BE' ) ;
insert into komit values ( 'dclercq', 'ITRE', 2 ) ;
insert into komit values ( 'dclercq', 'JURI', 1 ) ;
insert into deleg values ( 'dclercq', 'CA', 9 ) ;
insert into adreu values ( 'dclercq', 'European Parliament; Bât. Altiero Spinelli; 11G154; 60, rue Wiertz / Wiertzstraat 60; B-1047 Bruxelles/Brussel' ) ;
insert into adreu values ( 'dclercq', 'European Parliament; Bât. Louise Weiss; T11153; Allée du Printemps; BP 10024/F; F-67070 Strasbourg Cedex' ) ;
insert into fax values ( 'dclercq', '+32 (0)2 284 9149' ) ;
insert into fax values ( 'dclercq', '+33 (0)3 88 17 9149' ) ;
insert into http values ( 'dclercq', 'http://www.willydeclercq.be' ) ;
insert into adrna values ( 'dclercq', 'Cyriel Buyssestraat 12 B-9000 GENT' ) ;

insert into pnom values ( 'kdillen', 'De Heer Karel C.C. DILLEN') ;
insert into euprt values ( 'kdillen', 'NON', 2 ) ;
insert into naprt values ( 'kdillen', 'Vlaams Blok' ) ;
insert into land values ( 'kdillen', 'BE' ) ;
insert into komit values ( 'kdillen', 'AFET', 2 ) ;
insert into komit values ( 'kdillen', 'CULT', 1 ) ;
insert into deleg values ( 'kdillen', 'EEA', 2 ) ;
insert into adreu values ( 'kdillen', 'European Parliament; Bât. Altiero Spinelli; 12E254; 60, rue Wiertz / Wiertzstraat 60; B-1047 Bruxelles/Brussel' ) ;
insert into adreu values ( 'kdillen', 'European Parliament; Bât. Louise Weiss; T06064; Allée du Printemps; BP 10024/F; F-67070 Strasbourg Cedex' ) ;
insert into fax values ( 'kdillen', '+32 (0)2 284 9282' ) ;
insert into fax values ( 'kdillen', '+33 (0)3 88 17 9282' ) ;
insert into adrna values ( 'kdillen', 'Colmastraat 3 B-2100 ANTWERPEN (DEURNE)' ) ;

insert into pnom values ( 'mread', 'Mrs Imelda Mary READ' ) ;
insert into euprt values ( 'mread', 'PSE', 2 ) ;
insert into naprt values ( 'mread', 'Labour Party' ) ;
insert into land values ( 'mread', 'UK' ) ;
insert into komit values ( 'mread', 'ITRE', 2 ) ;
insert into komit values ( 'mread', 'JURI', 1 ) ;
insert into deleg values ( 'mread', 'US', 2 ) ;
insert into adreu values ( 'mread', 'European Parliament; Bât. Altiero Spinelli; 13G210; 60, rue Wiertz / Wiertzstraat 60; B-1047 Bruxelles/Brussel' ) ;
insert into adreu values ( 'mread', 'European Parliament; Bât. Louise Weiss; T07032; Allée du Printemps; BP 10024/F; F-67070 Strasbourg Cedex' ) ;
insert into fax values ( 'mread', '+32 (0)2 284 9511' ) ;
insert into fax values ( 'mread', '+33 (0)3 88 17 9511' ) ;
insert into mail values ( 'mread', 'readm@labmeps-emids.fsnet.co.uk' ) ;
insert into http values ( 'mread', 'http://www.labmeps-emids.fsnet.co.uk' ) ;
insert into adrna values ( 'mread', 'Labour MEPs in the East Midlands 23 Barratt Lane Attenborough  NOTTINGHAM NG9 6AD' ) ;

insert into pnom values ( 'cferrer', 'Sra. Concepció FERRER' ) ;
insert into euprt values ( 'cferrer', 'EUPP', 5 ) ;
insert into naprt values ( 'cferrer', 'Unió Democràtica de Catalunya' ) ;
insert into land values ( 'cferrer', 'ES' ) ;
insert into komit values ( 'cferrer', 'ITRE', 2 ) ;
insert into komit values ( 'cferrer', 'DEVE', 1 ) ;
insert into adreu values ( 'cferrer', 'European Parliament; Bât. Altiero Spinelli; 13E116; 60, rue Wiertz / Wiertzstraat 60; B-1047 Bruxelles/Brussel' ) ;
insert into adreu values ( 'cferrer', 'European Parliament; Bât. Louise Weiss; T09007; Allée du Printemps; BP 10024/F; F-67070 Strasbourg Cedex' ) ;
insert into fax values ( 'cferrer', '+32 (0)2 284 9982' ) ;
insert into fax values ( 'cferrer', '+33 (0)3 88 17 9982' ) ;

insert into pnom values ( 'bsimpson', 'Mr Brian SIMPSON' ) ;
insert into euprt values ( 'bsimpson', 'PSE', 2 ) ;
insert into naprt values ( 'bsimpson', 'Labour Party' ) ;
insert into land values ( 'bsimpson', 'UK' ) ;
insert into komit values ( 'bsimpson', 'RETT', 2 ) ;
insert into komit values ( 'bsimpson', 'ENVI', 1 ) ;
insert into deleg values ( 'bsimpson', 'PL', 1 ) ;
insert into deleg values ( 'bsimpson', 'ChIsNo', 2 ) ;
insert into adreu values ( 'bsimpson', 'European Parliament; Bât. Altiero Spinelli; 13G209; 60, rue Wiertz / Wiertzstraat 60; B-1047 Bruxelles/Brussel' ) ;
insert into adreu values ( 'bsimpson', 'European Parliament; Bât. Louise Weiss; T07067; Allée du Printemps; BP 10024/F; F-67070 Strasbourg Cedex' ) ;
insert into fax values ( 'bsimpson', '+32 (0)2 284 9293' ) ;
insert into fax values ( 'bsimpson', '+33 (0)3 88 17 9293' ) ;
insert into mail values ( 'bsimpson', 'bsimpson@europarl.eu.int' ) ;
insert into mail values ( 'bsimpson', 'briansimpson@lab.u-net.com' ) ;
insert into adrna values ( 'bsimpson', 'Cheshire East European Office Gilbert Wakefield House 67 Bewsey Street  WARRINGTON WA2 7JQ' ) ;

insert into pnom values ( 'gtitley', 'Mr Gary TITLEY' ) ;
insert into euprt values ( 'gtitley', 'PSE', 2 ) ;
insert into naprt values ( 'gtitley', 'Labour Party' ) ;
insert into land values ( 'gtitley', 'UK' ) ;
insert into komit values ( 'gtitley', 'ITRE', 2 ) ;
insert into komit values ( 'gtitley', 'AFET', 1 ) ;
insert into deleg values ( 'gtitley', 'EEA', 2 ) ;
insert into deleg values ( 'gtitley', 'SI', 1 ) ;
insert into adreu values ( 'gtitley', 'European Parliament; Bât. Altiero Spinelli; 13G309; 60, rue Wiertz / Wiertzstraat 60; B-1047 Bruxelles/Brussel' ) ;
insert into adreu values ( 'gtitley', 'European Parliament; Bât. Louise Weiss; T07065; Allée du Printemps; BP 10024/F; F-67070 Strasbourg Cedex' ) ;
insert into fax values ( 'gtitley', '+32 (0)2 284 9212' ) ;
insert into fax values ( 'gtitley', '+33 (0)3 88 17 9212' ) ;
insert into mail values ( 'gtitley', 'gtitley@europarl.eu.int' ) ;
insert into adrna values ( 'gtitley', 'Euro Office 16 Spring Lane MANCHESTER  Radcliffe M26 2TQ' ) ;

insert into pnom values ( 'bduhrkop', 'Sra. Bárbara DÜHRKOP DÜHRKOP' ) ;
insert into euprt values ( 'bduhrkop', 'PSE', 2 ) ;
insert into naprt values ( 'bduhrkop', 'PSOE' ) ;
insert into land values ( 'bduhrkop', 'ES' ) ;
insert into komit values ( 'bduhrkop', 'BUDG', 2 ) ;
insert into deleg values ( 'bduhrkop', 'EEA', 2 ) ;
insert into deleg values ( 'bduhrkop', 'UA', 2 ) ;
insert into adreu values ( 'bduhrkop', 'European Parliament; Bât. Altiero Spinelli; 11G342; 60, rue Wiertz / Wiertzstraat 60; B-1047 Bruxelles/Brussel' ) ;
insert into adreu values ( 'bduhrkop', 'European Parliament; Bât. Louise Weiss; T07133; Allée du Printemps; BP 10024/F; F-67070 Strasbourg Cedex' ) ;
insert into fax values ( 'bduhrkop', '+32 (0)2 284 9478' ) ;
insert into fax values ( 'bduhrkop', '+33 (0)3 88 17 9478' ) ;
insert into mail values ( 'bduhrkop', 'bduhrkop@europarl.eu.int' ) ;
insert into http values ( 'bduhrkop', 'http://www.psoe-pe.org' ) ;
insert into adrna values ( 'bduhrkop', 'Parlamento Europeo Rue Wiertz ASP 11G342  B-1047 BRUSELAS' ) ;

insert into pnom values ( 'jnicholson', 'Mr James NICHOLSON' ) ;
insert into euprt values ( 'jnicholson', 'EUPP', 5 ) ;
insert into naprt values ( 'jnicholson', 'Ulster Unionist Party' ) ;
insert into land values ( 'jnicholson', 'UK' ) ;
insert into komit values ( 'jnicholson', 'RETT', 2 ) ;
insert into komit values ( 'jnicholson', 'AGRI', 1 ) ;
insert into komit values ( 'jnicholson', 'PECH', 1 ) ;
insert into deleg values ( 'jnicholson', 'US', 9 ) ;
insert into adreu values ( 'jnicholson', 'European Parliament; Bât. Altiero Spinelli; 09E205; 60, rue Wiertz / Wiertzstraat 60; B-1047 Bruxelles/Brussel' ) ;
insert into adreu values ( 'jnicholson', 'European Parliament; Bât. Louise Weiss; T09069; Allée du Printemps; BP 10024/F; F-67070 Strasbourg Cedex' ) ;
insert into fax values ( 'jnicholson', '+32 (0)2 284 9933' ) ;
insert into fax values ( 'jnicholson', '+33 (0)3 88 17 9933' ) ;
insert into adrna values ( 'jnicholson', 'European Parliament Rue Wiertz ASP 9E205  B-1047 BRUSSELS' ) ;

insert into pnom values ( 'rbowe', 'Mr David Robert BOWE' ) ;
insert into euprt values ( 'rbowe', 'PSE', 2 ) ;
insert into naprt values ( 'rbowe', 'Labour Party' ) ;
insert into land values ( 'rbowe', 'UK' ) ;
insert into komit values ( 'rbowe', 'ENVI', 2 ) ;
insert into komit values ( 'rbowe', 'ITRE', 1 ) ;
insert into deleg values ( 'rbowe', 'CN', 2 ) ;
insert into adreu values ( 'rbowe', 'European Parliament; Bât. Altiero Spinelli; 13G317; 60, rue Wiertz / Wiertzstraat 60; B-1047 Bruxelles/Brussel' ) ;
insert into adreu values ( 'rbowe', 'European Parliament; Bât. Louise Weiss; T07036; Allée du Printemps; BP 10024/F; F-67070 Strasbourg Cedex' ) ;
insert into fax values ( 'rbowe', '+32 (0)2 284 9290' ) ;
insert into fax values ( 'rbowe', '+33 (0)3 88 17 9290' ) ;
insert into adrna values ( 'rbowe', '2 Blenheim Terrace LEEDS LS2 9JG' ) ;

insert into pnom values ( 'rroyo', 'Sr. Fernando PÉREZ ROYO' ) ;
insert into euprt values ( 'rroyo', 'PSE', 2 ) ;
insert into naprt values ( 'rroyo', 'PSOE' ) ;
insert into land values ( 'rroyo', 'ES' ) ;
insert into komit values ( 'rroyo', 'ECON', 2 ) ;
insert into komit values ( 'rroyo', 'PECH', 1 ) ;
insert into komit values ( 'rroyo', 'ENVI', 1 ) ;
insert into deleg values ( 'rroyo', 'ZA', 2 ) ;
insert into adreu values ( 'rroyo', 'European Parliament; Bât. Altiero Spinelli; 11G217; 60, rue Wiertz / Wiertzstraat 60; B-1047 Bruxelles/Brussel' ) ;
insert into adreu values ( 'rroyo', 'European Parliament; Bât. Louise Weiss; T07074; Allée du Printemps; BP 10024/F; F-67070 Strasbourg Cedex' ) ;
insert into fax values ( 'rroyo', '+32 (0)2 284 9682' ) ;
insert into fax values ( 'rroyo', '+33 (0)3 88 17 9682' ) ;
insert into http values ( 'rroyo', 'http://www.psoe-pe.org' ) ;
insert into adrna values ( 'rroyo', 'Dos de Mayo, 38, 1° E-41001 SEVILLA' ) ;

insert into pnom values ( 'mortega', 'Sr. Manuel MEDINA ORTEGA' ) ;
insert into euprt values ( 'mortega', 'PSE', 2 ) ;
insert into naprt values ( 'mortega', 'Partido Socialista Obrero Español' ) ;
insert into land values ( 'mortega', 'ES' ) ;
insert into komit values ( 'mortega', 'JURI', 2 ) ;
insert into komit values ( 'mortega', 'LIBE', 1 ) ;
insert into deleg values ( 'mortega', 'MERCOSUR', 2 ) ;
insert into adreu values ( 'mortega', 'European Parliament; Bât. Altiero Spinelli; 11G351; 60, rue Wiertz / Wiertzstraat 60; B-1047 Bruxelles/Brussel' ) ;
insert into adreu values ( 'mortega', 'European Parliament; Bât. Louise Weiss; T07127; Allée du Printemps; BP 10024/F; F-67070 Strasbourg Cedex' ) ;
insert into fax values ( 'mortega', '+32 (0)2 284 9882' ) ;
insert into fax values ( 'mortega', '+33 (0)3 88 17 9882' ) ;
insert into http values ( 'mortega', 'http://www.psoe-pe.org' ) ;
insert into adrna values ( 'mortega', 'Parlamento Europeo Rue Wiertz ASP 11G351  B-1047 BRUSELAS' ) ;

insert into pnom values ( 'cagasolibaib', 'Sr. Carles-Alfred GASOLIBA i BÖHM') ;
insert into euprt values ( 'cagasolibaib', 'ELDR', 7 ) ;
insert into naprt values ( 'cagasolibaib', 'Convergència Democràtica Catalunya' ) ;
insert into land values ( 'cagasolibaib', 'ES' ) ;
insert into komit values ( 'cagasolibaib', 'ECON', 2 ) ;
insert into deleg values ( 'cagasolibaib', 'MERCOSUR', 2 ) ;
insert into adreu values ( 'cagasolibaib', 'European Parliament; Bât. Altiero Spinelli; 10G142; 60, rue Wiertz / Wiertzstraat 60; B-1047 Bruxelles/Brussel' ) ;
insert into adreu values ( 'cagasolibaib', 'European Parliament; Bât. Louise Weiss; T11028; Allée du Printemps; BP 10024/F; F-67070 Strasbourg Cedex' ) ;
insert into fax values ( 'cagasolibaib', '+32 (0)2 284  9368' ) ;
insert into fax values ( 'cagasolibaib', '+33 (0)3 88 17 9368' ) ;
insert into adrna values ( 'cagasolibaib', 'Córcega, 333 1° E-08037 BARCELONA' ) ;

insert into pnom values ( 'jcolom', 'Sr. Joan COLOM i NAVAL' ) ;
insert into euprt values ( 'jcolom', 'PSE', 5 ) ;
insert into naprt values ( 'jcolom', 'Partit dels Socialistes de Catalunya' ) ;
insert into land values ( 'jcolom', 'ES' ) ;
insert into komit values ( 'jcolom', 'BUDG', 2 ) ;
insert into komit values ( 'jcolom', 'ECON', 1 ) ;
insert into deleg values ( 'jcolom', 'CN', 2 ) ;
insert into adreu values ( 'jcolom', 'European Parliament; Bât. Altiero Spinelli; 11G102; 60, rue Wiertz / Wiertzstraat 60; B-1047 Bruxelles/Brussel' ) ;
insert into adreu values ( 'jcolom', 'European Parliament; Bât. Louise Weiss; T12071; Allée du Printemps; BP 10024/F; F-67070 Strasbourg Cedex' ) ;
insert into fax values ( 'jcolom', '+32 (0)2 284 9891' ) ;
insert into fax values ( 'jcolom', '+33 (0)3 88 17 9891' ) ;
insert into mail values ( 'jcolom', 'jcolom@europarl.eu.int' ) ;
insert into mail values ( 'jcolom', 'opepsc@readysoft.es' ) ;
insert into http values ( 'jcolom', 'http://www.catalunyaeuropa.org' ) ;
insert into adrna values ( 'jcolom', 'PSC-OPE Carrer Nicaragua, 75-77 E-08029 BARCELONA' ) ;

insert into pnom values ( 'ebaroncrespo', 'Sr. Enrique BARÓN CRESPO' ) ;
insert into euprt values ( 'ebaroncrespo', 'PSE', 9 ) ;
insert into naprt values ( 'ebaroncrespo', 'Partido Socialista Obrero Español' ) ;
insert into land values ( 'ebaroncrespo', 'ES' ) ;
insert into komit values ( 'ebaroncrespo', 'AFCO', 2 ) ;
insert into komit values ( 'ebaroncrespo', 'BUDG', 1 ) ;
insert into adreu values ( 'ebaroncrespo', 'European Parliament; Bât. Altiero Spinelli; 06H267; 60, rue Wiertz / Wiertzstraat 60; B-1047 Bruxelles/Brussel' ) ;
insert into adreu values ( 'ebaroncrespo', 'European Parliament; Bât. Louise Weiss; T06018; Allée du Printemps; BP 10024/F; F-67070 Strasbourg Cedex' ) ;
insert into fax values ( 'ebaroncrespo', '+32 (0)2 284 9490' ) ;
insert into fax values ( 'ebaroncrespo', '+33 (0)3 88 17 9490' ) ;
insert into mail values ( 'ebaroncrespo', 'ebaroncrespo@europarl.eu.int' ) ;
insert into http values ( 'ebaroncrespo', 'http://www.psoe-pe.org' ) ;
insert into adrna values ( 'ebaroncrespo', 'Parlamento Europeo Rue Wiertz ASP 6H 263  B-1047 BRUSELAS' ) ;

insert into pnom values ( 'jmiranda', 'Sr. Joaquim MIRANDA' ) ;
insert into euprt values ( 'jmiranda', 'LEFT', 2 ) ;
insert into naprt values ( 'jmiranda', 'Partido Comunista Português' ) ;
insert into land values ( 'jmiranda', 'PT' ) ;
insert into komit values ( 'jmiranda', 'DEVE', 9 ) ;
insert into komit values ( 'jmiranda', 'RETT', 1 ) ;
insert into adreu values ( 'jmiranda', 'European Parliament; Bât. Altiero Spinelli; 09G305; 60, rue Wiertz / Wiertzstraat 60; B-1047 Bruxelles/Brussel' ) ;
insert into adreu values ( 'jmiranda', 'European Parliament; Bât. Louise Weiss; T12046; Allée du Printemps; BP 10024/F; F-67070 Strasbourg Cedex' ) ;
insert into fax values ( 'jmiranda', '+32 (0)2 284 9963' ) ;
insert into fax values ( 'jmiranda', '+33 (0)3 88 17 9963' ) ;
insert into adrna values ( 'jmiranda', 'Quinta da Cruz da Pedra, 15 P-7300 PORTALEGRE' ) ;

insert into pnom values ( 'lmarinho', 'Sr. Luís MARINHO' ) ;
insert into euprt values ( 'lmarinho', 'PSE', 2 ) ;
insert into naprt values ( 'lmarinho', 'Partido Socialista' ) ;
insert into land values ( 'lmarinho', 'PT' ) ;
insert into komit values ( 'lmarinho', 'AFCO', 2 ) ;
insert into komit values ( 'lmarinho', 'LIBE', 1 ) ;
insert into deleg values ( 'lmarinho', 'MERCOSUR', 2 ) ;
insert into adreu values ( 'lmarinho', 'European Parliament; Bât. Altiero Spinelli; 13G130; 60, rue Wiertz / Wiertzstraat 60; B-1047 Bruxelles/Brussel' ) ;
insert into adreu values ( 'lmarinho', 'European Parliament; Bât. Louise Weiss; T08006; Allée du Printemps; BP 10024/F; F-67070 Strasbourg Cedex' ) ;
insert into fax values ( 'lmarinho', '+32 (0)2 284 9476' ) ;
insert into fax values ( 'lmarinho', '+33 (0)3 88 17 9476' ) ;
insert into mail values ( 'lmarinho', 'np62uj@mail.telepac.pt' ) ;
insert into mail values ( 'lmarinho', 'lmarinho@europarl.eu.int' ) ;
insert into adrna values ( 'lmarinho', 'Parlamento Europeu Rue Wiertz ASP 13G130  B-1047 BRUXELAS' ) ;

insert into pnom values ( 'cfjackson', 'Mrs Caroline F. JACKSON') ;
insert into euprt values ( 'cfjackson', 'EUPP', 5 ) ;
insert into naprt values ( 'cfjackson', 'Conservative and Unionist Party' ) ;
insert into land values ( 'cfjackson', 'UK' ) ;
insert into komit values ( 'cfjackson', 'ENVI', 9 ) ;
insert into komit values ( 'cfjackson', 'FEMM', 1 ) ;
insert into adreu values ( 'cfjackson', 'European Parliament; Bât. Altiero Spinelli; 14E205; 60, rue Wiertz / Wiertzstraat 60; B-1047 Bruxelles/Brussel' ) ;
insert into adreu values ( 'cfjackson', 'European Parliament; Bât. Louise Weiss; T06043; Allée du Printemps; BP 10024/F; F-67070 Strasbourg Cedex' ) ;
insert into fax values ( 'cfjackson', '+32 (0)2 284 9255' ) ;
insert into fax values ( 'cfjackson', '+33 (0)3 88 17 9255' ) ;
insert into adrna values ( 'cfjackson', 'Euro Office 14 Bath Road SWINDON SN1 4BA' ) ;

insert into pnom values ( 'wnewton', 'Mr Bill NEWTON DUNN' ) ;
insert into euprt values ( 'wnewton', 'ELDR', 2 ) ;
insert into naprt values ( 'wnewton', 'Liberal Democrat Party' ) ;
insert into land values ( 'wnewton', 'UK' ) ;
insert into komit values ( 'wnewton', 'LIBE', 2 ) ;
insert into komit values ( 'wnewton', 'ITRE', 1 ) ;
insert into deleg values ( 'wnewton', 'PLC', 2 ) ;
insert into deleg values ( 'wnewton', 'AmGeAz', 2 ) ;
insert into deleg values ( 'wnewton', 'RU', 2 ) ;
insert into adreu values ( 'wnewton', 'European Parliament; Bât. Altiero Spinelli; 09G346; 60, rue Wiertz / Wiertzstraat 60; B-1047 Bruxelles/Brussel' ) ;
insert into adreu values ( 'wnewton', 'European Parliament; Bât. Louise Weiss; T08061; Allée du Printemps; BP 10024/F; F-67070 Strasbourg Cedex' ) ;
insert into fax values ( 'wnewton', '+32 (0)2 284 9712' ) ;
insert into fax values ( 'wnewton', '+33 (0)3 88 17 9712' ) ;
insert into mail values ( 'wnewton', 'wnewton@europarl.eu.int' ) ;
insert into http values ( 'wnewton', 'http://www.newton-dunn.com' ) ;
insert into adrna values ( 'wnewton', '27 Sterndale Road LONDON W14 0HT' ) ;

insert into pnom values ( 'ipaisley', 'Mr Ian R.K. PAISLEY') ;
insert into euprt values ( 'ipaisley', 'NON', 2 ) ;
insert into naprt values ( 'ipaisley', 'Democratic Unionist Party (Northern Ireland)' ) ;
insert into land values ( 'ipaisley', 'UK' ) ;
insert into komit values ( 'ipaisley', 'DEVE', 2 ) ;
insert into komit values ( 'ipaisley', 'ECON', 1 ) ;
insert into deleg values ( 'ipaisley', 'EE', 2 ) ;
insert into adreu values ( 'ipaisley', 'European Parliament; Bât. Altiero Spinelli; 12G317; 60, rue Wiertz / Wiertzstraat 60; B-1047 Bruxelles/Brussel' ) ;
insert into adreu values ( 'ipaisley', 'European Parliament; Bât. Louise Weiss; T06032; Allée du Printemps; BP 10024/F; F-67070 Strasbourg Cedex' ) ;
insert into fax values ( 'ipaisley', '+32 (0)2 284 9194' ) ;
insert into fax values ( 'ipaisley', '+33 (0)3 88 17 9194' ) ;
insert into mail values ( 'ipaisley', 'ianrkpaisley@btinternet.com' ) ;
insert into adrna values ( 'ipaisley', 'The Parsonage 17 Cyprus Avenue BELFAST BT5 5NT' ) ;

insert into pnom values ( 'dwmartin', 'Mr David W. MARTIN') ;
insert into euprt values ( 'dwmartin', 'PSE', 5 ) ;
insert into naprt values ( 'dwmartin', 'Labour Party' ) ;
insert into land values ( 'dwmartin', 'UK' ) ;
insert into komit values ( 'dwmartin', 'ECON', 2 ) ;
insert into komit values ( 'dwmartin', 'AFCO', 1 ) ;
insert into deleg values ( 'dwmartin', 'CA', 2 ) ;
insert into adreu values ( 'dwmartin', 'European Parliament; Bât. Altiero Spinelli; 13G102; 60, rue Wiertz / Wiertzstraat 60; B-1047 Bruxelles/Brussel' ) ;
insert into adreu values ( 'dwmartin', 'European Parliament; Bât. Louise Weiss; T12089; Allée du Printemps; BP 10024/F; F-67070 Strasbourg Cedex' ) ;
insert into fax values ( 'dwmartin', '+32 (0)2 284 9539' ) ;
insert into fax values ( 'dwmartin', '+33 (0)3 88 17 9539' ) ;
insert into mail values ( 'dwmartin', 'martin@martinmep.com' ) ;
insert into adrna values ( 'dwmartin', 'P.O. Box 27030 EDINBURGH Scotland EH10 7YP' ) ;

insert into pnom values ( 'mscott', 'Mr Edward H.C. McMILLAN-SCOTT' ) ;
insert into euprt values ( 'mscott', 'EUPP', 2 ) ;
insert into naprt values ( 'mscott', 'Conservative and Unionist Party' ) ;
insert into land values ( 'mscott', 'UK' ) ;
insert into komit values ( 'mscott', 'BUDG', 2 ) ;
insert into komit values ( 'mscott', 'AFET', 1 ) ;
insert into deleg values ( 'mscott', 'PL', 2 ) ;
insert into deleg values ( 'mscott', 'EEA', 1 ) ;
insert into adreu values ( 'mscott', 'European Parliament; Bât. Altiero Spinelli; 08E115; 60, rue Wiertz / Wiertzstraat 60; B-1047 Bruxelles/Brussel' ) ;
insert into adreu values ( 'mscott', 'European Parliament; Bât. Louise Weiss; T08057; Allée du Printemps; BP 10024/F; F-67070 Strasbourg Cedex' ) ;
insert into fax values ( 'mscott', '+32 (0)2 284 9959' ) ;
insert into fax values ( 'mscott', '+33 (0)3 88 17 9959' ) ;
insert into adrna values ( 'mscott', '1 Ash Street Poppleton Road YORK YO26 4UR' ) ;

insert into pnom values ( 'shughes', 'Mr Stephen HUGHES' ) ;
insert into euprt values ( 'shughes', 'PSE', 2 ) ;
insert into naprt values ( 'shughes', 'Labour Party' ) ;
insert into land values ( 'shughes', 'UK' ) ;
insert into komit values ( 'shughes', 'EMPL', 2 ) ;
insert into komit values ( 'shughes', 'BUDG', 1 ) ;
insert into deleg values ( 'shughes', 'RU', 2 ) ;
insert into adreu values ( 'shughes', 'European Parliament; Bât. Altiero Spinelli; 13G253; 60, rue Wiertz / Wiertzstraat 60; B-1047 Bruxelles/Brussel' ) ;
insert into adreu values ( 'shughes', 'European Parliament; Bât. Louise Weiss; T07046; Allée du Printemps; BP 10024/F; F-67070 Strasbourg Cedex' ) ;
insert into fax values ( 'shughes', '+32 (0)2 284 9408' ) ;
insert into fax values ( 'shughes', '+33 (0)3 88 17 9408' ) ;
insert into http values ( 'shughes', 'http://www.daltonet.com/StephenHughesMEP/' ) ;
insert into adrna values ( 'shughes', 'Durham Euro Office 4/23 County Hall DURHAM DH1 5UR' ) ;

insert into pnom values ( 'jhume', 'Mr John HUME' ) ;
insert into euprt values ( 'jhume', 'PSE', 5 ) ;
insert into naprt values ( 'jhume', 'Social Democratic and Labour Party (Northern Ireland)' ) ;
insert into land values ( 'jhume', 'UK' ) ;
insert into komit values ( 'jhume', 'RETT', 2 ) ;
insert into komit values ( 'jhume', 'AGRI', 1 ) ;
insert into adreu values ( 'jhume', 'European Parliament; Bât. Altiero Spinelli; 12G116; 60, rue Wiertz / Wiertzstraat 60; B-1047 Bruxelles/Brussel' ) ;
insert into adreu values ( 'jhume', 'European Parliament; Bât. Louise Weiss; T07069; Allée du Printemps; BP 10024/F; F-67070 Strasbourg Cedex' ) ;
insert into fax values ( 'jhume', '+32 (0)2 284 9190' ) ;
insert into fax values ( 'jhume', '+33 (0)3 88 17 9190' ) ;
insert into adrna values ( 'jhume', '5 Bayview Terrace DERRY BT48 7EE' ) ;

insert into pnom values ( 'gford', 'Mr Glyn FORD' ) ;
insert into euprt values ( 'gford', 'PSE', 2 ) ;
insert into naprt values ( 'gford', 'Labour Party' ) ;
insert into land values ( 'gford', 'UK' ) ;
insert into komit values ( 'gford', 'AFET', 2 ) ;
insert into komit values ( 'gford', 'PETI', 2 ) ;
insert into komit values ( 'gford', 'ITRE', 1 ) ;
insert into deleg values ( 'gford', 'JP', 2 ) ;
insert into adreu values ( 'gford', 'European Parliament; Bât. Altiero Spinelli; 13G169; 60, rue Wiertz / Wiertzstraat 60; B-1047 Bruxelles/Brussel' ) ;
insert into adreu values ( 'gford', 'European Parliament; Bât. Louise Weiss; T07048; Allée du Printemps; BP 10024/F; F-67070 Strasbourg Cedex' ) ;
insert into fax values ( 'gford', '+32 (0)2 284 9518' ) ;
insert into fax values ( 'gford', '+33 (0)3 88 17 9518' ) ;
insert into mail values ( 'gford', 'penny_richardson@new.labour.org.uk' ) ;
insert into http values ( 'gford', 'http://www.glynford.com' ) ;
insert into adrna values ( 'gford', '1 Newfoundland Court Newfoundland Street BRISTOL BS2 9AP' ) ;

insert into pnom values ( 'jelles', 'Mr James E.M. ELLES' ) ;
insert into euprt values ( 'jelles', 'EUPP', 8 ) ;
insert into naprt values ( 'jelles', 'Conservative and Unionist Party' ) ;
insert into land values ( 'jelles', 'UK' ) ;
insert into komit values ( 'jelles', 'BUDG', 2 ) ;
insert into komit values ( 'jelles', 'CONT', 1 ) ;
insert into komit values ( 'jelles', 'AFET', 1 ) ;
insert into deleg values ( 'jelles', 'CY', 2 ) ;
insert into adreu values ( 'jelles', 'European Parliament; Bât. Altiero Spinelli; 14E153; 60, rue Wiertz / Wiertzstraat 60; B-1047 Bruxelles/Brussel' ) ;
insert into adreu values ( 'jelles', 'European Parliament; Bât. Louise Weiss; T08049; Allée du Printemps; BP 10024/F; F-67070 Strasbourg Cedex' ) ;
insert into fax values ( 'jelles', '+32 (0)2 284 9951' ) ;
insert into fax values ( 'jelles', '+33 (0)3 88 17 9951' ) ;
insert into mail values ( 'jelles', 'jelles@europarl.eu.int' ) ;
insert into adrna values ( 'jelles', 'European Parliament Rue Wiertz ASP 14E153  B-1047 BRUSSELS' ) ;

insert into pnom values ( 'bethell', 'The Lord  BETHELL') ;
insert into euprt values ( 'bethell', 'EUPP', 2 ) ;
insert into naprt values ( 'bethell', 'Conservative and Unionist Party' ) ;
insert into land values ( 'bethell', 'UK' ) ;
insert into komit values ( 'bethell', 'LIBE', 2 ) ;
insert into komit values ( 'bethell', 'AFET', 1 ) ;
insert into deleg values ( 'bethell', 'PL', 1 ) ;
insert into deleg values ( 'bethell', 'RU', 8 ) ;
insert into adreu values ( 'bethell', 'European Parliament; Bât. Altiero Spinelli; 14E107; 60, rue Wiertz / Wiertzstraat 60; B-1047 Bruxelles/Brussel' ) ;
insert into adreu values ( 'bethell', 'European Parliament; Bât. Louise Weiss; T08041; Allée du Printemps; BP 10024/F; F-67070 Strasbourg Cedex' ) ;
insert into fax values ( 'bethell', '+32 (0)2 284 9962' ) ;
insert into fax values ( 'bethell', '+32 (0)2 284 9962' ) ;
insert into adrna values ( 'bethell', 'Manor Farm  BRILL Bucks HP18 9SL' ) ;

insert into pnom values ( 'jmaij', 'Mevr. Hanja MAIJ-WEGGEN' ) ;
insert into euprt values ( 'jmaij', 'EUPP', 5 ) ;
insert into naprt values ( 'jmaij', 'Christen Democratisch Appèl' ) ;
insert into land values ( 'jmaij', 'NL' ) ;
insert into komit values ( 'jmaij', 'AFCO', 2 ) ;
insert into komit values ( 'jmaij', 'AFET', 1 ) ;
insert into komit values ( 'jmaij', 'FEMM', 1 ) ;
insert into deleg values ( 'jmaij', 'TR', 1 ) ;
insert into adreu values ( 'jmaij', 'European Parliament; Bât. Altiero Spinelli; 12E142; 60, rue Wiertz / Wiertzstraat 60; B-1047 Bruxelles/Brussel' ) ;
insert into adreu values ( 'jmaij', 'European Parliament; Bât. Louise Weiss; T09059; Allée du Printemps; BP 10024/F; F-67070 Strasbourg Cedex' ) ;
insert into fax values ( 'jmaij', '+32 (0)2 284 9867' ) ;
insert into fax values ( 'jmaij', '+33 (0)3 88 17 9867' ) ;
insert into mail values ( 'jmaij', 'jmaij@europarl.eu.int' ) ;
insert into adrna values ( 'jmaij', 'Aquariuslaan 53 NL-5632 BB EINDHOVEN' ) ;

insert into pnom values ( 'ebanotti', 'Mrs Mary Elizabeth BANOTTI' ) ;
insert into euprt values ( 'ebanotti', 'EUPP', 5 ) ;
insert into naprt values ( 'ebanotti', 'Fine Gael Party' ) ;
insert into land values ( 'ebanotti', 'IE' ) ;
insert into komit values ( 'ebanotti', 'LIBE', 2 ) ;
insert into komit values ( 'ebanotti', 'EMPL', 1 ) ;
insert into komit values ( 'ebanotti', 'PETI', 1 ) ;
insert into komit values ( 'ebanotti', 'FEMM', 1 ) ;
insert into deleg values ( 'ebanotti', 'RO', 1 ) ;
insert into deleg values ( 'ebanotti', 'JP', 8 ) ;
insert into adreu values ( 'ebanotti', 'European Parliament; Bât. Paul-Henri Spaak; 08B080; 60, rue Wiertz / Wiertzstraat 60; B-1047 Bruxelles/Brussel' ) ;
insert into adreu values ( 'ebanotti', 'European Parliament; Bât. Louise Weiss; T12021; Allée du Printemps; BP 10024/F; F-67070 Strasbourg Cedex' ) ;
insert into fax values ( 'ebanotti', '+32 (0)2 284 9225' ) ;
insert into fax values ( 'ebanotti', '+33 (0)3 88 17 9225' ) ;
insert into adrna values ( 'ebanotti', 'c/o European Parliament 43 Molesworth Street DUBLIN 2' ) ;

insert into pnom values ( 'gadam', 'Mr Gordon J. ADAM' ) ;
insert into euprt values ( 'gadam', 'PSE', 2 ) ;
insert into naprt values ( 'gadam', 'Labour Party' ) ;
insert into land values ( 'gadam', 'UK' ) ;
insert into komit values ( 'gadam', 'AGRI', 2 ) ;
insert into komit values ( 'gadam', 'PECH', 1 ) ;
insert into komit values ( 'gadam', 'ITRE', 1 ) ;
insert into deleg values ( 'gadam', 'LT', 9 ) ;
insert into deleg values ( 'gadam', 'UA', 2 ) ;
insert into adreu values ( 'gadam', 'European Parliament; Bât. Altiero Spinelli; 13G305; 60, rue Wiertz / Wiertzstraat 60; B-1047 Bruxelles/Brussel' ) ;
insert into adreu values ( 'gadam', 'European Parliament; Bât. Louise Weiss; T07042; Allée du Printemps; BP 10024/F; F-67070 Strasbourg Cedex' ) ;
insert into fax values ( 'gadam', '+32 (0)2 284 9202' ) ;
insert into fax values ( 'gadam', '+33 (0)3 88 17 9202' ) ;
insert into mail values ( 'gadam', 'gadam@europarl.eu.int' ) ;
insert into mail values ( 'gadam', 'gadammep@aol.com' ) ;
insert into http values ( 'gadam', 'http://www.gordon-adam-mep.com' ) ;
insert into adrna values ( 'gadam', '7 Palmersville Forest Hall Newcastle Upon Tyne NE12 9HN' ) ;

insert into pnom values ( 'rbalfe', 'Mr Richard A. BALFE' ) ;
insert into euprt values ( 'rbalfe', 'EUPP', 5 ) ;
insert into naprt values ( 'rbalfe', 'Conservative and Unionist Party' ) ;
insert into land values ( 'rbalfe', 'UK' ) ;
insert into komit values ( 'rbalfe', 'PETI', 2 ) ;
insert into komit values ( 'rbalfe', 'DEVE', 1 ) ;
insert into komit values ( 'rbalfe', 'ECON', 1 ) ;
insert into adreu values ( 'rbalfe', 'European Parliament; Bât. Paul-Henri Spaak; 08B009; 60, rue Wiertz / Wiertzstraat 60; B-1047 Bruxelles/Brussel' ) ;
insert into adreu values ( 'rbalfe', 'European Parliament; Bât. Louise Weiss; T12007; Allée du Printemps; BP 10024/F; F-67070 Strasbourg Cedex' ) ;
insert into fax values ( 'rbalfe', '+32 (0)2 284 9406' ) ;
insert into fax values ( 'rbalfe', '+33 (0)3 88 17 9406' ) ;
insert into mail values ( 'rbalfe', 'rbalfe@europarl.eu.int' ) ;
insert into mail values ( 'rbalfe', 'rbalfe@dial.pipex.com' ) ;
insert into http values ( 'rbalfe', 'http://www.richardbalfe.com' ) ;
insert into adrna values ( 'rbalfe', 'European Parliament Rue Wiertz PHS 8B09  B-1047 BRUSSELS' ) ;

insert into pnom values ( 'cbeazley', 'Mr Christopher J.P. BEAZLEY') ;
insert into euprt values ( 'cbeazley', 'EUPP', 5 ) ;
insert into naprt values ( 'cbeazley', 'Conservative and Unionist Party' ) ;
insert into land values ( 'cbeazley', 'UK' ) ;
insert into komit values ( 'cbeazley', 'CULT', 2 ) ;
insert into komit values ( 'cbeazley', 'EMPL', 1 ) ;
insert into deleg values ( 'cbeazley', 'EE', 9 ) ;
insert into adreu values ( 'cbeazley', 'European Parliament; Bât. Altiero Spinelli; 14E158; 60, rue Wiertz / Wiertzstraat 60; B-1047 Bruxelles/Brussel' ) ;
insert into adreu values ( 'cbeazley', 'European Parliament; Bât. Louise Weiss; T08037; Allée du Printemps; BP 10024/F; F-67070 Strasbourg Cedex' ) ;
insert into fax values ( 'cbeazley', '+32 (0)2 284 9226' ) ;
insert into fax values ( 'cbeazley', '+33 (0)3 88 17 9226' ) ;
insert into adrna values ( 'cbeazley', 'c/o Hertford & Stortford Conservative Association 4a Swains Mill Crane Mead  WARE - Hertfordshire SG12 9PY' ) ;

insert into pnom values ( 'jmccartin', 'Mr John Joseph McCARTIN' ) ;
insert into euprt values ( 'jmccartin', 'EUPP', 2 ) ;
insert into naprt values ( 'jmccartin', 'Fine Gael Party' ) ;
insert into land values ( 'jmccartin', 'IE' ) ;
insert into komit values ( 'jmccartin', 'BUDG', 2 ) ;
insert into komit values ( 'jmccartin', 'CONT', 1 ) ;
insert into komit values ( 'jmccartin', 'PECH', 1 ) ;
insert into deleg values ( 'jmccartin', 'CN', 2 ) ;
insert into adreu values ( 'jmccartin', 'European Parliament; Bât. Altiero Spinelli; 08F353; 60, rue Wiertz / Wiertzstraat 60; B-1047 Bruxelles/Brussel' ) ;
insert into adreu values ( 'jmccartin', 'European Parliament; Bât. Louise Weiss; T09073; Allée du Printemps; BP 10024/F; F-67070 Strasbourg Cedex' ) ;
insert into fax values ( 'jmccartin', '+32 (0)2 284 9214' ) ;
insert into fax values ( 'jmccartin', '+33 (0)3 88 17 9214' ) ;
insert into adrna values ( 'jmccartin', 'Mullyaster NEWTOWNGORE' ) ;

insert into pnom values ( 'nandrews', 'Mr Niall ANDREWS' ) ;
insert into euprt values ( 'nandrews', 'NEUU', 2 ) ;
insert into naprt values ( 'nandrews', 'Fianna Fáil Party' ) ;
insert into land values ( 'nandrews', 'IE' ) ;
insert into komit values ( 'nandrews', 'LIBE', 2 ) ;
insert into komit values ( 'nandrews', 'AFET', 1 ) ;
insert into adreu values ( 'nandrews', 'European Parliament; Bât. Altiero Spinelli; 06F349; 60, rue Wiertz / Wiertzstraat 60; B-1047 Bruxelles/Brussel' ) ;
insert into adreu values ( 'nandrews', 'European Parliament; Bât. Louise Weiss; T13047; Allée du Printemps; BP 10024/F; F-67070 Strasbourg Cedex' ) ;
insert into fax values ( 'nandrews', '+32 (0)2 284 9589' ) ;
insert into fax values ( 'nandrews', '+33 (0)3 88 17 9589' ) ;
insert into adrna values ( 'nandrews', '48 Westbrook Road DUBLIN 14' ) ;

insert into pnom values ( 'jfitzsimons', 'Mr James (Jim) FITZSIMONS') ;
insert into euprt values ( 'jfitzsimons', 'NEUU', 2 ) ;
insert into naprt values ( 'jfitzsimons', 'Fianna Fáil Party' ) ;
insert into land values ( 'jfitzsimons', 'IE' ) ;
insert into komit values ( 'jfitzsimons', 'PETI', 2 ) ;
insert into komit values ( 'jfitzsimons', 'ENVI', 2 ) ;
insert into komit values ( 'jfitzsimons', 'LIBE', 1 ) ;
insert into deleg values ( 'jfitzsimons', 'Mashreq', 2 ) ;
insert into adreu values ( 'jfitzsimons', 'European Parliament; Bât. Altiero Spinelli; 06F343; 60, rue Wiertz / Wiertzstraat 60; B-1047 Bruxelles/Brussel' ) ;
insert into adreu values ( 'jfitzsimons', 'European Parliament; Bât. Louise Weiss; T13049; Allée du Printemps; BP 10024/F; F-67070 Strasbourg Cedex' ) ;
insert into fax values ( 'jfitzsimons', '+32 (0)2 284 9590' ) ;
insert into fax values ( 'jfitzsimons', '+33 (0)3 88 17 9590' ) ;
insert into adrna values ( 'jfitzsimons', 'Ardison Dublin Road NAVAN' ) ;

insert into pnom values ( 'aalavanos', 'Κ. Alexandros ALAVANOS' ) ;
insert into euprt values ( 'aalavanos', 'LEFT', 2 ) ;
insert into naprt values ( 'aalavanos', 'Synaspismos tis Aristeras kai tis Proodou' ) ;
insert into land values ( 'aalavanos', 'GR' ) ;
insert into komit values ( 'aalavanos', 'CULT', 2 ) ;
insert into komit values ( 'aalavanos', 'AFET', 1 ) ;
insert into deleg values ( 'aalavanos', 'Balkan', 2 ) ;
insert into adreu values ( 'aalavanos', 'European Parliament; Bât. Altiero Spinelli; 09G306; 60, rue Wiertz / Wiertzstraat 60; B-1047 Bruxelles/Brussel' ) ;
insert into adreu values ( 'aalavanos', 'European Parliament; Bât. Louise Weiss; TO5009; Allée du Printemps; BP 10024/F; F-67070 Strasbourg Cedex' ) ;
insert into fax values ( 'aalavanos', '+32 (0)2 284 9911' ) ;
insert into fax values ( 'aalavanos', '+33 (0)3 88 17 9911' ) ;
insert into mail values ( 'aalavanos', 'alavanos@syn.gr' ) ;
insert into adrna values ( 'aalavanos', 'Platia Eleftherias 1 GR -105 53 ATHINA' ) ;

insert into pnom values ( 'gmjdeprez', 'M. Gérard M.J. DEPREZ') ;
insert into euprt values ( 'gmjdeprez', 'EUPP', 2 ) ;
insert into naprt values ( 'gmjdeprez', 'Mouvement des Citoyens pour le Changement' ) ;
insert into land values ( 'gmjdeprez', 'BE' ) ;
insert into komit values ( 'gmjdeprez', 'LIBE', 2 ) ;
insert into komit values ( 'gmjdeprez', 'BUDG', 1 ) ;
insert into deleg values ( 'gmjdeprez', 'TR', 8 ) ;
insert into adreu values ( 'gmjdeprez', 'European Parliament; Bât. Altiero Spinelli; 08F359; 60, rue Wiertz / Wiertzstraat 60; B-1047 Bruxelles/Brussel' ) ;
insert into adreu values ( 'gmjdeprez', 'European Parliament; Bât. Louise Weiss; T09067; Allée du Printemps; BP 10024/F; F-67070 Strasbourg Cedex' ) ;
insert into fax values ( 'gmjdeprez', '+32 (0)2 284 9223' ) ;
insert into fax values ( 'gmjdeprez', '+33 (0)3 88 17 9223' ) ;
insert into http values ( 'gmjdeprez', 'http://www.gdeprez.be' ) ;
insert into adrna values ( 'gmjdeprez', '6, rue Royale B-7950 CHIEVRES' ) ;

insert into pnom values ( 'jamesprovan', 'Mr James L.C. PROVAN' ) ;
insert into euprt values ( 'jamesprovan', 'EUPP', 5 ) ;
insert into naprt values ( 'jamesprovan', 'Conservative and Unionist Party' ) ;
insert into land values ( 'jamesprovan', 'UK' ) ;
insert into komit values ( 'jamesprovan', 'EMPL', 2 ) ;
insert into komit values ( 'jamesprovan', 'FEMM', 2 ) ;
insert into deleg values ( 'jamesprovan', 'SI', 2 ) ;
insert into adreu values ( 'jamesprovan', 'European Parliament; Bât. Altiero Spinelli; 14E102; 60, rue Wiertz / Wiertzstraat 60; B-1047 Bruxelles/Brussel' ) ;
insert into adreu values ( 'jamesprovan', 'European Parliament; Bât. Louise Weiss; T12029; Allée du Printemps; BP 10024/F; F-67070 Strasbourg Cedex' ) ;
insert into fax values ( 'jamesprovan', '+32 (0)2 284 9289' ) ;
insert into fax values ( 'jamesprovan', '+33 (0)3 88 17 9289' ) ;
insert into mail values ( 'jamesprovan', 'jamesprovan@europarl.eu.int' ) ;
insert into adrna values ( 'jamesprovan', 'Middle Lodge Barns Green HORSHAM  West Sussex RH13 7NL' ) ;

insert into pnom values ( 'ebonino', 'Sig.Ra Emma BONINO' ) ;
insert into euprt values ( 'ebonino', 'NON', 2 ) ;
insert into naprt values ( 'ebonino', 'Lista Emma Bonino' ) ;
insert into land values ( 'ebonino', 'IT' ) ;
insert into komit values ( 'ebonino', 'AFET', 2 ) ;
insert into komit values ( 'ebonino', 'DEVE', 1 ) ;
insert into deleg values ( 'ebonino', 'Mashreq', 2 ) ;
insert into adreu values ( 'ebonino', 'European Parliament; Bât. Altiero Spinelli; 07H140; 60, rue Wiertz / Wiertzstraat 60; B-1047 Bruxelles/Brussel' ) ;
insert into adreu values ( 'ebonino', 'European Parliament; Bât. Louise Weiss; T11058; Allée du Printemps; BP 10024/F; F-67070 Strasbourg Cedex' ) ;
insert into fax values ( 'ebonino', '+32 (0)2 284 9288' ) ;
insert into fax values ( 'ebonino', '+33 (0)3 88 17 9288' ) ;
insert into adrna values ( 'ebonino', 'Partito Radicale Via di Torre Argentina, 76 I-00186 ROMA' ) ;

insert into pnom values ( 'cmartelli', 'On. Claudio MARTELLI' ) ;
insert into euprt values ( 'cmartelli', 'ELDR', 5 ) ;
insert into naprt values ( 'cmartelli', 'Socialisti democratici italiani' ) ;
insert into land values ( 'cmartelli', 'IT' ) ;
insert into komit values ( 'cmartelli', 'AFET', 2 ) ;
insert into komit values ( 'cmartelli', 'BUDG', 1 ) ;
insert into komit values ( 'cmartelli', 'FEMM', 1 ) ;
insert into deleg values ( 'cmartelli', 'Balkan', 2 ) ;
insert into adreu values ( 'cmartelli', 'European Parliament; Bât. Altiero Spinelli; 15G153; 60, rue Wiertz / Wiertzstraat 60; B-1047 Bruxelles/Brussel' ) ;
insert into adreu values ( 'cmartelli', 'European Parliament; Bât. Louise Weiss; T06012; Allée du Printemps; BP 10024/F; F-67070 Strasbourg Cedex' ) ;
insert into fax values ( 'cmartelli', '+32 (0)2 284 9714' ) ;
insert into fax values ( 'cmartelli', '+33 (0)3 88 17 9714' ) ;
insert into mail values ( 'cmartelli', 'claudiomartelli@geco.it' ) ;
insert into adrna values ( 'cmartelli', 'Via Donizzetti, 1 I-00100 ROMA' ) ;

insert into pnom values ( 'gpolledo', 'Sr. Salvador GARRIGA POLLEDO' ) ;
insert into euprt values ( 'gpolledo', 'EUPP', 2 ) ;
insert into naprt values ( 'gpolledo', 'Partido Popular' ) ;
insert into land values ( 'gpolledo', 'ES' ) ;
insert into komit values ( 'gpolledo', 'BUDG', 2 ) ;
insert into komit values ( 'gpolledo', 'CONT', 1 ) ;
insert into deleg values ( 'gpolledo', 'Maghreb', 2 ) ;
insert into adreu values ( 'gpolledo', 'European Parliament; Bât. Altiero Spinelli; 11E103; 60, rue Wiertz / Wiertzstraat 60; B-1047 Bruxelles/Brussel' ) ;
insert into adreu values ( 'gpolledo', 'European Parliament; Bât. Louise Weiss; T09151; Allée du Printemps; BP 10024/F; F-67070 Strasbourg Cedex' ) ;
insert into fax values ( 'gpolledo', '+32 (0)2 284 9303' ) ;
insert into fax values ( 'gpolledo', '+33 (0)3 88 17 9303' ) ;
insert into mail values ( 'gpolledo', 'sgarriga@arrakis.es' ) ;

insert into pnom values ( 'dmita', 'On. Luigi Ciriaco DE MITA' ) ;
insert into euprt values ( 'dmita', 'EUPP', 2 ) ;
insert into naprt values ( 'dmita', 'Partito popolare italiano' ) ;
insert into land values ( 'dmita', 'IT' ) ;
insert into komit values ( 'dmita', 'AFCO', 2 ) ;
insert into komit values ( 'dmita', 'AFET', 1 ) ;
insert into deleg values ( 'dmita', 'RU', 2 ) ;
insert into adreu values ( 'dmita', 'European Parliament; Bât. Altiero Spinelli; 12E258; 60, rue Wiertz / Wiertzstraat 60; B-1047 Bruxelles/Brussel' ) ;
insert into adreu values ( 'dmita', 'European Parliament; Bât. Louise Weiss; T10059; Allée du Printemps; BP 10024/F; F-67070 Strasbourg Cedex' ) ;
insert into fax values ( 'dmita', '+32 (0)2 284 9330' ) ;
insert into fax values ( 'dmita', '+33 (0)3 88 17 9330' ) ;
insert into adrna values ( 'dmita', 'Parlamento europeo Rue Wiertz ASP 12E258  B-1047 BRUXELLES' ) ;

insert into pnom values ( 'dducarme', 'M. Daniel DUCARME' ) ;
insert into euprt values ( 'dducarme', 'ELDR', 5 ) ;
insert into naprt values ( 'dducarme', 'Parti réformateur libéral/Front démocratique des francophones' ) ;
insert into land values ( 'dducarme', 'BE' ) ;
insert into komit values ( 'dducarme', 'EMPL', 2 ) ;
insert into komit values ( 'dducarme', 'RETT', 1 ) ;
insert into adreu values ( 'dducarme', 'European Parliament; Bât. Altiero Spinelli; 07F268; 60, rue Wiertz / Wiertzstraat 60; B-1047 Bruxelles/Brussel' ) ;
insert into adreu values ( 'dducarme', 'European Parliament; Bât. Louise Weiss; T09061; Allée du Printemps; BP 10024/F; F-67070 Strasbourg Cedex' ) ;
insert into fax values ( 'dducarme', '+32 (0)2 284 9613' ) ;
insert into fax values ( 'dducarme', '+33 (0)3 88 17 9613' ) ;
insert into mail values ( 'dducarme', 'ducarme@prl.be' ) ;
insert into adrna values ( 'dducarme', 'PRL Rue de Naples, 41 B-1050 BRUXELLES' ) ;

insert into pnom values ( 'mthyssen', 'Mevr. Marianne L.P. THYSSEN' ) ;
insert into euprt values ( 'mthyssen', 'EUPP', 5 ) ;
insert into naprt values ( 'mthyssen', 'Christen-Democratisch & Vlaams' ) ;
insert into land values ( 'mthyssen', 'BE' ) ;
insert into komit values ( 'mthyssen', 'JURI', 2 ) ;
insert into komit values ( 'mthyssen', 'ENVI', 1 ) ;
insert into deleg values ( 'mthyssen', 'PL', 1 ) ;
insert into deleg values ( 'mthyssen', 'CA', 2 ) ;
insert into adreu values ( 'mthyssen', 'European Parliament; Bât. Altiero Spinelli; 08F247; 60, rue Wiertz / Wiertzstraat 60; B-1047 Bruxelles/Brussel' ) ;
insert into adreu values ( 'mthyssen', 'European Parliament; Bât. Louise Weiss; T09063; Allée du Printemps; BP 10024/F; F-67070 Strasbourg Cedex' ) ;
insert into fax values ( 'mthyssen', '+32 (0)2 284 9918' ) ;
insert into fax values ( 'mthyssen', '+33 (0)3 88 17 9918' ) ;
insert into mail values ( 'mthyssen', 'mthyssen@europarl.eu.int' ) ;
insert into http values ( 'mthyssen', 'http://user.online.be/marianne.thyssen' ) ;
insert into adrna values ( 'mthyssen', 'Europees Parlement Wiertzstraat ASP 8F247  B-1047 BRUSSEL' ) ;

insert into pnom values ( 'aislerb', 'Mme Marie Anne ISLER BÉGUIN') ;
insert into euprt values ( 'aislerb', 'VERD', 2 ) ;
insert into naprt values ( 'aislerb', 'Les Verts-Europe-Ecologie' ) ;
insert into land values ( 'aislerb', 'FR' ) ;
insert into komit values ( 'aislerb', 'ENVI', 2 ) ;
insert into komit values ( 'aislerb', 'AFET', 1 ) ;
insert into deleg values ( 'aislerb', 'AmGeAz', 2 ) ;
insert into adreu values ( 'aislerb', 'European Parliament; Bât. Altiero Spinelli; 08G218; 60, rue Wiertz / Wiertzstraat 60; B-1047 Bruxelles/Brussel' ) ;
insert into adreu values ( 'aislerb', 'European Parliament; Bât. Louise Weiss; T05062; Allée du Printemps; BP 10024/F; F-67070 Strasbourg Cedex' ) ;
insert into fax values ( 'aislerb', '+32 (0)2 284 9572' ) ;
insert into fax values ( 'aislerb', '+33 (0)3 88 17 9572' ) ;
insert into adrna values ( 'aislerb', '22, rue Mabille F-57000 METZ' ) ;

insert into pnom values ( 'gonesta', 'M. Gérard ONESTA' ) ;
insert into euprt values ( 'gonesta', 'VERD', 2 ) ;
insert into naprt values ( 'gonesta', 'Les Verts-Europe-Ecologie' ) ;
insert into land values ( 'gonesta', 'FR' ) ;
insert into komit values ( 'gonesta', 'AFCO', 2 ) ;
insert into komit values ( 'gonesta', 'CULT', 1 ) ;
insert into deleg values ( 'gonesta', 'EEA', 1 ) ;
insert into deleg values ( 'gonesta', 'AuNz', 2 ) ;
insert into adreu values ( 'gonesta', 'European Parliament; Bât. Altiero Spinelli; 08G354; 60, rue Wiertz / Wiertzstraat 60; B-1047 Bruxelles/Brussel' ) ;
insert into adreu values ( 'gonesta', 'European Parliament; Bât. Louise Weiss; T12055; Allée du Printemps; BP 10024/F; F-67070 Strasbourg Cedex' ) ;
insert into fax values ( 'gonesta', '+32 (0)2 284 9505' ) ;
insert into fax values ( 'gonesta', '+33 (0)3 88 17 9505' ) ;
insert into adrna values ( 'gonesta', 'Parlement européen Rue Wiertz ASP 8G354  B-1047 BRUXELLES' ) ;

insert into pnom values ( 'rberend', 'Herr Rolf BEREND' ) ;
insert into euprt values ( 'rberend', 'EUPP', 5 ) ;
insert into naprt values ( 'rberend', 'CDU' ) ;
insert into land values ( 'rberend', 'DE' ) ;
insert into komit values ( 'rberend', 'RETT', 2 ) ;
insert into komit values ( 'rberend', 'CULT', 1 ) ;
insert into deleg values ( 'rberend', 'SK', 1 ) ;
insert into adreu values ( 'rberend', 'European Parliament; Bât. Altiero Spinelli; 10E169; 60, rue Wiertz / Wiertzstraat 60; B-1047 Bruxelles/Brussel' ) ;
insert into adreu values ( 'rberend', 'European Parliament; Bât. Louise Weiss; T10143; Allée du Printemps; BP 10024/F; F-67070 Strasbourg Cedex' ) ;
insert into fax values ( 'rberend', '+32 (0)2 284 9413' ) ;
insert into fax values ( 'rberend', '+33 (0)3 88 17 9413' ) ;
insert into mail values ( 'rberend', 'rberend@europarl.eu.int' ) ;
insert into http values ( 'rberend', 'http://www.cdu-csu-ep.de' ) ;
insert into adrna values ( 'rberend', 'Lindeistraße 17 D-37339 GERNRODE/EICHSFELD' ) ;

insert into pnom values ( 'aglase', 'Frau Anne-Karin GLASE' ) ;
insert into euprt values ( 'aglase', 'EUPP', 2 ) ;
insert into naprt values ( 'aglase', 'CDU' ) ;
insert into land values ( 'aglase', 'DE' ) ;
insert into komit values ( 'aglase', 'EMPL', 2 ) ;
insert into komit values ( 'aglase', 'BUDG', 1 ) ;
insert into adreu values ( 'aglase', 'European Parliament; Bât. Altiero Spinelli; 10E116; 60, rue Wiertz / Wiertzstraat 60; B-1047 Bruxelles/Brussel' ) ;
insert into adreu values ( 'aglase', 'European Parliament; Bât. Louise Weiss; T10147; Allée du Printemps; BP 10024/F; F-67070 Strasbourg Cedex' ) ;
insert into fax values ( 'aglase', '+32 (0)2 284 9938' ) ;
insert into fax values ( 'aglase', '+33 (0)3 88 17 9938' ) ;
insert into mail values ( 'aglase', 'aglase@europarl.eu.int' ) ;
insert into http values ( 'aglase', 'http://www.cdu-csu-ep.de' ) ;
insert into adrna values ( 'aglase', 'H.-Rau-Straße 31 D-16816 NEURUPPIN' ) ;

insert into pnom values ( 'lgoepel', 'Herr Lutz GOEPEL' ) ;
insert into euprt values ( 'lgoepel', 'EUPP', 2 ) ;
insert into naprt values ( 'lgoepel', 'CDU' ) ;
insert into land values ( 'lgoepel', 'DE' ) ;
insert into komit values ( 'lgoepel', 'AGRI', 2 ) ;
insert into komit values ( 'lgoepel', 'ECON', 1 ) ;
insert into deleg values ( 'lgoepel', 'SI', 2 ) ;
insert into adreu values ( 'lgoepel', 'European Parliament; Bât. Altiero Spinelli; 15E165; 60, rue Wiertz / Wiertzstraat 60; B-1047 Bruxelles/Brussel' ) ;
insert into adreu values ( 'lgoepel', 'European Parliament; Bât. Louise Weiss; T10043; Allée du Printemps; BP 10024/F; F-67070 Strasbourg Cedex' ) ;
insert into fax values ( 'lgoepel', '+32 (0)2 284 9760' ) ;
insert into fax values ( 'lgoepel', '+33 (0)3 88 17 9760' ) ;
insert into http values ( 'lgoepel', 'http://www.cdu-csu-ep.de' ) ;
insert into adrna values ( 'lgoepel', 'Gartenstraße 12 D-04720 MOCHAU' ) ;

insert into pnom values ( 'ykaufmann', 'Frau Sylvia-Yvonne KAUFMANN' ) ;
insert into euprt values ( 'ykaufmann', 'LEFT', 8 ) ;
insert into naprt values ( 'ykaufmann', 'Partei des Demokratischen Sozialismus' ) ;
insert into land values ( 'ykaufmann', 'DE' ) ;
insert into komit values ( 'ykaufmann', 'AFCO', 2 ) ;
insert into komit values ( 'ykaufmann', 'LIBE', 1 ) ;
insert into deleg values ( 'ykaufmann', 'JP', 2 ) ;
insert into adreu values ( 'ykaufmann', 'European Parliament; Bât. Altiero Spinelli; 09G206; 60, rue Wiertz / Wiertzstraat 60; B-1047 Bruxelles/Brussel' ) ;
insert into adreu values ( 'ykaufmann', 'European Parliament; Bât. Louise Weiss; T05147; Allée du Printemps; BP 10024/F; F-67070 Strasbourg Cedex' ) ;
insert into fax values ( 'ykaufmann', '+32 (0)2 284 9756' ) ;
insert into fax values ( 'ykaufmann', '+33 (0)3 88 17 9756' ) ;
insert into http values ( 'ykaufmann', 'http://www.sylvia-yvonnekaufmann.de' ) ;
insert into adrna values ( 'ykaufmann', 'PDS-Europabüro Unter den Linden 50 D-10117 BERLIN' ) ;

insert into pnom values ( 'dkoch', 'Herr Dieter-Lebrecht KOCH' ) ;
insert into euprt values ( 'dkoch', 'EUPP', 2 ) ;
insert into naprt values ( 'dkoch', 'CDU' ) ;
insert into land values ( 'dkoch', 'DE' ) ;
insert into komit values ( 'dkoch', 'RETT', 2 ) ;
insert into komit values ( 'dkoch', 'EMPL', 1 ) ;
insert into deleg values ( 'dkoch', 'PLC', 2 ) ;
insert into adreu values ( 'dkoch', 'European Parliament; Bât. Altiero Spinelli; 10E258; 60, rue Wiertz / Wiertzstraat 60; B-1047 Bruxelles/Brussel' ) ;
insert into adreu values ( 'dkoch', 'European Parliament; Bât. Louise Weiss; T10153; Allée du Printemps; BP 10024/F; F-67070 Strasbourg Cedex' ) ;
insert into fax values ( 'dkoch', '+32 (0)2 284 9761' ) ;
insert into fax values ( 'dkoch', '+33 (0)3 88 17 9761' ) ;
insert into mail values ( 'dkoch', 'dkoch@europarl.eu.int' ) ;
insert into http values ( 'dkoch', 'http://www.cdu-csu-ep.de' ) ;
insert into adrna values ( 'dkoch', 'Goetheplatz 9 b D-99423 WEIMAR' ) ;

insert into pnom values ( 'ckrehl', 'Frau Constanze Angela KREHL' ) ;
insert into euprt values ( 'ckrehl', 'PSE', 2 ) ;
insert into naprt values ( 'ckrehl', 'SPD' ) ;
insert into land values ( 'ckrehl', 'DE' ) ;
insert into komit values ( 'ckrehl', 'BUDG', 2 ) ;
insert into komit values ( 'ckrehl', 'RETT', 1 ) ;
insert into deleg values ( 'ckrehl', 'CZ', 1 ) ;
insert into deleg values ( 'ckrehl', 'JP', 2 ) ;
insert into adreu values ( 'ckrehl', 'European Parliament; Bât. Altiero Spinelli; 12G258; 60, rue Wiertz / Wiertzstraat 60; B-1047 Bruxelles/Brussel' ) ;
insert into adreu values ( 'ckrehl', 'European Parliament; Bât. Louise Weiss; T07002; Allée du Printemps; BP 10024/F; F-67070 Strasbourg Cedex' ) ;
insert into fax values ( 'ckrehl', '+32 (0)2 284 9134' ) ;
insert into fax values ( 'ckrehl', '+33 (0)3 88 17 9134' ) ;
insert into mail values ( 'ckrehl', 'ckrehl@europarl.eu.int.' ) ;
insert into http values ( 'ckrehl', 'http://www.constanze-krehl.de' ) ;
insert into adrna values ( 'ckrehl', 'Europabüro Leipzig Rosa-Luxemburg-Str. 19/21 D-04103 LEIPZIG' ) ;

insert into pnom values ( 'jschroeder', 'Herr Jürgen SCHRÖDER' ) ;
insert into euprt values ( 'jschroeder', 'EUPP', 2 ) ;
insert into naprt values ( 'jschroeder', 'CDU' ) ;
insert into land values ( 'jschroeder', 'DE' ) ;
insert into komit values ( 'jschroeder', 'AFET', 2 ) ;
insert into komit values ( 'jschroeder', 'RETT', 1 ) ;
insert into deleg values ( 'jschroeder', 'CA', 2 ) ;
insert into adreu values ( 'jschroeder', 'European Parliament; Bât. Altiero Spinelli; 15E157; 60, rue Wiertz / Wiertzstraat 60; B-1047 Bruxelles/Brussel' ) ;
insert into adreu values ( 'jschroeder', 'European Parliament; Bât. Louise Weiss; T10027; Allée du Printemps; BP 10024/F; F-67070 Strasbourg Cedex' ) ;
insert into fax values ( 'jschroeder', '+32 (0)2 284 9560' ) ;
insert into fax values ( 'jschroeder', '+33 (0)3 88 17 9560' ) ;
insert into mail values ( 'jschroeder', 'jschroeder@europarl.eu.int' ) ;
insert into http values ( 'jschroeder', 'http://www.cdu-csu-ep.de' ) ;
insert into adrna values ( 'jschroeder', 'Rähnitzgasse 10 D-01097 DRESDEN' ) ;

insert into pnom values ( 'ustockmann', 'Herr Ulrich STOCKMANN' ) ;
insert into euprt values ( 'ustockmann', 'PSE', 2 ) ;
insert into naprt values ( 'ustockmann', 'SPD' ) ;
insert into land values ( 'ustockmann', 'DE' ) ;
insert into komit values ( 'ustockmann', 'RETT', 2 ) ;
insert into komit values ( 'ustockmann', 'ITRE', 1 ) ;
insert into deleg values ( 'ustockmann', 'IL', 2 ) ;
insert into adreu values ( 'ustockmann', 'European Parliament; Bât. Altiero Spinelli; 12G265; 60, rue Wiertz / Wiertzstraat 60; B-1047 Bruxelles/Brussel' ) ;
insert into adreu values ( 'ustockmann', 'European Parliament; Bât. Louise Weiss; T07019; Allée du Printemps; BP 10024/F; F-67070 Strasbourg Cedex' ) ;
insert into fax values ( 'ustockmann', '+32 (0)2 284 9687' ) ;
insert into fax values ( 'ustockmann', '+33 (0)3 88 17 9687' ) ;
insert into http values ( 'ustockmann', 'http://www.ulrich-stockmann.de' ) ;
insert into adrna values ( 'ustockmann', 'Europäisches Parlament Rue Wiertz ASP 12G265  B-1047 BRÜSSEL' ) ;

insert into pnom values ( 'epiecyk', 'Herr Wilhelm Ernst PIECYK' ) ;
insert into euprt values ( 'epiecyk', 'PSE', 2 ) ;
insert into naprt values ( 'epiecyk', 'SPD' ) ;
insert into land values ( 'epiecyk', 'DE' ) ;
insert into komit values ( 'epiecyk', 'RETT', 2 ) ;
insert into komit values ( 'epiecyk', 'EMPL', 1 ) ;
insert into deleg values ( 'epiecyk', 'EE', 2 ) ;
insert into deleg values ( 'epiecyk', 'LV', 1 ) ;
insert into adreu values ( 'epiecyk', 'European Parliament; Bât. Altiero Spinelli; 12G310; 60, rue Wiertz / Wiertzstraat 60; B-1047 Bruxelles/Brussel' ) ;
insert into adreu values ( 'epiecyk', 'European Parliament; Bât. Louise Weiss; T07007; Allée du Printemps; BP 10024/F; F-67070 Strasbourg Cedex' ) ;
insert into fax values ( 'epiecyk', '+32 (0)2 284 9502' ) ;
insert into fax values ( 'epiecyk', '+33 (0)3 88 17 9502' ) ;
insert into mail values ( 'epiecyk', 'willi.piecyk-lv-schleswig-holstein@spd.de' ) ;
insert into adrna values ( 'epiecyk', 'Kleiner Kuhberg 28-30 D-24103 KIEL' ) ;

insert into pnom values ( 'isanchezg', 'Sr. Isidoro SÁNCHEZ GARCÍA') ;
insert into euprt values ( 'isanchezg', 'ELDR', 5 ) ;
insert into naprt values ( 'isanchezg', 'Coalicion Canaria' ) ;
insert into land values ( 'isanchezg', 'ES' ) ;
insert into komit values ( 'isanchezg', 'RETT', 2 ) ;
insert into komit values ( 'isanchezg', 'AGRI', 1 ) ;
insert into deleg values ( 'isanchezg', 'CAMx', 2 ) ;
insert into adreu values ( 'isanchezg', 'European Parliament; Bât. Altiero Spinelli; 10G154; 60, rue Wiertz / Wiertzstraat 60; B-1047 Bruxelles/Brussel' ) ;
insert into adreu values ( 'isanchezg', 'European Parliament; Bât. Louise Weiss; T11151; Allée du Printemps; BP 10024/F; F-67070 Strasbourg Cedex' ) ;
insert into fax values ( 'isanchezg', '+32 (0)2 284 9614' ) ;
insert into fax values ( 'isanchezg', '+33 (0)3 88 17 9614' ) ;
insert into adrna values ( 'isanchezg', 'c/ Rodríguez Figueroa, 9 E-38400 PUERTO DE LA CRUZ (Tenerife)' ) ;

insert into pnom values ( 'imendezdevigo', 'Sr. Íñigo MÉNDEZ DE VIGO' ) ;
insert into euprt values ( 'imendezdevigo', 'EUPP', 2 ) ;
insert into naprt values ( 'imendezdevigo', 'Partido Popular' ) ;
insert into land values ( 'imendezdevigo', 'ES' ) ;
insert into komit values ( 'imendezdevigo', 'AFCO', 2 ) ;
insert into komit values ( 'imendezdevigo', 'LIBE', 1 ) ;
insert into adreu values ( 'imendezdevigo', 'European Parliament; Bât. Altiero Spinelli; 11E146; 60, rue Wiertz / Wiertzstraat 60; B-1047 Bruxelles/Brussel' ) ;
insert into adreu values ( 'imendezdevigo', 'European Parliament; Bât. Louise Weiss; T09005; Allée du Printemps; BP 10024/F; F-67070 Strasbourg Cedex' ) ;
insert into fax values ( 'imendezdevigo', '+32 (0)2 284 9755' ) ;
insert into fax values ( 'imendezdevigo', '+33 (0)3 88 17 9755' ) ;
insert into mail values ( 'imendezdevigo', 'imendezdevigo@europarl.eu.int' ) ;
insert into http values ( 'imendezdevigo', 'http://www.mendezdevigo.org/' ) ;
insert into adrna values ( 'imendezdevigo', 'Parlamento Europeo Rue Wiertz ASP 11E146  B-1047 BRUSELAS' ) ;

insert into pnom values ( 'lgalvarez', 'Sra. Laura GONZÁLEZ ÁLVAREZ') ;
insert into euprt values ( 'lgalvarez', 'LEFT', 2 ) ;
insert into naprt values ( 'lgalvarez', 'Izquierda Unida' ) ;
insert into land values ( 'lgalvarez', 'ES' ) ;
insert into komit values ( 'lgalvarez', 'PETI', 2 ) ;
insert into komit values ( 'lgalvarez', 'ENVI', 2 ) ;
insert into komit values ( 'lgalvarez', 'EMPL', 1 ) ;
insert into komit values ( 'lgalvarez', 'FEMM', 1 ) ;
insert into deleg values ( 'lgalvarez', 'CAMx', 2 ) ;
insert into adreu values ( 'lgalvarez', 'European Parliament; Bât. Altiero Spinelli; 09G142; 60, rue Wiertz / Wiertzstraat 60; B-1047 Bruxelles/Brussel' ) ;
insert into adreu values ( 'lgalvarez', 'European Parliament; Bât. Louise Weiss; T05021; Allée du Printemps; BP 10024/F; F-67070 Strasbourg Cedex' ) ;
insert into fax values ( 'lgalvarez', '+32 (0)2 284 9557' ) ;
insert into fax values ( 'lgalvarez', '+33 (0)3 88 17 9557' ) ;
insert into adrna values ( 'lgalvarez', 'Plaza Ameríca, 10-4° E-33005 OVIEDO' ) ;

insert into pnom values ( 'dgaulle', 'M. Charles de GAULLE' ) ;
insert into euprt values ( 'dgaulle', 'NON', 2 ) ;
insert into naprt values ( 'dgaulle', 'Front national' ) ;
insert into land values ( 'dgaulle', 'FR' ) ;
insert into komit values ( 'dgaulle', 'ECON', 2 ) ;
insert into komit values ( 'dgaulle', 'ITRE', 1 ) ;
insert into adreu values ( 'dgaulle', 'European Parliament; Bât. Altiero Spinelli; 09E258; 60, rue Wiertz / Wiertzstraat 60; B-1047 Bruxelles/Brussel' ) ;
insert into adreu values ( 'dgaulle', 'European Parliament; Bât. Louise Weiss; T09088; Allée du Printemps; BP 10024/F; F-67070 Strasbourg Cedex' ) ;
insert into fax values ( 'dgaulle', '+32 (0)2 284 9624' ) ;
insert into fax values ( 'dgaulle', '+33 (0)3 88 17 9624' ) ;
insert into adrna values ( 'dgaulle', '41, rue François 1er F-75008 PARIS' ) ;

insert into pnom values ( 'sruiz', 'Sr. José Javier POMÉS RUIZ' ) ;
insert into euprt values ( 'sruiz', 'EUPP', 2 ) ;
insert into naprt values ( 'sruiz', 'Partido Popular' ) ;
insert into land values ( 'sruiz', 'ES' ) ;
insert into komit values ( 'sruiz', 'RETT', 2 ) ;
insert into komit values ( 'sruiz', 'ECON', 1 ) ;
insert into deleg values ( 'sruiz', 'CAMx', 2 ) ;
insert into adreu values ( 'sruiz', 'European Parliament; Bât. Altiero Spinelli; 11E158; 60, rue Wiertz / Wiertzstraat 60; B-1047 Bruxelles/Brussel' ) ;
insert into adreu values ( 'sruiz', 'European Parliament; Bât. Louise Weiss; T09017; Allée du Printemps; BP 10024/F; F-67070 Strasbourg Cedex' ) ;
insert into fax values ( 'sruiz', '+32 (0)2 284 9899' ) ;
insert into fax values ( 'sruiz', '+33 (0)3 88 17 9899' ) ;
insert into adrna values ( 'sruiz', 'Parlamento Europeo Rue Wiertz ASP 11E158  B-1047 BRUSELAS' ) ;

insert into pnom values ( 'ccoelho', 'Sr. Carlos COELHO' ) ;
insert into euprt values ( 'ccoelho', 'EUPP', 2 ) ;
insert into naprt values ( 'ccoelho', 'Partido Social Democrata' ) ;
insert into land values ( 'ccoelho', 'PT' ) ;
insert into komit values ( 'ccoelho', 'LIBE', 2 ) ;
insert into komit values ( 'ccoelho', 'ENVI', 1 ) ;
insert into deleg values ( 'ccoelho', 'RU', 2 ) ;
insert into adreu values ( 'ccoelho', 'European Parliament; Bât. Altiero Spinelli; 08E146; 60, rue Wiertz / Wiertzstraat 60; B-1047 Bruxelles/Brussel' ) ;
insert into adreu values ( 'ccoelho', 'European Parliament; Bât. Louise Weiss; T09004; Allée du Printemps; BP 10024/F; F-67070 Strasbourg Cedex' ) ;
insert into fax values ( 'ccoelho', '+32 (0)2 284 9551' ) ;
insert into fax values ( 'ccoelho', '+33 (0)3 88 17 9551' ) ;
insert into http values ( 'ccoelho', 'http://www.carloscoelho.org/' ) ;
insert into adrna values ( 'ccoelho', 'Parlamento Europeu Rue Wiertz ASP 8E146  B-1047 BRUXELAS' ) ;

insert into pnom values ( 'aterron', 'Sra. Anna TERRÓN i CUSÍ' ) ;
insert into euprt values ( 'aterron', 'PSE', 2 ) ;
insert into naprt values ( 'aterron', 'Partit dels Socialistes de Catalunya' ) ;
insert into land values ( 'aterron', 'ES' ) ;
insert into komit values ( 'aterron', 'LIBE', 2 ) ;
insert into komit values ( 'aterron', 'ITRE', 1 ) ;
insert into deleg values ( 'aterron', 'Mashreq', 2 ) ;
insert into adreu values ( 'aterron', 'European Parliament; Bât. Altiero Spinelli; 11G317; 60, rue Wiertz / Wiertzstraat 60; B-1047 Bruxelles/Brussel' ) ;
insert into adreu values ( 'aterron', 'European Parliament; Bât. Louise Weiss; T07125; Allée du Printemps; BP 10024/F; F-67070 Strasbourg Cedex' ) ;
insert into fax values ( 'aterron', '+32 (0)2 284 9897' ) ;
insert into fax values ( 'aterron', '+33 (0)3 88 17 9897' ) ;
insert into mail values ( 'aterron', 'aterron@europarl.eu.int' ) ;
insert into http values ( 'aterron', 'http://www.psoe-pe.org' ) ;
insert into adrna values ( 'aterron', 'OPE-PSC c/Nicaràgua, 75 E-08029 BARCELONA' ) ;

insert into pnom values ( 'emann', 'Frau Erika MANN' ) ;
insert into euprt values ( 'emann', 'PSE', 2 ) ;
insert into naprt values ( 'emann', 'SPD' ) ;
insert into land values ( 'emann', 'DE' ) ;
insert into komit values ( 'emann', 'ITRE', 2 ) ;
insert into komit values ( 'emann', 'ECON', 1 ) ;
insert into deleg values ( 'emann', 'EEA', 9 ) ;
insert into adreu values ( 'emann', 'European Parliament; Bât. Altiero Spinelli; 12G342; 60, rue Wiertz / Wiertzstraat 60; B-1047 Bruxelles/Brussel' ) ;
insert into adreu values ( 'emann', 'European Parliament; Bât. Louise Weiss; T07016; Allée du Printemps; BP 10024/F; F-67070 Strasbourg Cedex' ) ;
insert into fax values ( 'emann', '+32 (0)2 284 9191' ) ;
insert into fax values ( 'emann', '+33 (0)3 88 17 9191' ) ;
insert into mail values ( 'emann', 'emann@europarl.eu.int' ) ;
insert into http values ( 'emann', 'http://www.erikamann.com' ) ;
insert into adrna values ( 'emann', 'Europabüro Odeonstraße 15/16 D-30159 HANNOVER' ) ;

insert into pnom values ( 'wkuckelkorn', 'Herr Wilfried KUCKELKORN' ) ;
insert into euprt values ( 'wkuckelkorn', 'PSE', 2 ) ;
insert into naprt values ( 'wkuckelkorn', 'SPD' ) ;
insert into land values ( 'wkuckelkorn', 'DE' ) ;
insert into komit values ( 'wkuckelkorn', 'BUDG', 2 ) ;
insert into komit values ( 'wkuckelkorn', 'ECON', 1 ) ;
insert into deleg values ( 'wkuckelkorn', 'JP', 2 ) ;
insert into adreu values ( 'wkuckelkorn', 'European Parliament; Bât. Altiero Spinelli; 12G217; 60, rue Wiertz / Wiertzstraat 60; B-1047 Bruxelles/Brussel' ) ;
insert into adreu values ( 'wkuckelkorn', 'European Parliament; Bât. Louise Weiss; T07023; Allée du Printemps; BP 10024/F; F-67070 Strasbourg Cedex' ) ;
insert into fax values ( 'wkuckelkorn', '+32 (0)2 284 9436' ) ;
insert into fax values ( 'wkuckelkorn', '+33 (0)3 88 17 9436' ) ;
insert into mail values ( 'wkuckelkorn', 'Christa.Wirtgen@t-online.de' ) ;
insert into mail values ( 'wkuckelkorn', 'wkuckelkorn@europarl.eu.int' ) ;
insert into http values ( 'wkuckelkorn', 'http://www.wilfried-kuckelkorn.de' ) ;
insert into adrna values ( 'wkuckelkorn', 'Europabüro Münsterstraße 10 D-53111 BONN' ) ;

insert into pnom values ( 'ldybkjaer', 'Fru Lone DYBKJÆR' ) ;
insert into euprt values ( 'ldybkjaer', 'ELDR', 5 ) ;
insert into naprt values ( 'ldybkjaer', 'Det Radikale Venstre' ) ;
insert into land values ( 'ldybkjaer', 'DK' ) ;
insert into komit values ( 'ldybkjaer', 'AFCO', 2 ) ;
insert into komit values ( 'ldybkjaer', 'FEMM', 2 ) ;
insert into komit values ( 'ldybkjaer', 'DEVE', 1 ) ;
insert into adreu values ( 'ldybkjaer', 'European Parliament; Bât. Altiero Spinelli; 10G116; 60, rue Wiertz / Wiertzstraat 60; B-1047 Bruxelles/Brussel' ) ;
insert into adreu values ( 'ldybkjaer', 'European Parliament; Bât. Louise Weiss; T11035; Allée du Printemps; BP 10024/F; F-67070 Strasbourg Cedex' ) ;
insert into fax values ( 'ldybkjaer', '+32 (0)2 284 9391' ) ;
insert into fax values ( 'ldybkjaer', '+33 (0)3 88 17 9391' ) ;
insert into mail values ( 'ldybkjaer', 'ldybkjaer@europarl.eu.int' ) ;
insert into mail values ( 'ldybkjaer', 'rvlody@ft.dk' ) ;
insert into http values ( 'ldybkjaer', 'http://www.lone-dybkjaer.dk' ) ;
insert into adrna values ( 'ldybkjaer', 'Christiansborg DK-1240 COPENHAGEN' ) ;

insert into pnom values ( 'nglante', 'Herr Norbert GLANTE' ) ;
insert into euprt values ( 'nglante', 'PSE', 2 ) ;
insert into naprt values ( 'nglante', 'SPD' ) ;
insert into land values ( 'nglante', 'DE' ) ;
insert into komit values ( 'nglante', 'ITRE', 2 ) ;
insert into komit values ( 'nglante', 'ECON', 1 ) ;
insert into deleg values ( 'nglante', 'SK', 2 ) ;
insert into deleg values ( 'nglante', 'PL', 1 ) ;
insert into adreu values ( 'nglante', 'European Parliament; Bât. Altiero Spinelli; 12G242; 60, rue Wiertz / Wiertzstraat 60; B-1047 Bruxelles/Brussel' ) ;
insert into adreu values ( 'nglante', 'European Parliament; Bât. Louise Weiss; T07021; Allée du Printemps; BP 10024/F; F-67070 Strasbourg Cedex' ) ;
insert into fax values ( 'nglante', '+32 (0)2 284 9356' ) ;
insert into fax values ( 'nglante', '+33 (0)3 88 17 9356' ) ;
insert into mail values ( 'nglante', 'nglante@europarl.eu.int' ) ;
insert into mail values ( 'nglante', 'norbert@glante.de' ) ;
insert into http values ( 'nglante', 'http://www.glante.de' ) ;
insert into adrna values ( 'nglante', 'SPD-Europabüro Friedrich Ebert-Straße 61 D-14469 POTSDAM' ) ;

insert into pnom values ( 'kjoens', 'Frau Karin JÖNS' ) ;
insert into euprt values ( 'kjoens', 'PSE', 2 ) ;
insert into naprt values ( 'kjoens', 'SPD' ) ;
insert into land values ( 'kjoens', 'DE' ) ;
insert into komit values ( 'kjoens', 'EMPL', 2 ) ;
insert into komit values ( 'kjoens', 'FEMM', 1 ) ;
insert into komit values ( 'kjoens', 'ENVI', 1 ) ;
insert into deleg values ( 'kjoens', 'Balkan', 2 ) ;
insert into adreu values ( 'kjoens', 'European Parliament; Bât. Altiero Spinelli; 12G142; 60, rue Wiertz / Wiertzstraat 60; B-1047 Bruxelles/Brussel' ) ;
insert into adreu values ( 'kjoens', 'European Parliament; Bât. Louise Weiss; T07008; Allée du Printemps; BP 10024/F; F-67070 Strasbourg Cedex' ) ;
insert into fax values ( 'kjoens', '+32 (0)2 284 9535' ) ;
insert into fax values ( 'kjoens', '+33 (0)3 88 17 9535' ) ;
insert into mail values ( 'kjoens', 'kjoens@europarl.eu.int' ) ;
insert into http values ( 'kjoens', 'http://www.joens.de' ) ;
insert into adrna values ( 'kjoens', 'SPD-Europabüro Findorffstraße 106 D-28215 BREMEN' ) ;

insert into pnom values ( 'hkindermann', 'Herr Heinz KINDERMANN' ) ;
insert into euprt values ( 'hkindermann', 'PSE', 2 ) ;
insert into naprt values ( 'hkindermann', 'SPD' ) ;
insert into land values ( 'hkindermann', 'DE' ) ;
insert into komit values ( 'hkindermann', 'AGRI', 2 ) ;
insert into komit values ( 'hkindermann', 'PECH', 2 ) ;
insert into deleg values ( 'hkindermann', 'PL', 2 ) ;
insert into deleg values ( 'hkindermann', 'HU', 1 ) ;
insert into adreu values ( 'hkindermann', 'European Parliament; Bât. Altiero Spinelli; 12G157; 60, rue Wiertz / Wiertzstraat 60; B-1047 Bruxelles/Brussel' ) ;
insert into adreu values ( 'hkindermann', 'European Parliament; Bât. Louise Weiss; T07014; Allée du Printemps; BP 10024/F; F-67070 Strasbourg Cedex' ) ;
insert into fax values ( 'hkindermann', '+32 (0)2 284 9060' ) ;
insert into fax values ( 'hkindermann', '+33 (0)3 88 17 9060' ) ;
insert into mail values ( 'hkindermann', 'hkindermann@europarl.eu.int' ) ;
insert into mail values ( 'hkindermann', 'Dr.Heinz.Kindermann@t-online.de' ) ;
insert into adrna values ( 'hkindermann', 'Europäisches Parlament Rue Wiertz ASP 12G157  B-1047 BRÜSSEL' ) ;

insert into pnom values ( 'brapkay', 'Herr Bernhard RAPKAY' ) ;
insert into euprt values ( 'brapkay', 'PSE', 2 ) ;
insert into naprt values ( 'brapkay', 'SPD' ) ;
insert into land values ( 'brapkay', 'DE' ) ;
insert into komit values ( 'brapkay', 'ECON', 2 ) ;
insert into komit values ( 'brapkay', 'ITRE', 1 ) ;
insert into deleg values ( 'brapkay', 'SAARC', 2 ) ;
insert into adreu values ( 'brapkay', 'European Parliament; Bât. Altiero Spinelli; 11G242; 60, rue Wiertz / Wiertzstraat 60; B-1047 Bruxelles/Brussel' ) ;
insert into adreu values ( 'brapkay', 'European Parliament; Bât. Louise Weiss; T07027; Allée du Printemps; BP 10024/F; F-67070 Strasbourg Cedex' ) ;
insert into fax values ( 'brapkay', '+32 (0)2 284 9593' ) ;
insert into fax values ( 'brapkay', '+33 (0)3 88 17 9593' ) ;
insert into mail values ( 'brapkay', 'brapkay@europarl.eu.int' ) ;
insert into http values ( 'brapkay', 'http://www.rapkay.de' ) ;
insert into adrna values ( 'brapkay', 'SPD-Europabüro Brüderweg 10-12 D-44135 DORTMUND' ) ;

insert into pnom values ( 'bweiler', 'Frau Barbara WEILER' ) ;
insert into euprt values ( 'bweiler', 'PSE', 2 ) ;
insert into naprt values ( 'bweiler', 'SPD' ) ;
insert into land values ( 'bweiler', 'DE' ) ;
insert into komit values ( 'bweiler', 'EMPL', 2 ) ;
insert into komit values ( 'bweiler', 'BUDG', 1 ) ;
insert into deleg values ( 'bweiler', 'MT', 2 ) ;
insert into adreu values ( 'bweiler', 'European Parliament; Bât. Altiero Spinelli; 12G269; 60, rue Wiertz / Wiertzstraat 60; B-1047 Bruxelles/Brussel' ) ;
insert into adreu values ( 'bweiler', 'European Parliament; Bât. Louise Weiss; T07006; Allée du Printemps; BP 10024/F; F-67070 Strasbourg Cedex' ) ;
insert into fax values ( 'bweiler', '+32 (0)2 284 9439' ) ;
insert into fax values ( 'bweiler', '+33 (0)3 88 17 9439' ) ;
insert into mail values ( 'bweiler', 'bweiler@europarl.eu.int' ) ;
insert into adrna values ( 'bweiler', 'Humboldtstraße 8A D-34117 KASSEL' ) ;

insert into pnom values ( 'hkuhne', 'Herr Helmut KUHNE' ) ;
insert into euprt values ( 'hkuhne', 'PSE', 2 ) ;
insert into naprt values ( 'hkuhne', 'SPD' ) ;
insert into land values ( 'hkuhne', 'DE' ) ;
insert into komit values ( 'hkuhne', 'CONT', 2 ) ;
insert into komit values ( 'hkuhne', 'ITRE', 1 ) ;
insert into deleg values ( 'hkuhne', 'NATO', 8 ) ;
insert into adreu values ( 'hkuhne', 'European Parliament; Bât. Altiero Spinelli; 12G165; 60, rue Wiertz / Wiertzstraat 60; B-1047 Bruxelles/Brussel' ) ;
insert into adreu values ( 'hkuhne', 'European Parliament; Bât. Louise Weiss; T07020; Allée du Printemps; BP 10024/F; F-67070 Strasbourg Cedex' ) ;
insert into fax values ( 'hkuhne', '+32 (0)2 284 9428' ) ;
insert into fax values ( 'hkuhne', '+33 (0)3 88 17 9428' ) ;
insert into mail values ( 'hkuhne', 'hkuhne@europarl.eu.int' ) ;
insert into mail values ( 'hkuhne', 'kuhne.mdep@t-online.de' ) ;
insert into http values ( 'hkuhne', 'http://www.helmut-kuhne.de' ) ;
insert into adrna values ( 'hkuhne', 'Ulricherstraße, 26-28 D-59494 SOEST' ) ;

insert into pnom values ( 'blange', 'Herr Bernd LANGE' ) ;
insert into euprt values ( 'blange', 'PSE', 2 ) ;
insert into naprt values ( 'blange', 'SPD' ) ;
insert into land values ( 'blange', 'DE' ) ;
insert into komit values ( 'blange', 'ENVI', 2 ) ;
insert into komit values ( 'blange', 'ITRE', 1 ) ;
insert into deleg values ( 'blange', 'ZA', 2 ) ;
insert into adreu values ( 'blange', 'European Parliament; Bât. Altiero Spinelli; 11G158; 60, rue Wiertz / Wiertzstraat 60; B-1047 Bruxelles/Brussel' ) ;
insert into adreu values ( 'blange', 'European Parliament; Bât. Louise Weiss; T07033; Allée du Printemps; BP 10024/F; F-67070 Strasbourg Cedex' ) ;
insert into fax values ( 'blange', '+32 (0)2 284 9596' ) ;
insert into fax values ( 'blange', '+33 (0)3 88 17 9596' ) ;
insert into mail values ( 'blange', 'bernd.lange@spd.de' ) ;
insert into mail values ( 'blange', 'blange@europarl.eu.int' ) ;
insert into http values ( 'blange', 'http://www.bernd-lange.de' ) ;
insert into adrna values ( 'blange', 'Europabüro Odeonstraße 15/16 D-30159 HANNOVER' ) ;

insert into pnom values ( 'rwalter', 'Herr Ralf WALTER' ) ;
insert into euprt values ( 'rwalter', 'PSE', 2 ) ;
insert into naprt values ( 'rwalter', 'SPD' ) ;
insert into land values ( 'rwalter', 'DE' ) ;
insert into komit values ( 'rwalter', 'BUDG', 2 ) ;
insert into komit values ( 'rwalter', 'RETT', 1 ) ;
insert into deleg values ( 'rwalter', 'LV', 8 ) ;
insert into deleg values ( 'rwalter', 'EE', 1 ) ;
insert into adreu values ( 'rwalter', 'European Parliament; Bât. Altiero Spinelli; 11G254; 60, rue Wiertz / Wiertzstraat 60; B-1047 Bruxelles/Brussel' ) ;
insert into adreu values ( 'rwalter', 'European Parliament; Bât. Louise Weiss; T07025; Allée du Printemps; BP 10024/F; F-67070 Strasbourg Cedex' ) ;
insert into fax values ( 'rwalter', '+32 (0)2 284 9426' ) ;
insert into fax values ( 'rwalter', '+33 (0)3 88 17 9426' ) ;
insert into mail values ( 'rwalter', 'rwalter@europarl.eu.int' ) ;
insert into adrna values ( 'rwalter', 'Enderstraße 54 D-56812 COCHEM' ) ;

insert into pnom values ( 'mschulz', 'Herr Martin SCHULZ' ) ;
insert into euprt values ( 'mschulz', 'PSE', 8 ) ;
insert into naprt values ( 'mschulz', 'SPD' ) ;
insert into land values ( 'mschulz', 'DE' ) ;
insert into komit values ( 'mschulz', 'LIBE', 2 ) ;
insert into komit values ( 'mschulz', 'AFET', 1 ) ;
insert into deleg values ( 'mschulz', 'CY', 1 ) ;
insert into deleg values ( 'mschulz', 'AmGeAz', 2 ) ;
insert into adreu values ( 'mschulz', 'European Parliament; Bât. Altiero Spinelli; 12G201; 60, rue Wiertz / Wiertzstraat 60; B-1047 Bruxelles/Brussel' ) ;
insert into adreu values ( 'mschulz', 'European Parliament; Bât. Louise Weiss; T06013; Allée du Printemps; BP 10024/F; F-67070 Strasbourg Cedex' ) ;
insert into fax values ( 'mschulz', '+32 (0)2 284 9503' ) ;
insert into fax values ( 'mschulz', '+33 (0)3 88 17 9503' ) ;
insert into adrna values ( 'mschulz', 'Willy-Brandt-Ring 1 D-52477 ALSDORF' ) ;

insert into pnom values ( 'egebhardt', 'Frau Evelyne GEBHARDT' ) ;
insert into euprt values ( 'egebhardt', 'PSE', 2 ) ;
insert into naprt values ( 'egebhardt', 'SPD' ) ;
insert into land values ( 'egebhardt', 'DE' ) ;
insert into komit values ( 'egebhardt', 'JURI', 2 ) ;
insert into komit values ( 'egebhardt', 'LIBE', 1 ) ;
insert into deleg values ( 'egebhardt', 'CN', 2 ) ;
insert into adreu values ( 'egebhardt', 'European Parliament; Bât. Altiero Spinelli; 12G346; 60, rue Wiertz / Wiertzstraat 60; B-1047 Bruxelles/Brussel' ) ;
insert into adreu values ( 'egebhardt', 'European Parliament; Bât. Louise Weiss; T07017; Allée du Printemps; BP 10024/F; F-67070 Strasbourg Cedex' ) ;
insert into fax values ( 'egebhardt', '+32 (0)2 284 9466' ) ;
insert into fax values ( 'egebhardt', '+33 (0)3 88 17 9466' ) ;
insert into mail values ( 'egebhardt', 'egebhardt@europarl.eu.int' ) ;
insert into mail values ( 'egebhardt', 'egebhardt.mdep@t-online.de' ) ;
insert into adrna values ( 'egebhardt', 'Europa-Büro Lehmgrubengasse 1 D-74653 KÜNZELSAU' ) ;

insert into pnom values ( 'jdhaug', 'Frau Jutta D. HAUG') ;
insert into euprt values ( 'jdhaug', 'PSE', 2 ) ;
insert into naprt values ( 'jdhaug', 'SPD' ) ;
insert into land values ( 'jdhaug', 'DE' ) ;
insert into komit values ( 'jdhaug', 'BUDG', 2 ) ;
insert into komit values ( 'jdhaug', 'FEMM', 1 ) ;
insert into komit values ( 'jdhaug', 'ENVI', 1 ) ;
insert into adreu values ( 'jdhaug', 'European Parliament; Bât. Altiero Spinelli; 11G246; 60, rue Wiertz / Wiertzstraat 60; B-1047 Bruxelles/Brussel' ) ;
insert into adreu values ( 'jdhaug', 'European Parliament; Bât. Louise Weiss; T07029; Allée du Printemps; BP 10024/F; F-67070 Strasbourg Cedex' ) ;
insert into fax values ( 'jdhaug', '+32 (0)2 284 9595' ) ;
insert into fax values ( 'jdhaug', '+33 (0)3 88 17 9595' ) ;
insert into adrna values ( 'jdhaug', 'Europäisches Parlament Rue Wiertz ASP 11G246  B-1047 BRÜSSEL' ) ;

insert into pnom values ( 'xmayer', 'Herr Xaver MAYER' ) ;
insert into euprt values ( 'xmayer', 'EUPP', 2 ) ;
insert into naprt values ( 'xmayer', 'CSU' ) ;
insert into land values ( 'xmayer', 'DE' ) ;
insert into komit values ( 'xmayer', 'AGRI', 2 ) ;
insert into komit values ( 'xmayer', 'EMPL', 1 ) ;
insert into deleg values ( 'xmayer', 'EEA', 1 ) ;
insert into deleg values ( 'xmayer', 'ChIsNo', 2 ) ;
insert into adreu values ( 'xmayer', 'European Parliament; Bât. Altiero Spinelli; 15E246; 60, rue Wiertz / Wiertzstraat 60; B-1047 Bruxelles/Brussel' ) ;
insert into adreu values ( 'xmayer', 'European Parliament; Bât. Louise Weiss; T10015; Allée du Printemps; BP 10024/F; F-67070 Strasbourg Cedex' ) ;
insert into fax values ( 'xmayer', '+32 (0)2 284 9231' ) ;
insert into fax values ( 'xmayer', '+33 (0)3 88 17 9231' ) ;
insert into mail values ( 'xmayer', 'xmayer@europarl.eu.int' ) ;
insert into http values ( 'xmayer', 'http://www.cdu-csu-ep.de' ) ;
insert into adrna values ( 'xmayer', 'CSU-Abgeordnederbüro Marienplatz 11 D-94405 LANDAU/ISAR' ) ;

insert into pnom values ( 'mferber', 'Herr Markus FERBER' ) ;
insert into euprt values ( 'mferber', 'EUPP', 5 ) ;
insert into naprt values ( 'mferber', 'CSU' ) ;
insert into land values ( 'mferber', 'DE' ) ;
insert into komit values ( 'mferber', 'BUDG', 2 ) ;
insert into komit values ( 'mferber', 'RETT', 1 ) ;
insert into deleg values ( 'mferber', 'EEA', 2 ) ;
insert into adreu values ( 'mferber', 'European Parliament; Bât. Altiero Spinelli; 15E242; 60, rue Wiertz / Wiertzstraat 60; B-1047 Bruxelles/Brussel' ) ;
insert into adreu values ( 'mferber', 'European Parliament; Bât. Louise Weiss; T10039; Allée du Printemps; BP 10024/F; F-67070 Strasbourg Cedex' ) ;
insert into fax values ( 'mferber', '+32 (0)2 284 9230' ) ;
insert into fax values ( 'mferber', '+33 (0)3 88 17 9230' ) ;
insert into mail values ( 'mferber', 'mferber@europarl.eu.int' ) ;
insert into http values ( 'mferber', 'http://www.cdu-csu-ep.de' ) ;
insert into adrna values ( 'mferber', 'Europäisches Parlament Rue Wiertz ASP 15E242  B-1047 BRÜSSEL' ) ;

insert into pnom values ( 'okrarup', 'Hr. Ole KRARUP' ) ;
insert into euprt values ( 'okrarup', 'LEFT', 2 ) ;
insert into naprt values ( 'okrarup', 'Folkebevægelsen mod EU' ) ;
insert into land values ( 'okrarup', 'DK' ) ;
insert into komit values ( 'okrarup', 'LIBE', 2 ) ;
insert into komit values ( 'okrarup', 'JURI', 1 ) ;
insert into deleg values ( 'okrarup', 'SI', 2 ) ;
insert into adreu values ( 'okrarup', 'European Parliament; Bât. Altiero Spinelli; 07H349; 60, rue Wiertz / Wiertzstraat 60; B-1047 Bruxelles/Brussel' ) ;
insert into adreu values ( 'okrarup', 'European Parliament; Bât. Louise Weiss; T11069; Allée du Printemps; BP 10024/F; F-67070 Strasbourg Cedex' ) ;
insert into fax values ( 'okrarup', '+32 (0)2 284 9152' ) ;
insert into fax values ( 'okrarup', '+33 (0)3 88 17 9152' ) ;
insert into mail values ( 'okrarup', 'Ole.Krarup@jur.ku.dk' ) ;
insert into http values ( 'okrarup', 'http://www.ole-krarup.dk' ) ;
insert into adrna values ( 'okrarup', 'Københavns Universitet Det retsvidenskabelige Institut B Studiestræde 6  DK-1455 KØBENHAVN K' ) ;

insert into pnom values ( 'hnassauer', 'Herr Hartmut NASSAUER' ) ;
insert into euprt values ( 'hnassauer', 'EUPP', 5 ) ;
insert into naprt values ( 'hnassauer', 'CDU' ) ;
insert into land values ( 'hnassauer', 'DE' ) ;
insert into komit values ( 'hnassauer', 'LIBE', 2 ) ;
insert into komit values ( 'hnassauer', 'JURI', 1 ) ;
insert into deleg values ( 'hnassauer', 'ASEAN', 9 ) ;
insert into adreu values ( 'hnassauer', 'European Parliament; Bât. Altiero Spinelli; 15E205; 60, rue Wiertz / Wiertzstraat 60; B-1047 Bruxelles/Brussel' ) ;
insert into adreu values ( 'hnassauer', 'European Parliament; Bât. Louise Weiss; T12045; Allée du Printemps; BP 10024/F; F-67070 Strasbourg Cedex' ) ;
insert into fax values ( 'hnassauer', '+32 (0)2 284 9361' ) ;
insert into fax values ( 'hnassauer', '+33 (0)3 88 17 9361' ) ;
insert into mail values ( 'hnassauer', 'hnassauer@europarl.eu.int' ) ;
insert into http values ( 'hnassauer', 'http://www.hartmut-nassauer.de' ) ;
insert into adrna values ( 'hnassauer', 'Europäisches Parlament Rue Wiertz ASP 15E205  B-1047 BRÜSSEL' ) ;

insert into pnom values ( 'tmann', 'Herr Thomas MANN' ) ;
insert into euprt values ( 'tmann', 'EUPP', 2 ) ;
insert into naprt values ( 'tmann', 'CDU' ) ;
insert into land values ( 'tmann', 'DE' ) ;
insert into komit values ( 'tmann', 'EMPL', 2 ) ;
insert into komit values ( 'tmann', 'FEMM', 2 ) ;
insert into komit values ( 'tmann', 'ECON', 1 ) ;
insert into deleg values ( 'tmann', 'SAARC', 8 ) ;
insert into adreu values ( 'tmann', 'European Parliament; Bât. Altiero Spinelli; 15E107; 60, rue Wiertz / Wiertzstraat 60; B-1047 Bruxelles/Brussel' ) ;
insert into adreu values ( 'tmann', 'European Parliament; Bât. Louise Weiss; T10013; Allée du Printemps; BP 10024/F; F-67070 Strasbourg Cedex' ) ;
insert into fax values ( 'tmann', '+32 (0)2 284 9318' ) ;
insert into fax values ( 'tmann', '+33 (0)3 88 17 9318' ) ;
insert into http values ( 'tmann', 'http://www.mann-europa.de' ) ;
insert into adrna values ( 'tmann', 'Württemberger Straße 11 D-65824 SCHWALBACH AM TAUNUS' ) ;

insert into pnom values ( 'agomolka', 'Herr Alfred GOMOLKA' ) ;
insert into euprt values ( 'agomolka', 'EUPP', 5 ) ;
insert into naprt values ( 'agomolka', 'CDU' ) ;
insert into land values ( 'agomolka', 'DE' ) ;
insert into komit values ( 'agomolka', 'AFET', 2 ) ;
insert into komit values ( 'agomolka', 'ITRE', 1 ) ;
insert into deleg values ( 'agomolka', 'LV', 9 ) ;
insert into deleg values ( 'agomolka', 'EE', 1 ) ;
insert into adreu values ( 'agomolka', 'European Parliament; Bât. Altiero Spinelli; 10E205; 60, rue Wiertz / Wiertzstraat 60; B-1047 Bruxelles/Brussel' ) ;
insert into adreu values ( 'agomolka', 'European Parliament; Bât. Louise Weiss; T10149; Allée du Printemps; BP 10024/F; F-67070 Strasbourg Cedex' ) ;
insert into fax values ( 'agomolka', '+32 (0)2 284 9307' ) ;
insert into fax values ( 'agomolka', '+33 (0)3 88 17 9307' ) ;
insert into mail values ( 'agomolka', 'agomolka@europarl.eu.int' ) ;
insert into http values ( 'agomolka', 'http://www.cdu-csu-ep.de' ) ;
insert into adrna values ( 'agomolka', 'Am Markt 1 D-17489 GREIFSWALD' ) ;

insert into pnom values ( 'kriis', 'Fru Karin RIIS-JØRGENSEN' ) ;
insert into euprt values ( 'kriis', 'ELDR', 8 ) ;
insert into naprt values ( 'kriis', 'Venstre' ) ;
insert into land values ( 'kriis', 'DK' ) ;
insert into komit values ( 'kriis', 'ECON', 2 ) ;
insert into komit values ( 'kriis', 'JURI', 1 ) ;
insert into deleg values ( 'kriis', 'MERCOSUR', 2 ) ;
insert into adreu values ( 'kriis', 'European Parliament; Bât. Altiero Spinelli; 10G130; 60, rue Wiertz / Wiertzstraat 60; B-1047 Bruxelles/Brussel' ) ;
insert into adreu values ( 'kriis', 'European Parliament; Bât. Louise Weiss; T11033; Allée du Printemps; BP 10024/F; F-67070 Strasbourg Cedex' ) ;
insert into fax values ( 'kriis', '+32 (0)2 284 9794' ) ;
insert into fax values ( 'kriis', '+33 (0)3 88 17 9794' ) ;
insert into mail values ( 'kriis', 'kriis@europarl.eu.int' ) ;
insert into adrna values ( 'kriis', 'Europa-Parlamentet Rue Wiertz ASP 10G130  B-1047 BRUXELLES' ) ;

insert into pnom values ( 'pliese', 'Herr Peter LIESE' ) ;
insert into euprt values ( 'pliese', 'EUPP', 2 ) ;
insert into naprt values ( 'pliese', 'CDU' ) ;
insert into land values ( 'pliese', 'DE' ) ;
insert into komit values ( 'pliese', 'ENVI', 2 ) ;
insert into komit values ( 'pliese', 'ITRE', 1 ) ;
insert into deleg values ( 'pliese', 'CAMx', 8 ) ;
insert into adreu values ( 'pliese', 'European Parliament; Bât. Altiero Spinelli; 10E153; 60, rue Wiertz / Wiertzstraat 60; B-1047 Bruxelles/Brussel' ) ;
insert into adreu values ( 'pliese', 'European Parliament; Bât. Louise Weiss; T10011; Allée du Printemps; BP 10024/F; F-67070 Strasbourg Cedex' ) ;
insert into fax values ( 'pliese', '+32 (0)2 284 9981' ) ;
insert into fax values ( 'pliese', '+33 (0)3 88 17 9981' ) ;
insert into mail values ( 'pliese', 'pliese@europarl.eu.int' ) ;
insert into http values ( 'pliese', 'http://www.cdu-csu-ep.de' ) ;
insert into adrna values ( 'pliese', 'CDU Europa-Büro Le Puystraße 17 D-59872 MESCHEDE' ) ;

insert into pnom values ( 'wlangen', 'Herr Werner LANGEN' ) ;
insert into euprt values ( 'wlangen', 'EUPP', 5 ) ;
insert into naprt values ( 'wlangen', 'CDU' ) ;
insert into land values ( 'wlangen', 'DE' ) ;
insert into komit values ( 'wlangen', 'ITRE', 2 ) ;
insert into komit values ( 'wlangen', 'ECON', 1 ) ;
insert into deleg values ( 'wlangen', 'TR', 1 ) ;
insert into deleg values ( 'wlangen', 'MERCOSUR', 2 ) ;
insert into deleg values ( 'wlangen', 'RU', 2 ) ;
insert into adreu values ( 'wlangen', 'European Parliament; Bât. Altiero Spinelli; 15E130; 60, rue Wiertz / Wiertzstraat 60; B-1047 Bruxelles/Brussel' ) ;
insert into adreu values ( 'wlangen', 'European Parliament; Bât. Louise Weiss; T10051; Allée du Printemps; BP 10024/F; F-67070 Strasbourg Cedex' ) ;
insert into fax values ( 'wlangen', '+32 (0)2 284 9385' ) ;
insert into fax values ( 'wlangen', '+33 (0)3 88 17 9385' ) ;
insert into mail values ( 'wlangen', 'wlangen@europarl.eu.int' ) ;
insert into http values ( 'wlangen', 'http://www.cdu-csu-ep.de' ) ;
insert into adrna values ( 'wlangen', 'Europabüro Oberfell Höllerweg, 30 D-56332 OBERFELL' ) ;

insert into pnom values ( 'cklass', 'Frau Christa KLASS' ) ;
insert into euprt values ( 'cklass', 'EUPP', 2 ) ;
insert into naprt values ( 'cklass', 'CDU' ) ;
insert into land values ( 'cklass', 'DE' ) ;
insert into komit values ( 'cklass', 'FEMM', 2 ) ;
insert into komit values ( 'cklass', 'ENVI', 2 ) ;
insert into komit values ( 'cklass', 'AGRI', 1 ) ;
insert into deleg values ( 'cklass', 'CN', 2 ) ;
insert into adreu values ( 'cklass', 'European Parliament; Bât. Altiero Spinelli; 10E165; 60, rue Wiertz / Wiertzstraat 60; B-1047 Bruxelles/Brussel' ) ;
insert into adreu values ( 'cklass', 'European Parliament; Bât. Louise Weiss; T10151; Allée du Printemps; BP 10024/F; F-67070 Strasbourg Cedex' ) ;
insert into fax values ( 'cklass', '+32 (0)2 284 9313' ) ;
insert into fax values ( 'cklass', '+33 (0)3 88 17 9313' ) ;
insert into mail values ( 'cklass', 'cklass@europarl.eu.int' ) ;
insert into http values ( 'cklass', 'http://www.cdu-csu-ep.de' ) ;
insert into adrna values ( 'cklass', 'Moselstraße 35 D-54518 OSANN-MONZEL' ) ;

insert into pnom values ( 'hschnellhardt', 'Herr Horst SCHNELLHARDT' ) ;
insert into euprt values ( 'hschnellhardt', 'EUPP', 2 ) ;
insert into naprt values ( 'hschnellhardt', 'CDU' ) ;
insert into land values ( 'hschnellhardt', 'DE' ) ;
insert into komit values ( 'hschnellhardt', 'ENVI', 2 ) ;
insert into komit values ( 'hschnellhardt', 'ITRE', 1 ) ;
insert into adreu values ( 'hschnellhardt', 'European Parliament; Bât. Altiero Spinelli; 15E115; 60, rue Wiertz / Wiertzstraat 60; B-1047 Bruxelles/Brussel' ) ;
insert into adreu values ( 'hschnellhardt', 'European Parliament; Bât. Louise Weiss; T10025; Allée du Printemps; BP 10024/F; F-67070 Strasbourg Cedex' ) ;
insert into fax values ( 'hschnellhardt', '+32 (0)2 284 9618' ) ;
insert into fax values ( 'hschnellhardt', '+33 (0)3 88 17 9618' ) ;
insert into mail values ( 'hschnellhardt', 'hschnellhardt@europarl.eu.int' ) ;
insert into http values ( 'hschnellhardt', 'http://www.cdu-csu-ep.de' ) ;
insert into adrna values ( 'hschnellhardt', 'Europäisches Parlament Rue Wiertz ASP 15E115  B-1047 BRÜSSEL' ) ;

insert into pnom values ( 'eschroedter', 'Frau Elisabeth SCHROEDTER' ) ;
insert into euprt values ( 'eschroedter', 'VERD', 2 ) ;
insert into naprt values ( 'eschroedter', 'B90G' ) ;
insert into land values ( 'eschroedter', 'DE' ) ;
insert into komit values ( 'eschroedter', 'AFET', 2 ) ;
insert into komit values ( 'eschroedter', 'RETT', 1 ) ;
insert into deleg values ( 'eschroedter', 'PL', 1 ) ;
insert into deleg values ( 'eschroedter', 'UA', 8 ) ;
insert into adreu values ( 'eschroedter', 'European Parliament; Bât. Altiero Spinelli; 08G310; 60, rue Wiertz / Wiertzstraat 60; B-1047 Bruxelles/Brussel' ) ;
insert into adreu values ( 'eschroedter', 'European Parliament; Bât. Louise Weiss; T05133; Allée du Printemps; BP 10024/F; F-67070 Strasbourg Cedex' ) ;
insert into fax values ( 'eschroedter', '+32 (0)2 284 9234' ) ;
insert into fax values ( 'eschroedter', '+33 (0)3 88 17 9234' ) ;
insert into mail values ( 'eschroedter', 'eschroedter@europarl.eu.int' ) ;
insert into http values ( 'eschroedter', 'http://www.elisabeth-schroedter.de' ) ;
insert into adrna values ( 'eschroedter', 'Platz der Republik 1 D-11011 BERLIN' ) ;

insert into pnom values ( 'cbendit', 'Herr Daniel Marc COHN-BENDIT' ) ;
insert into euprt values ( 'cbendit', 'VERD', 'cop' ) ;
insert into naprt values ( 'cbendit', 'Les Verts-Europe-Ecologie' ) ;
insert into land values ( 'cbendit', 'FR' ) ;
insert into komit values ( 'cbendit', 'CULT', 2 ) ;
insert into komit values ( 'cbendit', 'AFCO', 1 ) ;
insert into komit values ( 'cbendit', 'AFET', 1 ) ;
insert into deleg values ( 'cbendit', 'NATO', 2 ) ;
insert into adreu values ( 'cbendit', 'European Parliament; Bât. Altiero Spinelli; 08G205; 60, rue Wiertz / Wiertzstraat 60; B-1047 Bruxelles/Brussel' ) ;
insert into adreu values ( 'cbendit', 'European Parliament; Bât. Louise Weiss; T05113; Allée du Printemps; BP 10024/F; F-67070 Strasbourg Cedex' ) ;
insert into fax values ( 'cbendit', '+32 (0)2 284 9498' ) ;
insert into fax values ( 'cbendit', '+33 (0)3 88 17 9498' ) ;
insert into adrna values ( 'cbendit', 'Parlement européen Groupe des Verts 288, bd Saint Germain  F-75007 PARIS' ) ;

insert into pnom values ( 'wkreissld', 'Herr Wolfgang KREISSL-DÖRFLER') ;
insert into euprt values ( 'wkreissld', 'PSE', 2 ) ;
insert into naprt values ( 'wkreissld', 'SPD' ) ;
insert into land values ( 'wkreissld', 'DE' ) ;
insert into komit values ( 'wkreissld', 'DEVE', 2 ) ;
insert into komit values ( 'wkreissld', 'AGRI', 1 ) ;
insert into deleg values ( 'wkreissld', 'CAMx', 2 ) ;
insert into adreu values ( 'wkreissld', 'European Parliament; Bât. Altiero Spinelli; 08G257; 60, rue Wiertz / Wiertzstraat 60; B-1047 Bruxelles/Brussel' ) ;
insert into adreu values ( 'wkreissld', 'European Parliament; Bât. Louise Weiss; T05119; Allée du Printemps; BP 10024/F; F-67070 Strasbourg Cedex' ) ;
insert into fax values ( 'wkreissld', '+32 (0)2 284 9110' ) ;
insert into fax values ( 'wkreissld', '+33 (0)3 88 17 9110' ) ;
insert into adrna values ( 'wkreissld', 'Europabüro München Oberanger 38/III D-80331 MÜNCHEN' ) ;

insert into pnom values ( 'avanlancker', 'Mevr. Anne E.M. VAN LANCKER' ) ;
insert into euprt values ( 'avanlancker', 'PSE', 5 ) ;
insert into naprt values ( 'avanlancker', 'Socialistische Partij' ) ;
insert into land values ( 'avanlancker', 'BE' ) ;
insert into komit values ( 'avanlancker', 'EMPL', 2 ) ;
insert into komit values ( 'avanlancker', 'DEVE', 1 ) ;
insert into komit values ( 'avanlancker', 'FEMM', 1 ) ;
insert into deleg values ( 'avanlancker', 'TR', 1 ) ;
insert into deleg values ( 'avanlancker', 'ASEAN', 2 ) ;
insert into adreu values ( 'avanlancker', 'European Parliament; Bât. Altiero Spinelli; 12G107; 60, rue Wiertz / Wiertzstraat 60; B-1047 Bruxelles/Brussel' ) ;
insert into adreu values ( 'avanlancker', 'European Parliament; Bât. Louise Weiss; T07047; Allée du Printemps; BP 10024/F; F-67070 Strasbourg Cedex' ) ;
insert into fax values ( 'avanlancker', '+32 (0)2 284 9494' ) ;
insert into fax values ( 'avanlancker', '+33 (0)3 88 17 9494' ) ;
insert into mail values ( 'avanlancker', 'avanlancker@europarl.eu.int' ) ;
insert into adrna values ( 'avanlancker', 'Prinses Clementinalaan 134 B-9000 GENT' ) ;

insert into pnom values ( 'rangelilli', 'Sig.Ra Roberta ANGELILLI' ) ;
insert into euprt values ( 'rangelilli', 'NEUU', 2 ) ;
insert into naprt values ( 'rangelilli', 'Alleanza nazionale' ) ;
insert into land values ( 'rangelilli', 'IT' ) ;
insert into komit values ( 'rangelilli', 'LIBE', 2 ) ;
insert into komit values ( 'rangelilli', 'CULT', 1 ) ;
insert into deleg values ( 'rangelilli', 'Mashreq', 2 ) ;
insert into adreu values ( 'rangelilli', 'European Parliament; Bât. Altiero Spinelli; 07F155; 60, rue Wiertz / Wiertzstraat 60; B-1047 Bruxelles/Brussel' ) ;
insert into adreu values ( 'rangelilli', 'European Parliament; Bât. Louise Weiss; T13059; Allée du Printemps; BP 10024/F; F-67070 Strasbourg Cedex' ) ;
insert into fax values ( 'rangelilli', '+32 (0)2 284 9902' ) ;
insert into fax values ( 'rangelilli', '+33 (0)3 88 17 9902' ) ;
insert into adrna values ( 'rangelilli', 'Via Po, 49 I-00198 ROMA' ) ;

insert into pnom values ( 'smusumeci', 'On. Sebastiano (Nello) MUSUMECI') ;
insert into euprt values ( 'smusumeci', 'NEUU', 2 ) ;
insert into naprt values ( 'smusumeci', 'Alleanza nazionale' ) ;
insert into land values ( 'smusumeci', 'IT' ) ;
insert into komit values ( 'smusumeci', 'EMPL', 2 ) ;
insert into komit values ( 'smusumeci', 'PECH', 2 ) ;
insert into komit values ( 'smusumeci', 'AGRI', 1 ) ;
insert into deleg values ( 'smusumeci', 'CY', 2 ) ;
insert into adreu values ( 'smusumeci', 'European Parliament; Bât. Altiero Spinelli; 07F158; 60, rue Wiertz / Wiertzstraat 60; B-1047 Bruxelles/Brussel' ) ;
insert into adreu values ( 'smusumeci', 'European Parliament; Bât. Louise Weiss; T13067; Allée du Printemps; BP 10024/F; F-67070 Strasbourg Cedex' ) ;
insert into fax values ( 'smusumeci', '+32 (0)2 284 9765' ) ;
insert into fax values ( 'smusumeci', '+33 (0)3 88 17 9765' ) ;
insert into mail values ( 'smusumeci', 'musumeci@csanet.it' ) ;
insert into http values ( 'smusumeci', 'http://www.nellomusumeci.it' ) ;
insert into adrna values ( 'smusumeci', 'Via Caronda, 4 I-95124 CATANIA' ) ;

insert into pnom values ( 'mwiersma', 'De Heer Jan Marinus WIERSMA' ) ;
insert into euprt values ( 'mwiersma', 'PSE', 2 ) ;
insert into naprt values ( 'mwiersma', 'Partij van de Arbeid' ) ;
insert into land values ( 'mwiersma', 'NL' ) ;
insert into komit values ( 'mwiersma', 'AFET', 2 ) ;
insert into komit values ( 'mwiersma', 'PETI', 2 ) ;
insert into komit values ( 'mwiersma', 'RETT', 1 ) ;
insert into deleg values ( 'mwiersma', 'UA', 9 ) ;
insert into deleg values ( 'mwiersma', 'NATO', 2 ) ;
insert into adreu values ( 'mwiersma', 'European Parliament; Bât. Altiero Spinelli; 15G310; 60, rue Wiertz / Wiertzstraat 60; B-1047 Bruxelles/Brussel' ) ;
insert into adreu values ( 'mwiersma', 'European Parliament; Bât. Louise Weiss; T08089; Allée du Printemps; BP 10024/F; F-67070 Strasbourg Cedex' ) ;
insert into fax values ( 'mwiersma', '+32 (0)2 284 9435' ) ;
insert into fax values ( 'mwiersma', '+33 (0)3 88 17 9435' ) ;
insert into adrna values ( 'mwiersma', 'Europees Parlement Rue Wiertz ASP 15G310  B-1047 BRUSSEL' ) ;

insert into pnom values ( 'wgvelzen', 'De Heer W.G. van VELZEN' ) ;
insert into euprt values ( 'wgvelzen', 'EUPP', 8 ) ;
insert into naprt values ( 'wgvelzen', 'Christen Democratisch Appèl' ) ;
insert into land values ( 'wgvelzen', 'NL' ) ;
insert into komit values ( 'wgvelzen', 'ITRE', 2 ) ;
insert into komit values ( 'wgvelzen', 'AFET', 1 ) ;
insert into deleg values ( 'wgvelzen', 'PL', 2 ) ;
insert into deleg values ( 'wgvelzen', 'BG', 1 ) ;
insert into adreu values ( 'wgvelzen', 'European Parliament; Bât. Altiero Spinelli; 12E158; 60, rue Wiertz / Wiertzstraat 60; B-1047 Bruxelles/Brussel' ) ;
insert into adreu values ( 'wgvelzen', 'European Parliament; Bât. Louise Weiss; T09057; Allée du Printemps; BP 10024/F; F-67070 Strasbourg Cedex' ) ;
insert into fax values ( 'wgvelzen', '+32 (0)2 284 9623' ) ;
insert into fax values ( 'wgvelzen', '+33 (0)3 88 17 9623' ) ;
insert into mail values ( 'wgvelzen', 'wgvelzen@europarl.eu.int' ) ;
insert into http values ( 'wgvelzen', 'http://www.wimvanvelzen.nl' ) ;
insert into adrna values ( 'wgvelzen', 'Europees Parlement Rue Wiertz ASP 12E158  B-1047 BRUSSEL' ) ;

insert into pnom values ( 'fvanhecke', 'De Heer Frank VANHECKE' ) ;
insert into euprt values ( 'fvanhecke', 'NON', 2 ) ;
insert into naprt values ( 'fvanhecke', 'Vlaams Blok' ) ;
insert into land values ( 'fvanhecke', 'BE' ) ;
insert into komit values ( 'fvanhecke', 'LIBE', 2 ) ;
insert into komit values ( 'fvanhecke', 'AGRI', 1 ) ;
insert into deleg values ( 'fvanhecke', 'LT', 1 ) ;
insert into deleg values ( 'fvanhecke', 'RU', 2 ) ;
insert into adreu values ( 'fvanhecke', 'European Parliament; Bât. Altiero Spinelli; 12E246; 60, rue Wiertz / Wiertzstraat 60; B-1047 Bruxelles/Brussel' ) ;
insert into adreu values ( 'fvanhecke', 'European Parliament; Bât. Louise Weiss; T06066; Allée du Printemps; BP 10024/F; F-67070 Strasbourg Cedex' ) ;
insert into fax values ( 'fvanhecke', '+32 (0)2 284 9281' ) ;
insert into fax values ( 'fvanhecke', '+33 (0)3 88 17 9281' ) ;
insert into adrna values ( 'fvanhecke', 'J. van Belleghemstraat 1 B-8310 BRUGGE' ) ;

insert into pnom values ( 'lvinci', 'On. Luigi VINCI' ) ;
insert into euprt values ( 'lvinci', 'LEFT', 5 ) ;
insert into naprt values ( 'lvinci', 'Partito della rifondazione comunista' ) ;
insert into land values ( 'lvinci', 'IT' ) ;
insert into komit values ( 'lvinci', 'AFET', 2 ) ;
insert into komit values ( 'lvinci', 'AGRI', 1 ) ;
insert into adreu values ( 'lvinci', 'European Parliament; Bât. Altiero Spinelli; 09G217; 60, rue Wiertz / Wiertzstraat 60; B-1047 Bruxelles/Brussel' ) ;
insert into adreu values ( 'lvinci', 'European Parliament; Bât. Louise Weiss; T05019; Allée du Printemps; BP 10024/F; F-67070 Strasbourg Cedex' ) ;
insert into fax values ( 'lvinci', '+32 (0)2 284 9664' ) ;
insert into fax values ( 'lvinci', '+33 (0)3 88 17 9664' ) ;
insert into adrna values ( 'lvinci', 'Parlamento Europeo Rue Wiertz ASP 9G217  B-1047 BRUXELLES' ) ;

insert into pnom values ( 'jmdary', 'M. Michel J.M. DARY') ;
insert into euprt values ( 'jmdary', 'LEFT', 2 ) ;
insert into naprt values ( 'jmdary', 'Parti radical de gauche' ) ;
insert into land values ( 'jmdary', 'FR' ) ;
insert into komit values ( 'jmdary', 'JURI', 2 ) ;
insert into komit values ( 'jmdary', 'ITRE', 1 ) ;
insert into deleg values ( 'jmdary', 'Maghreb', 2 ) ;
insert into deleg values ( 'jmdary', 'Mashreq', 2 ) ;
insert into adreu values ( 'jmdary', 'European Parliament; Bât. Altiero Spinelli; 14G107; 60, rue Wiertz / Wiertzstraat 60; B-1047 Bruxelles/Brussel' ) ;
insert into adreu values ( 'jmdary', 'European Parliament; Bât. Louise Weiss; T08068; Allée du Printemps; BP 10024/F; F-67070 Strasbourg Cedex' ) ;
insert into fax values ( 'jmdary', '+32 (0)2 284 9791' ) ;
insert into fax values ( 'jmdary', '+33 (0)3 88 17 9791' ) ;
insert into adrna values ( 'jmdary', 'Parlement européen Rue Wiertz ASP 14G107  B-1047 BRUXELLES' ) ;

insert into pnom values ( 'jmulder', 'De Heer Jan MULDER' ) ;
insert into euprt values ( 'jmulder', 'ELDR', 2 ) ;
insert into naprt values ( 'jmulder', 'Volkspartij voor Vrijheid en Democratie' ) ;
insert into land values ( 'jmulder', 'NL' ) ;
insert into komit values ( 'jmulder', 'BUDG', 2 ) ;
insert into komit values ( 'jmulder', 'AGRI', 1 ) ;
insert into komit values ( 'jmulder', 'CONT', 1 ) ;
insert into deleg values ( 'jmulder', 'PL', 2 ) ;
insert into deleg values ( 'jmulder', 'HU', 1 ) ;
insert into adreu values ( 'jmulder', 'European Parliament; Bât. Altiero Spinelli; 10G318; 60, rue Wiertz / Wiertzstraat 60; B-1047 Bruxelles/Brussel' ) ;
insert into adreu values ( 'jmulder', 'European Parliament; Bât. Louise Weiss; T11017; Allée du Printemps; BP 10024/F; F-67070 Strasbourg Cedex' ) ;
insert into fax values ( 'jmulder', '+32 (0)2 284 9607' ) ;
insert into fax values ( 'jmulder', '+33 (0)3 88 17 9607' ) ;
insert into adrna values ( 'jmulder', 'Europees Parlement Wiertzstraat ASP 10G318  B-1047 BRUSSEL' ) ;

insert into pnom values ( 'pplooij', 'Mevr. Elly PLOOIJ-VAN GORSEL' ) ;
insert into euprt values ( 'pplooij', 'ELDR', 2 ) ;
insert into naprt values ( 'pplooij', 'Volkspartij voor Vrijheid en Democratie' ) ;
insert into land values ( 'pplooij', 'NL' ) ;
insert into komit values ( 'pplooij', 'ITRE', 2 ) ;
insert into komit values ( 'pplooij', 'ECON', 1 ) ;
insert into deleg values ( 'pplooij', 'CN', 9 ) ;
insert into adreu values ( 'pplooij', 'European Parliament; Bât. Altiero Spinelli; 10G206; 60, rue Wiertz / Wiertzstraat 60; B-1047 Bruxelles/Brussel' ) ;
insert into adreu values ( 'pplooij', 'European Parliament; Bât. Louise Weiss; T11018; Allée du Printemps; BP 10024/F; F-67070 Strasbourg Cedex' ) ;
insert into fax values ( 'pplooij', '+32 (0)2 284 9608' ) ;
insert into fax values ( 'pplooij', '+33 (0)3 88 17 9608' ) ;
insert into mail values ( 'pplooij', 'pplooij@europarl.eu.int' ) ;
insert into http values ( 'pplooij', 'http://www.plooij.nl' ) ;
insert into adrna values ( 'pplooij', 'Europees Parlement Wiertzstraat ASP 10G206  B-1047 BRUSSEL' ) ;

insert into pnom values ( 'jblokland', 'De Heer Johannes (Hans) BLOKLAND' ) ;
insert into euprt values ( 'jblokland', 'DIV', 'cop' ) ;
insert into naprt values ( 'jblokland', 'ChristenUnie - Staatkundig Gereformeerde Parti' ) ;
insert into land values ( 'jblokland', 'NL' ) ;
insert into komit values ( 'jblokland', 'ECON', 2 ) ;
insert into komit values ( 'jblokland', 'ENVI', 2 ) ;
insert into deleg values ( 'jblokland', 'SK', 8 ) ;
insert into deleg values ( 'jblokland', 'EEA', 2 ) ;
insert into adreu values ( 'jblokland', 'European Parliament; Bât. Altiero Spinelli; 07H165; 60, rue Wiertz / Wiertzstraat 60; B-1047 Bruxelles/Brussel' ) ;
insert into adreu values ( 'jblokland', 'European Parliament; Bât. Louise Weiss; T11038; Allée du Printemps; BP 10024/F; F-67070 Strasbourg Cedex' ) ;
insert into fax values ( 'jblokland', '+32 (0)2 284 9820' ) ;
insert into fax values ( 'jblokland', '+33 (0)3 88 17 9820' ) ;
insert into mail values ( 'jblokland', 'jblokland@europarl.eu.int' ) ;
insert into mail values ( 'jblokland', 'jblokland@eurofractie.nl' ) ;
insert into http values ( 'jblokland', 'http://www.eurofractie.nl' ) ;
insert into adrna values ( 'jblokland', 'Postbus 23529 NL-3001 KM ROTTERDAM' ) ;

insert into pnom values ( 'sormartinez', 'Sra. María SORNOSA MARTÍNEZ') ;
insert into euprt values ( 'sormartinez', 'PSE', 2 ) ;
insert into naprt values ( 'sormartinez', 'Partido Socialista Obrero Español' ) ;
insert into land values ( 'sormartinez', 'ES' ) ;
insert into komit values ( 'sormartinez', 'PETI', 2 ) ;
insert into komit values ( 'sormartinez', 'ENVI', 2 ) ;
insert into komit values ( 'sormartinez', 'LIBE', 1 ) ;
insert into komit values ( 'sormartinez', 'FEMM', 1 ) ;
insert into deleg values ( 'sormartinez', 'CZ', 2 ) ;
insert into adreu values ( 'sormartinez', 'European Parliament; Bât. Altiero Spinelli; 11G310; 60, rue Wiertz / Wiertzstraat 60; B-1047 Bruxelles/Brussel' ) ;
insert into adreu values ( 'sormartinez', 'European Parliament; Bât. Louise Weiss; T07139; Allée du Printemps; BP 10024/F; F-67070 Strasbourg Cedex' ) ;
insert into fax values ( 'sormartinez', '+32 (0)2 284 9974' ) ;
insert into fax values ( 'sormartinez', '+33 (0)3 88 17 9974' ) ;
insert into http values ( 'sormartinez', 'http://www.psoe-pe.org' ) ;
insert into adrna values ( 'sormartinez', 'PSPV c/Blanqueries, 4 E-46003 VALENCIA' ) ;

insert into pnom values ( 'sjoveperes', 'Sr. Salvador JOVÉ PERES') ;
insert into euprt values ( 'sjoveperes', 'LEFT', 5 ) ;
insert into naprt values ( 'sjoveperes', 'Izquierda Unida' ) ;
insert into land values ( 'sjoveperes', 'ES' ) ;
insert into komit values ( 'sjoveperes', 'AGRI', 2 ) ;
insert into komit values ( 'sjoveperes', 'PECH', 2 ) ;
insert into komit values ( 'sjoveperes', 'BUDG', 1 ) ;
insert into deleg values ( 'sjoveperes', 'CN', 2 ) ;
insert into adreu values ( 'sjoveperes', 'European Parliament; Bât. Altiero Spinelli; 09G146; 60, rue Wiertz / Wiertzstraat 60; B-1047 Bruxelles/Brussel' ) ;
insert into adreu values ( 'sjoveperes', 'European Parliament; Bât. Louise Weiss; T05151; Allée du Printemps; BP 10024/F; F-67070 Strasbourg Cedex' ) ;
insert into fax values ( 'sjoveperes', '+32 (0)2 284 9101' ) ;
insert into fax values ( 'sjoveperes', '+33 (0)3 88 17 9101' ) ;
insert into adrna values ( 'sjoveperes', 'Parlamento Europeo Rue Wiertz ASP 9G146  B-1047 BRUSELAS' ) ;

insert into pnom values ( 'ccarnerog', 'Sr. Carlos CARNERO GONZÁLEZ') ;
insert into euprt values ( 'ccarnerog', 'PSE', 2 ) ;
insert into naprt values ( 'ccarnerog', 'Partido Socialista Obrero Español' ) ;
insert into land values ( 'ccarnerog', 'ES' ) ;
insert into komit values ( 'ccarnerog', 'AFCO', 2 ) ;
insert into komit values ( 'ccarnerog', 'AFET', 1 ) ;
insert into deleg values ( 'ccarnerog', 'TR', 2 ) ;
insert into deleg values ( 'ccarnerog', 'MT', 1 ) ;
insert into adreu values ( 'ccarnerog', 'European Parliament; Bât. Altiero Spinelli; 11G209; 60, rue Wiertz / Wiertzstraat 60; B-1047 Bruxelles/Brussel' ) ;
insert into adreu values ( 'ccarnerog', 'European Parliament; Bât. Louise Weiss; T07068; Allée du Printemps; BP 10024/F; F-67070 Strasbourg Cedex' ) ;
insert into fax values ( 'ccarnerog', '+32 (0)2 284 9969' ) ;
insert into fax values ( 'ccarnerog', '+33 (0)3 88 17 9969' ) ;
insert into http values ( 'ccarnerog', 'http://www.psoe-pe.org' ) ;
insert into adrna values ( 'ccarnerog', 'C/Baños de Montemayor, 6 - 2°C E-28005 MADRID' ) ;

insert into pnom values ( 'mcampos', 'Sr. Pedro MARSET CAMPOS' ) ;
insert into euprt values ( 'mcampos', 'LEFT', 2 ) ;
insert into naprt values ( 'mcampos', 'Izquierda Unida' ) ;
insert into land values ( 'mcampos', 'ES' ) ;
insert into komit values ( 'mcampos', 'AFET', 2 ) ;
insert into komit values ( 'mcampos', 'CULT', 1 ) ;
insert into deleg values ( 'mcampos', 'MERCOSUR', 8 ) ;
insert into adreu values ( 'mcampos', 'European Parliament; Bât. Altiero Spinelli; 09G154; 60, rue Wiertz / Wiertzstraat 60; B-1047 Bruxelles/Brussel' ) ;
insert into adreu values ( 'mcampos', 'European Parliament; Bât. Louise Weiss; T05002; Allée du Printemps; BP 10024/F; F-67070 Strasbourg Cedex' ) ;
insert into fax values ( 'mcampos', '+32 (0)2 284 9961' ) ;
insert into fax values ( 'mcampos', '+33 (0)3 88 17 9961' ) ;
insert into adrna values ( 'mcampos', 'Princesa, 3 E-30002 MURCIA' ) ;

insert into pnom values ( 'mrocard', 'M. Michel ROCARD' ) ;
insert into euprt values ( 'mrocard', 'PSE', 2 ) ;
insert into naprt values ( 'mrocard', 'Parti socialiste' ) ;
insert into land values ( 'mrocard', 'FR' ) ;
insert into komit values ( 'mrocard', 'CULT', 9 ) ;
insert into komit values ( 'mrocard', 'AFET', 1 ) ;
insert into deleg values ( 'mrocard', 'US', 2 ) ;
insert into adreu values ( 'mrocard', 'European Parliament; Bât. Altiero Spinelli; 14G203; 60, rue Wiertz / Wiertzstraat 60; B-1047 Bruxelles/Brussel' ) ;
insert into adreu values ( 'mrocard', 'European Parliament; Bât. Louise Weiss; T06023; Allée du Printemps; BP 10024/F; F-67070 Strasbourg Cedex' ) ;
insert into fax values ( 'mrocard', '+32 (0)2 284 9785' ) ;
insert into fax values ( 'mrocard', '+33 (0)3 88 17 9785' ) ;
insert into adrna values ( 'mrocard', '266, Bd Saint Germain F-75007 PARIS' ) ;

insert into pnom values ( 'ddarras', 'Mme Danielle DARRAS' ) ;
insert into euprt values ( 'ddarras', 'PSE', 2 ) ;
insert into naprt values ( 'ddarras', 'Parti socialiste' ) ;
insert into land values ( 'ddarras', 'FR' ) ;
insert into komit values ( 'ddarras', 'RETT', 2 ) ;
insert into komit values ( 'ddarras', 'EMPL', 1 ) ;
insert into adreu values ( 'ddarras', 'European Parliament; Bât. Altiero Spinelli; 14G218; 60, rue Wiertz / Wiertzstraat 60; B-1047 Bruxelles/Brussel' ) ;
insert into adreu values ( 'ddarras', 'European Parliament; Bât. Louise Weiss; T08139; Allée du Printemps; BP 10024/F; F-67070 Strasbourg Cedex' ) ;
insert into fax values ( 'ddarras', '+32 (0)2 284 9786' ) ;
insert into fax values ( 'ddarras', '+33 (0)3 88 17 9786' ) ;
insert into adrna values ( 'ddarras', 'Centre administratif "Les Grands Bureaux" 45, rue Edouard Vaillant F-62809 LIÉVIN' ) ;

insert into pnom values ( 'pberes', 'Mme Pervenche BERES' ) ;
insert into euprt values ( 'pberes', 'PSE', 8 ) ;
insert into naprt values ( 'pberes', 'Parti socialiste' ) ;
insert into land values ( 'pberes', 'FR' ) ;
insert into komit values ( 'pberes', 'ECON', 2 ) ;
insert into komit values ( 'pberes', 'AFCO', 1 ) ;
insert into adreu values ( 'pberes', 'European Parliament; Bât. Altiero Spinelli; 14G206; 60, rue Wiertz / Wiertzstraat 60; B-1047 Bruxelles/Brussel' ) ;
insert into adreu values ( 'pberes', 'European Parliament; Bât. Louise Weiss; T08137; Allée du Printemps; BP 10024/F; F-67070 Strasbourg Cedex' ) ;
insert into fax values ( 'pberes', '+32 (0)2 284 9777' ) ;
insert into fax values ( 'pberes', '+33 (0)3 88 17 9777' ) ;
insert into mail values ( 'pberes', 'pberes@europarl.eu.int' ) ;
insert into adrna values ( 'pberes', 'Parlement européen Rue Wiertz ASP 14G202  B-1047 BRUXELLES' ) ;

insert into pnom values ( 'ymarfil', 'Sr. José Manuel GARCÍA-MARGALLO Y MARFIL' ) ;
insert into euprt values ( 'ymarfil', 'EUPP', 2 ) ;
insert into naprt values ( 'ymarfil', 'Partido Popular' ) ;
insert into land values ( 'ymarfil', 'ES' ) ;
insert into komit values ( 'ymarfil', 'ECON', 8 ) ;
insert into komit values ( 'ymarfil', 'DEVE', 1 ) ;
insert into deleg values ( 'ymarfil', 'CAMx', 2 ) ;
insert into adreu values ( 'ymarfil', 'European Parliament; Bât. Altiero Spinelli; 11E253; 60, rue Wiertz / Wiertzstraat 60; B-1047 Bruxelles/Brussel' ) ;
insert into adreu values ( 'ymarfil', 'European Parliament; Bât. Louise Weiss; T09153; Allée du Printemps; BP 10024/F; F-67070 Strasbourg Cedex' ) ;
insert into fax values ( 'ymarfil', '+32 (0)2 284 9904' ) ;
insert into fax values ( 'ymarfil', '+33 (0)3 88 17 9904' ) ;
insert into adrna values ( 'ymarfil', 'Parlamento Europeo Rue Wiertz ASP 11E253  B-1047 BRUSELAS' ) ;

insert into pnom values ( 'jvaldivielso', 'Sr. Jaime VALDIVIELSO DE CUÉ' ) ;
insert into euprt values ( 'jvaldivielso', 'EUPP', 2 ) ;
insert into naprt values ( 'jvaldivielso', 'Partido Popular' ) ;
insert into land values ( 'jvaldivielso', 'ES' ) ;
insert into komit values ( 'jvaldivielso', 'ITRE', 8 ) ;
insert into komit values ( 'jvaldivielso', 'ECON', 1 ) ;
insert into deleg values ( 'jvaldivielso', 'RU', 2 ) ;
insert into adreu values ( 'jvaldivielso', 'European Parliament; Bât. Altiero Spinelli; 11E169; 60, rue Wiertz / Wiertzstraat 60; B-1047 Bruxelles/Brussel' ) ;
insert into adreu values ( 'jvaldivielso', 'European Parliament; Bât. Louise Weiss; T09141; Allée du Printemps; BP 10024/F; F-67070 Strasbourg Cedex' ) ;
insert into fax values ( 'jvaldivielso', '+32 (0)2 284 9644' ) ;
insert into fax values ( 'jvaldivielso', '+33 (0)3 88 17 9644' ) ;
insert into mail values ( 'jvaldivielso', 'jvaldivielso@europarl.eu.int' ) ;
insert into adrna values ( 'jvaldivielso', 'Parlamento Europeo Rue Wiertz ASP 11E169  B-1047 BRUSELAS' ) ;

insert into pnom values ( 'eredondoj', 'Sra. Encarnación REDONDO JIMÉNEZ') ;
insert into euprt values ( 'eredondoj', 'EUPP', 5 ) ;
insert into naprt values ( 'eredondoj', 'Partido Popular' ) ;
insert into land values ( 'eredondoj', 'ES' ) ;
insert into komit values ( 'eredondoj', 'AGRI', 2 ) ;
insert into komit values ( 'eredondoj', 'BUDG', 1 ) ;
insert into komit values ( 'eredondoj', 'ENVI', 1 ) ;
insert into deleg values ( 'eredondoj', 'MERCOSUR', 2 ) ;
insert into adreu values ( 'eredondoj', 'European Parliament; Bât. Altiero Spinelli; 11E210; 60, rue Wiertz / Wiertzstraat 60; B-1047 Bruxelles/Brussel' ) ;
insert into adreu values ( 'eredondoj', 'European Parliament; Bât. Louise Weiss; T09019; Allée du Printemps; BP 10024/F; F-67070 Strasbourg Cedex' ) ;
insert into fax values ( 'eredondoj', '+32 (0)2 284 9601' ) ;
insert into fax values ( 'eredondoj', '+33 (0)3 88 17 9601' ) ;
insert into adrna values ( 'eredondoj', 'Parlamento Europeo Rue Wiertz ASP 11E210  B-1047 BRUSELAS' ) ;

insert into pnom values ( 'gjarzembowski', 'Herr Georg JARZEMBOWSKI' ) ;
insert into euprt values ( 'gjarzembowski', 'EUPP', 2 ) ;
insert into naprt values ( 'gjarzembowski', 'CDU' ) ;
insert into land values ( 'gjarzembowski', 'DE' ) ;
insert into komit values ( 'gjarzembowski', 'RETT', 2 ) ;
insert into komit values ( 'gjarzembowski', 'AFET', 1 ) ;
insert into deleg values ( 'gjarzembowski', 'JP', 8 ) ;
insert into adreu values ( 'gjarzembowski', 'European Parliament; Bât. Altiero Spinelli; 10E157; 60, rue Wiertz / Wiertzstraat 60; B-1047 Bruxelles/Brussel' ) ;
insert into adreu values ( 'gjarzembowski', 'European Parliament; Bât. Louise Weiss; T10037; Allée du Printemps; BP 10024/F; F-67070 Strasbourg Cedex' ) ;
insert into fax values ( 'gjarzembowski', '+32 (0)2 284 9306' ) ;
insert into fax values ( 'gjarzembowski', '+33 (0)3 88 17 9306' ) ;
insert into mail values ( 'gjarzembowski', 'gjarzembowski@europarl.eu.int' ) ;
insert into http values ( 'gjarzembowski', 'http://www.cdu-csu-ep.de' ) ;
insert into adrna values ( 'gjarzembowski', 'CDU-Europabüro Poststraße 11 D-20354 HAMBURG' ) ;

insert into pnom values ( 'scarpegna', 'Sr. Daniel VARELA SUANZES-CARPEGNA' ) ;
insert into euprt values ( 'scarpegna', 'EUPP', 2 ) ;
insert into naprt values ( 'scarpegna', 'Partido Popular' ) ;
insert into land values ( 'scarpegna', 'ES' ) ;
insert into komit values ( 'scarpegna', 'PECH', 2 ) ;
insert into komit values ( 'scarpegna', 'RETT', 1 ) ;
insert into deleg values ( 'scarpegna', 'JP', 2 ) ;
insert into adreu values ( 'scarpegna', 'European Parliament; Bât. Altiero Spinelli; 11E130; 60, rue Wiertz / Wiertzstraat 60; B-1047 Bruxelles/Brussel' ) ;
insert into adreu values ( 'scarpegna', 'European Parliament; Bât. Louise Weiss; T09137; Allée du Printemps; BP 10024/F; F-67070 Strasbourg Cedex' ) ;
insert into fax values ( 'scarpegna', '+32 (0)2 284 9950' ) ;
insert into fax values ( 'scarpegna', '+33 (0)3 88 17 9950' ) ;
insert into adrna values ( 'scarpegna', 'Parlamento Europeo Rue Wiertz ASP 11E130  B-1047 BRUSELAS' ) ;

insert into pnom values ( 'gquecedo', 'Sr. Gerardo GALEOTE QUECEDO' ) ;
insert into euprt values ( 'gquecedo', 'EUPP', 5 ) ;
insert into naprt values ( 'gquecedo', 'Partido Popular' ) ;
insert into land values ( 'gquecedo', 'ES' ) ;
insert into komit values ( 'gquecedo', 'AFET', 2 ) ;
insert into komit values ( 'gquecedo', 'LIBE', 1 ) ;
insert into deleg values ( 'gquecedo', 'Maghreb', 9 ) ;
insert into deleg values ( 'gquecedo', 'IL', 2 ) ;
insert into adreu values ( 'gquecedo', 'European Parliament; Bât. Altiero Spinelli; 11E102; 60, rue Wiertz / Wiertzstraat 60; B-1047 Bruxelles/Brussel' ) ;
insert into adreu values ( 'gquecedo', 'European Parliament; Bât. Louise Weiss; T06071; Allée du Printemps; BP 10024/F; F-67070 Strasbourg Cedex' ) ;
insert into fax values ( 'gquecedo', '+32 (0)2 284 9892' ) ;
insert into fax values ( 'gquecedo', '+33 (0)3 88 17 9892' ) ;

insert into pnom values ( 'nneyra', 'Sr. José Ignacio SALAFRANCA SÁNCHEZ-NEYRA' ) ;
insert into euprt values ( 'nneyra', 'EUPP', 8 ) ;
insert into naprt values ( 'nneyra', 'Partido Popular' ) ;
insert into land values ( 'nneyra', 'ES' ) ;
insert into komit values ( 'nneyra', 'AFET', 2 ) ;
insert into komit values ( 'nneyra', 'RETT', 1 ) ;
insert into deleg values ( 'nneyra', 'MERCOSUR', 2 ) ;
insert into adreu values ( 'nneyra', 'European Parliament; Bât. Altiero Spinelli; 11E206; 60, rue Wiertz / Wiertzstraat 60; B-1047 Bruxelles/Brussel' ) ;
insert into adreu values ( 'nneyra', 'European Parliament; Bât. Louise Weiss; T09147; Allée du Printemps; BP 10024/F; F-67070 Strasbourg Cedex' ) ;
insert into fax values ( 'nneyra', '+32 (0)2 284 9603' ) ;
insert into fax values ( 'nneyra', '+33 (0)3 88 17 9603' ) ;
insert into adrna values ( 'nneyra', 'Parlamento Europeo Rue Wiertz ASP 11E206  B-1047 BRUSELAS' ) ;

insert into pnom values ( 'darco', 'Sra. Francisca SAUQUILLO PÉREZ DEL ARCO' ) ;
insert into euprt values ( 'darco', 'PSE', 2 ) ;
insert into naprt values ( 'darco', 'Partido Socialista Obrero Español' ) ;
insert into land values ( 'darco', 'ES' ) ;
insert into komit values ( 'darco', 'DEVE', 2 ) ;
insert into komit values ( 'darco', 'CONT', 1 ) ;
insert into adreu values ( 'darco', 'European Parliament; Bât. Altiero Spinelli; 11G257; 60, rue Wiertz / Wiertzstraat 60; B-1047 Bruxelles/Brussel' ) ;
insert into adreu values ( 'darco', 'European Parliament; Bât. Louise Weiss; T07076; Allée du Printemps; BP 10024/F; F-67070 Strasbourg Cedex' ) ;
insert into fax values ( 'darco', '+32 (0)2 284 9474' ) ;
insert into fax values ( 'darco', '+33 (0)3 88 17 9474' ) ;
insert into http values ( 'darco', 'http://www.psoe-pe.org' ) ;
insert into adrna values ( 'darco', 'Sant. Agustin, 3 E-28014 MADRID' ) ;

insert into pnom values ( 'paparicios', 'Sr. Pedro APARICIO SÁNCHEZ') ;
insert into euprt values ( 'paparicios', 'PSE', 2 ) ;
insert into naprt values ( 'paparicios', 'Partido Socialista Obrero Español' ) ;
insert into land values ( 'paparicios', 'ES' ) ;
insert into komit values ( 'paparicios', 'CULT', 2 ) ;
insert into komit values ( 'paparicios', 'RETT', 1 ) ;
insert into deleg values ( 'paparicios', 'CAMx', 2 ) ;
insert into adreu values ( 'paparicios', 'European Parliament; Bât. Altiero Spinelli; 11G309; 60, rue Wiertz / Wiertzstraat 60; B-1047 Bruxelles/Brussel' ) ;
insert into adreu values ( 'paparicios', 'European Parliament; Bât. Louise Weiss; T07070; Allée du Printemps; BP 10024/F; F-67070 Strasbourg Cedex' ) ;
insert into fax values ( 'paparicios', '+32 (0)2 284 9641' ) ;
insert into fax values ( 'paparicios', '+33 (0)3 88 17 9641' ) ;
insert into http values ( 'paparicios', 'http://www.psoe-pe.org' ) ;
insert into adrna values ( 'paparicios', 'Corpus Christi, 11 E-29017 MÁLAGA' ) ;

insert into pnom values ( 'jmendiluce', 'Sr. José María MENDILUCE PEREIRO' ) ;
insert into euprt values ( 'jmendiluce', 'PSE', 2 ) ;
insert into naprt values ( 'jmendiluce', 'Partido Socialista Obrero Español (Indepediente)' ) ;
insert into land values ( 'jmendiluce', 'ES' ) ;
insert into komit values ( 'jmendiluce', 'CULT', 2 ) ;
insert into komit values ( 'jmendiluce', 'AFET', 1 ) ;
insert into deleg values ( 'jmendiluce', 'CZ', 1 ) ;
insert into adreu values ( 'jmendiluce', 'European Parliament; Bât. Altiero Spinelli; 11G253; 60, rue Wiertz / Wiertzstraat 60; B-1047 Bruxelles/Brussel' ) ;
insert into adreu values ( 'jmendiluce', 'European Parliament; Bât. Louise Weiss; T07141; Allée du Printemps; BP 10024/F; F-67070 Strasbourg Cedex' ) ;
insert into fax values ( 'jmendiluce', '+32 (0)2 284 9471' ) ;
insert into fax values ( 'jmendiluce', '+33 (0)3 88 17 9471' ) ;
insert into mail values ( 'jmendiluce', 'jmendiluce@europarl.eu.int' ) ;
insert into http values ( 'jmendiluce', 'http://www.psoe-pe.org' ) ;
insert into adrna values ( 'jmendiluce', 'c/Balmes 52 E- BARCELONA' ) ;

insert into pnom values ( 'icollado', 'Sr. Juan de Dios IZQUIERDO COLLADO' ) ;
insert into euprt values ( 'icollado', 'PSE', 2 ) ;
insert into naprt values ( 'icollado', 'Partido Socialista Obrero Español' ) ;
insert into land values ( 'icollado', 'ES' ) ;
insert into komit values ( 'icollado', 'RETT', 2 ) ;
insert into komit values ( 'icollado', 'BUDG', 1 ) ;
insert into deleg values ( 'icollado', 'PLC', 2 ) ;
insert into adreu values ( 'icollado', 'European Parliament; Bât. Altiero Spinelli; 11G258; 60, rue Wiertz / Wiertzstraat 60; B-1047 Bruxelles/Brussel' ) ;
insert into adreu values ( 'icollado', 'European Parliament; Bât. Louise Weiss; T07137; Allée du Printemps; BP 10024/F; F-67070 Strasbourg Cedex' ) ;
insert into fax values ( 'icollado', '+32 (0)2 284 9646' ) ;
insert into fax values ( 'icollado', '+33 (0)3 88 17 9646' ) ;
insert into http values ( 'icollado', 'http://www.psoe-pe.org' ) ;
insert into adrna values ( 'icollado', 'Avenida del Arte, 54 E-02006 ALBACETE' ) ;

insert into pnom values ( 'ffernmart', 'Sr. Fernando FERNÁNDEZ MARTÍN') ;
insert into euprt values ( 'ffernmart', 'EUPP', 2 ) ;
insert into naprt values ( 'ffernmart', 'Partido Popular' ) ;
insert into land values ( 'ffernmart', 'ES' ) ;
insert into komit values ( 'ffernmart', 'DEVE', 2 ) ;
insert into komit values ( 'ffernmart', 'AFCO', 1 ) ;
insert into deleg values ( 'ffernmart', 'MERCOSUR', 8 ) ;
insert into adreu values ( 'ffernmart', 'European Parliament; Bât. Altiero Spinelli; 11E142; 60, rue Wiertz / Wiertzstraat 60; B-1047 Bruxelles/Brussel' ) ;
insert into adreu values ( 'ffernmart', 'European Parliament; Bât. Louise Weiss; T09143; Allée du Printemps; BP 10024/F; F-67070 Strasbourg Cedex' ) ;
insert into fax values ( 'ffernmart', '+32 (0)2 284 9605' ) ;
insert into fax values ( 'ffernmart', '+33 (0)3 88 17 9605' ) ;
insert into adrna values ( 'ffernmart', 'Parlamento Europeo Rue Wiertz ASP 11E142  B-1047 BRUSELAS' ) ;

insert into pnom values ( 'mhermange', 'Mme Marie-Thérèse HERMANGE' ) ;
insert into euprt values ( 'mhermange', 'EUPP', 2 ) ;
insert into naprt values ( 'mhermange', 'Rassemblement pour la République' ) ;
insert into land values ( 'mhermange', 'FR' ) ;
insert into komit values ( 'mhermange', 'EMPL', 8 ) ;
insert into komit values ( 'mhermange', 'LIBE', 1 ) ;
insert into komit values ( 'mhermange', 'ENVI', 1 ) ;
insert into deleg values ( 'mhermange', 'Mashreq', 2 ) ;
insert into adreu values ( 'mhermange', 'European Parliament; Bât. Altiero Spinelli; 13E218; 60, rue Wiertz / Wiertzstraat 60; B-1047 Bruxelles/Brussel' ) ;
insert into adreu values ( 'mhermange', 'European Parliament; Bât. Louise Weiss; T08011; Allée du Printemps; BP 10024/F; F-67070 Strasbourg Cedex' ) ;
insert into fax values ( 'mhermange', '+32 (0)2 284 9156' ) ;
insert into fax values ( 'mhermange', '+33 (0)3 88 17 9156' ) ;
insert into mail values ( 'mhermange', 'mhermange@europarl.eu.int' ) ;
insert into mail values ( 'mhermange', 'mhermange@easynet.fr' ) ;
insert into http values ( 'mhermange', 'http://epp-ed.europarl.eu.int/rpr-europe/deputes.asp?cat2=3&cat-24' ) ;
insert into adrna values ( 'mhermange', 'Parlement européen Rue Wiertz ASP13E216  B-1047 BRUXELLES' ) ;

insert into pnom values ( 'mschaffner', 'Mme Anne-Marie SCHAFFNER' ) ;
insert into euprt values ( 'mschaffner', 'EUPP', 2 ) ;
insert into naprt values ( 'mschaffner', 'Union pour la Majorité Présidentielle - Rassemblement pour la République' ) ;
insert into land values ( 'mschaffner', 'FR' ) ;
insert into komit values ( 'mschaffner', 'JURI', 2 ) ;
insert into komit values ( 'mschaffner', 'PETI', 1 ) ;
insert into deleg values ( 'mschaffner', 'KaKgUz', 2 ) ;
insert into adreu values ( 'mschaffner', 'European Parliament; Bât. Altiero Spinelli; 13E157; 60, rue Wiertz / Wiertzstraat 60; B-1047 Bruxelles/Brussel' ) ;
insert into adreu values ( 'mschaffner', 'European Parliament; Bât. Louise Weiss; T08018; Allée du Printemps; BP 10024/F; F-67070 Strasbourg Cedex' ) ;
insert into fax values ( 'mschaffner', '+32 (0)2 284 9520' ) ;
insert into fax values ( 'mschaffner', '+33 (0)3 88 17 9520' ) ;
insert into adrna values ( 'mschaffner', '18, Avenue du Général Leclerc F-77610 FONTENAY-TRESIGNY' ) ;

insert into pnom values ( 'fbertinotti', 'On. Fausto BERTINOTTI' ) ;
insert into euprt values ( 'fbertinotti', 'LEFT', 2 ) ;
insert into naprt values ( 'fbertinotti', 'Partito della rifondazione comunista' ) ;
insert into land values ( 'fbertinotti', 'IT' ) ;
insert into komit values ( 'fbertinotti', 'ITRE', 2 ) ;
insert into komit values ( 'fbertinotti', 'ECON', 1 ) ;
insert into adreu values ( 'fbertinotti', 'European Parliament; Bât. Altiero Spinelli; 09G253; 60, rue Wiertz / Wiertzstraat 60; B-1047 Bruxelles/Brussel' ) ;
insert into adreu values ( 'fbertinotti', 'European Parliament; Bât. Louise Weiss; T05153; Allée du Printemps; BP 10024/F; F-67070 Strasbourg Cedex' ) ;
insert into fax values ( 'fbertinotti', '+32 (0)2 284 9119' ) ;
insert into fax values ( 'fbertinotti', '+33 (0)3 88 17 9119' ) ;
insert into adrna values ( 'fbertinotti', 'Direzione Nazionale Rifondazione Comunista Viale del Policlinico, 131 I-00161 ROMA' ) ;

insert into pnom values ( 'fghilardotti', 'Sig.Ra Fiorella GHILARDOTTI' ) ;
insert into euprt values ( 'fghilardotti', 'PSE', 5 ) ;
insert into naprt values ( 'fghilardotti', 'Democratici di Sinistra' ) ;
insert into land values ( 'fghilardotti', 'IT' ) ;
insert into komit values ( 'fghilardotti', 'JURI', 2 ) ;
insert into komit values ( 'fghilardotti', 'FEMM', 2 ) ;
insert into komit values ( 'fghilardotti', 'EMPL', 1 ) ;
insert into adreu values ( 'fghilardotti', 'European Parliament; Bât. Altiero Spinelli; 15G217; 60, rue Wiertz / Wiertzstraat 60; B-1047 Bruxelles/Brussel' ) ;
insert into adreu values ( 'fghilardotti', 'European Parliament; Bât. Louise Weiss; T06072; Allée du Printemps; BP 10024/F; F-67070 Strasbourg Cedex' ) ;
insert into fax values ( 'fghilardotti', '+32 (0)2 284 9108' ) ;
insert into fax values ( 'fghilardotti', '+33 (0)3 88 17 9108' ) ;
insert into mail values ( 'fghilardotti', 'fiorella.ghilardotti@stcom.com' ) ;
insert into adrna values ( 'fghilardotti', 'Corso Como, 12 I-20154 MILANO' ) ;

insert into pnom values ( 'fgrossetete', 'Mme Françoise GROSSETÊTE') ;
insert into euprt values ( 'fgrossetete', 'EUPP', 8 ) ;
insert into naprt values ( 'fgrossetete', 'Démocratie libérale' ) ;
insert into land values ( 'fgrossetete', 'FR' ) ;
insert into komit values ( 'fgrossetete', 'ENVI', 2 ) ;
insert into komit values ( 'fgrossetete', 'BUDG', 1 ) ;
insert into deleg values ( 'fgrossetete', 'CY', 2 ) ;
insert into adreu values ( 'fgrossetete', 'European Parliament; Bât. Altiero Spinelli; 13E102; 60, rue Wiertz / Wiertzstraat 60; B-1047 Bruxelles/Brussel' ) ;
insert into adreu values ( 'fgrossetete', 'European Parliament; Bât. Louise Weiss; T08021; Allée du Printemps; BP 10024/F; F-67070 Strasbourg Cedex' ) ;
insert into fax values ( 'fgrossetete', '+32 (0)2 284 9952' ) ;
insert into fax values ( 'fgrossetete', '+33 (0)3 88 17 9952' ) ;
insert into http values ( 'fgrossetete', 'http://www.francoise-grossetete.com' ) ;
insert into adrna values ( 'fgrossetete', 'Mairie de Saint Etienne BP 503 F-42007 SAINT ETIENNE SAINT ETIENNE Cedex 1' ) ;

insert into pnom values ( 'fdecourriere', 'M. Francis DECOURRIERE' ) ;
insert into euprt values ( 'fdecourriere', 'EUPP', 2 ) ;
insert into naprt values ( 'fdecourriere', 'Union pour la démocratie française' ) ;
insert into land values ( 'fdecourriere', 'FR' ) ;
insert into komit values ( 'fdecourriere', 'CULT', 2 ) ;
insert into komit values ( 'fdecourriere', 'AGRI', 1 ) ;
insert into komit values ( 'fdecourriere', 'RETT', 1 ) ;
insert into deleg values ( 'fdecourriere', 'CA', 8 ) ;
insert into adreu values ( 'fdecourriere', 'European Parliament; Bât. Altiero Spinelli; 13E254; 60, rue Wiertz / Wiertzstraat 60; B-1047 Bruxelles/Brussel' ) ;
insert into adreu values ( 'fdecourriere', 'European Parliament; Bât. Louise Weiss; T08027; Allée du Printemps; BP 10024/F; F-67070 Strasbourg Cedex' ) ;
insert into fax values ( 'fdecourriere', '+32 (0)2 284 9166' ) ;
insert into fax values ( 'fdecourriere', '+33 (0)3 88 17 9166' ) ;
insert into adrna values ( 'fdecourriere', '2, rue du Maréchal Leclerc F-59880 SAINT-SAULVE' ) ;

insert into pnom values ( 'msegni', 'On. Mariotto SEGNI' ) ;
insert into euprt values ( 'msegni', 'NEUU', 2 ) ;
insert into naprt values ( 'msegni', 'Patto Segni' ) ;
insert into land values ( 'msegni', 'IT' ) ;
insert into komit values ( 'msegni', 'AFCO', 2 ) ;
insert into komit values ( 'msegni', 'AFET', 1 ) ;
insert into deleg values ( 'msegni', 'CAMx', 8 ) ;
insert into adreu values ( 'msegni', 'European Parliament; Bât. Altiero Spinelli; 07F259; 60, rue Wiertz / Wiertzstraat 60; B-1047 Bruxelles/Brussel' ) ;
insert into adreu values ( 'msegni', 'European Parliament; Bât. Louise Weiss; T13051; Allée du Printemps; BP 10024/F; F-67070 Strasbourg Cedex' ) ;
insert into fax values ( 'msegni', '+32 (0)2 284 9441' ) ;
insert into fax values ( 'msegni', '+33 (0)3 88 17 9441' ) ;
insert into adrna values ( 'msegni', 'Via Belsiana, 100 I-00187 ROMA' ) ;

insert into pnom values ( 'acarlotti', 'Mme Marie-Arlette CARLOTTI' ) ;
insert into euprt values ( 'acarlotti', 'PSE', 2 ) ;
insert into naprt values ( 'acarlotti', 'Parti socialiste' ) ;
insert into land values ( 'acarlotti', 'FR' ) ;
insert into komit values ( 'acarlotti', 'DEVE', 2 ) ;
insert into komit values ( 'acarlotti', 'AFET', 1 ) ;
insert into deleg values ( 'acarlotti', 'Maghreb', 2 ) ;
insert into adreu values ( 'acarlotti', 'European Parliament; Bât. Altiero Spinelli; 14G254; 60, rue Wiertz / Wiertzstraat 60; B-1047 Bruxelles/Brussel' ) ;
insert into adreu values ( 'acarlotti', 'European Parliament; Bât. Louise Weiss; T08147; Allée du Printemps; BP 10024/F; F-67070 Strasbourg Cedex' ) ;
insert into fax values ( 'acarlotti', '+33 (0)3 88 17 9789' ) ;
insert into fax values ( 'acarlotti', '<TR><TD width="100%" bgcolor="#ffffff" colspan="2"><HR></TD></TR>' ) ;
insert into adrna values ( 'acarlotti', 'Immeuble Central Park, bât. B Impasse Fissiaux F-13004 MARSEILLE' ) ;

insert into pnom values ( 'wsturdy', 'Mr Robert William STURDY' ) ;
insert into euprt values ( 'wsturdy', 'EUPP', 5 ) ;
insert into naprt values ( 'wsturdy', 'Conservative and Unionist Party' ) ;
insert into land values ( 'wsturdy', 'UK' ) ;
insert into komit values ( 'wsturdy', 'AGRI', 2 ) ;
insert into komit values ( 'wsturdy', 'ENVI', 1 ) ;
insert into deleg values ( 'wsturdy', 'AuNz', 9 ) ;
insert into adreu values ( 'wsturdy', 'European Parliament; Bât. Altiero Spinelli; 14E264; 60, rue Wiertz / Wiertzstraat 60; B-1047 Bruxelles/Brussel' ) ;
insert into adreu values ( 'wsturdy', 'European Parliament; Bât. Louise Weiss; T08073; Allée du Printemps; BP 10024/F; F-67070 Strasbourg Cedex' ) ;
insert into fax values ( 'wsturdy', '+32 (0)2 284 9294' ) ;
insert into fax values ( 'wsturdy', '+33 (0)3 88 17 9294' ) ;
insert into adrna values ( 'wsturdy', '153 St. Neots Road HARDWICK Cambridge CB3 7QJ' ) ;

insert into pnom values ( 'mformentini', 'On. Marco FORMENTINI' ) ;
insert into euprt values ( 'mformentini', 'ELDR', 2 ) ;
insert into naprt values ( 'mformentini', 'I Democratici' ) ;
insert into land values ( 'mformentini', 'IT' ) ;
insert into komit values ( 'mformentini', 'EMPL', 2 ) ;
insert into komit values ( 'mformentini', 'AFET', 1 ) ;
insert into deleg values ( 'mformentini', 'Maghreb', 2 ) ;
insert into adreu values ( 'mformentini', 'European Parliament; Bât. Altiero Spinelli; 09G254; 60, rue Wiertz / Wiertzstraat 60; B-1047 Bruxelles/Brussel' ) ;
insert into adreu values ( 'mformentini', 'European Parliament; Bât. Louise Weiss; T09056; Allée du Printemps; BP 10024/F; F-67070 Strasbourg Cedex' ) ;
insert into fax values ( 'mformentini', '+32 (0)2 284 9118' ) ;
insert into fax values ( 'mformentini', '+33 (0)3 88 17 9118' ) ;
insert into adrna values ( 'mformentini', 'Largo Augusto, 8 I-20122 MILANO' ) ;

insert into pnom values ( 'gdellalba', 'On. Gianfranco DELL\'ALBA' ) ;
insert into euprt values ( 'gdellalba', 'NON', 2 ) ;
insert into naprt values ( 'gdellalba', 'Lista Emma Bonino' ) ;
insert into land values ( 'gdellalba', 'IT' ) ;
insert into komit values ( 'gdellalba', 'CONT', 2 ) ;
insert into komit values ( 'gdellalba', 'BUDG', 1 ) ;
insert into komit values ( 'gdellalba', 'AFCO', 1 ) ;
insert into deleg values ( 'gdellalba', 'CN', 2 ) ;
insert into adreu values ( 'gdellalba', 'European Parliament; Bât. Altiero Spinelli; 07H153; 60, rue Wiertz / Wiertzstraat 60; B-1047 Bruxelles/Brussel' ) ;
insert into adreu values ( 'gdellalba', 'European Parliament; Bât. Louise Weiss; T11054; Allée du Printemps; BP 10024/F; F-67070 Strasbourg Cedex' ) ;
insert into fax values ( 'gdellalba', '+32 (0)2 284 9197' ) ;
insert into fax values ( 'gdellalba', '+33 (0)3 88 17 9197' ) ;
insert into adrna values ( 'gdellalba', 'Parlamento europeo Rue Wiertz ASP 7H153  B-1047 BRUXELLES' ) ;

insert into pnom values ( 'fmurphy', 'Mr Simon Francis MURPHY' ) ;
insert into euprt values ( 'fmurphy', 'PSE', 8 ) ;
insert into naprt values ( 'fmurphy', 'Labour Party' ) ;
insert into land values ( 'fmurphy', 'UK' ) ;
insert into komit values ( 'fmurphy', 'BUDG', 2 ) ;
insert into komit values ( 'fmurphy', 'JURI', 1 ) ;
insert into deleg values ( 'fmurphy', 'SK', 2 ) ;
insert into adreu values ( 'fmurphy', 'European Parliament; Bât. Altiero Spinelli; 13G269; 60, rue Wiertz / Wiertzstraat 60; B-1047 Bruxelles/Brussel' ) ;
insert into adreu values ( 'fmurphy', 'European Parliament; Bât. Louise Weiss; T07028; Allée du Printemps; BP 10024/F; F-67070 Strasbourg Cedex' ) ;
insert into fax values ( 'fmurphy', '+32 (0)2 284 9514' ) ;
insert into fax values ( 'fmurphy', '+33 (0)3 88 17 9514' ) ;
insert into adrna values ( 'fmurphy', 'West Midlands European Office Terry Duffy House Thomas Street  WEST BROMWICH B70 6NT' ) ;

insert into pnom values ( 'gpodesta', 'On. Guido PODESTÀ') ;
insert into euprt values ( 'gpodesta', 'EUPP', 5 ) ;
insert into naprt values ( 'gpodesta', 'Forza Italia' ) ;
insert into land values ( 'gpodesta', 'IT' ) ;
insert into komit values ( 'gpodesta', 'BUDG', 2 ) ;
insert into komit values ( 'gpodesta', 'CONT', 1 ) ;
insert into komit values ( 'gpodesta', 'ENVI', 1 ) ;
insert into deleg values ( 'gpodesta', 'ChIsNo', 2 ) ;
insert into adreu values ( 'gpodesta', 'European Parliament; Bât. Altiero Spinelli; 09E102; 60, rue Wiertz / Wiertzstraat 60; B-1047 Bruxelles/Brussel' ) ;
insert into adreu values ( 'gpodesta', 'European Parliament; Bât. Louise Weiss; T12044; Allée du Printemps; BP 10024/F; F-67070 Strasbourg Cedex' ) ;
insert into fax values ( 'gpodesta', '+32 (0)2 284 9340' ) ;
insert into fax values ( 'gpodesta', '+33 (0)3 88 17 9340' ) ;
insert into adrna values ( 'gpodesta', 'Ass. Grande Italia - Grande Europa Corso Buenos Aires, 4 I-20124 MILANO' ) ;

insert into pnom values ( 'hboesch', 'Herr Herbert BÖSCH' ) ;
insert into euprt values ( 'hboesch', 'PSE', 2 ) ;
insert into naprt values ( 'hboesch', 'Sozialdemokratische Partei Österreichs' ) ;
insert into land values ( 'hboesch', 'AT' ) ;
insert into komit values ( 'hboesch', 'CONT', 8 ) ;
insert into komit values ( 'hboesch', 'PETI', 2 ) ;
insert into komit values ( 'hboesch', 'BUDG', 1 ) ;
insert into deleg values ( 'hboesch', 'CY', 1 ) ;
insert into deleg values ( 'hboesch', 'UA', 2 ) ;
insert into adreu values ( 'hboesch', 'European Parliament; Bât. Altiero Spinelli; 15G254; 60, rue Wiertz / Wiertzstraat 60; B-1047 Bruxelles/Brussel' ) ;
insert into adreu values ( 'hboesch', 'European Parliament; Bât. Louise Weiss; T06085; Allée du Printemps; BP 10024/F; F-67070 Strasbourg Cedex' ) ;
insert into fax values ( 'hboesch', '+32 (0)2 284 9677' ) ;
insert into fax values ( 'hboesch', '+33 (0)3 88 17 9677' ) ;
insert into mail values ( 'hboesch', 'hboesch@europarl.eu.int' ) ;
insert into adrna values ( 'hboesch', 'Europäisches Parlament Rue Wiertz ASP 15G254  B-1047 BRÜSSEL' ) ;

insert into pnom values ( 'jvoggenhuber', 'Herr Johannes VOGGENHUBER' ) ;
insert into euprt values ( 'jvoggenhuber', 'VERD', 2 ) ;
insert into naprt values ( 'jvoggenhuber', 'Die Grünen - Die Grüne Alternative' ) ;
insert into land values ( 'jvoggenhuber', 'AT' ) ;
insert into komit values ( 'jvoggenhuber', 'AFCO', 2 ) ;
insert into komit values ( 'jvoggenhuber', 'EMPL', 1 ) ;
insert into adreu values ( 'jvoggenhuber', 'European Parliament; Bât. Altiero Spinelli; 08G153; 60, rue Wiertz / Wiertzstraat 60; B-1047 Bruxelles/Brussel' ) ;
insert into adreu values ( 'jvoggenhuber', 'European Parliament; Bât. Louise Weiss; T05127; Allée du Printemps; BP 10024/F; F-67070 Strasbourg Cedex' ) ;
insert into fax values ( 'jvoggenhuber', '+32 (0)2 284 9272' ) ;
insert into fax values ( 'jvoggenhuber', '+33 (0)3 88 17 9272' ) ;
insert into adrna values ( 'jvoggenhuber', 'Parlament A-1010 WIEN' ) ;

insert into pnom values ( 'hhautala', ' Heidi Anneli HAUTALA' ) ;
insert into euprt values ( 'hhautala', 'VERD', 2 ) ;
insert into naprt values ( 'hhautala', 'Vihreät' ) ;
insert into land values ( 'hhautala', 'FI' ) ;
insert into komit values ( 'hhautala', 'JURI', 2 ) ;
insert into komit values ( 'hhautala', 'FEMM', 2 ) ;
insert into komit values ( 'hhautala', 'PETI', 1 ) ;
insert into komit values ( 'hhautala', 'ENVI', 1 ) ;
insert into deleg values ( 'hhautala', 'ChIsNo', 9 ) ;
insert into adreu values ( 'hhautala', 'European Parliament; Bât. Altiero Spinelli; 08G130; 60, rue Wiertz / Wiertzstraat 60; B-1047 Bruxelles/Brussel' ) ;
insert into adreu values ( 'hhautala', 'European Parliament; Bât. Louise Weiss; T06002; Allée du Printemps; BP 10024/F; F-67070 Strasbourg Cedex' ) ;
insert into fax values ( 'hhautala', '+32 (0)2 284 9446' ) ;
insert into fax values ( 'hhautala', '+33 (0)3 88 17 9446' ) ;
insert into mail values ( 'hhautala', 'hhautala@europarl.eu.int' ) ;
insert into mail values ( 'hhautala', 'hautala@vihrealiitto.fi' ) ;
insert into http values ( 'hhautala', 'http://www.vihrealiitto.fi/hautala' ) ;
insert into adrna values ( 'hhautala', 'Euroopan parlamentti Pohjoisesplanadi 31 FIN-00100 HELSINKI' ) ;

insert into pnom values ( 'uiivari', ' Ulpu IIVARI' ) ;
insert into euprt values ( 'uiivari', 'PSE', 7 ) ;
insert into naprt values ( 'uiivari', 'Suomen Sosialidemokraattinen Puolue/Finlands Socialdemokratiska Parti' ) ;
insert into land values ( 'uiivari', 'FI' ) ;
insert into komit values ( 'uiivari', 'CULT', 2 ) ;
insert into komit values ( 'uiivari', 'AFET', 1 ) ;
insert into deleg values ( 'uiivari', 'EE', 8 ) ;
insert into adreu values ( 'uiivari', 'European Parliament; Bât. Altiero Spinelli; 14G130; 60, rue Wiertz / Wiertzstraat 60; B-1047 Bruxelles/Brussel' ) ;
insert into adreu values ( 'uiivari', 'European Parliament; Bât. Louise Weiss; T06052; Allée du Printemps; BP 10024/F; F-67070 Strasbourg Cedex' ) ;
insert into fax values ( 'uiivari', '+32 (0)2 284 9189' ) ;
insert into fax values ( 'uiivari', '+33 (0)3 88 17 9189' ) ;
insert into mail values ( 'uiivari', 'uiivari@europarl.eu.int' ) ;
insert into adrna values ( 'uiivari', 'Saariniemenkatu 6 FIN-00530 HELSINKI' ) ;

insert into pnom values ( 'clang', 'M. Carl LANG' ) ;
insert into euprt values ( 'clang', 'NON', 2 ) ;
insert into naprt values ( 'clang', 'Front national' ) ;
insert into land values ( 'clang', 'FR' ) ;
insert into komit values ( 'clang', 'EMPL', 2 ) ;
insert into komit values ( 'clang', 'ENVI', 1 ) ;
insert into deleg values ( 'clang', 'LT', 2 ) ;
insert into deleg values ( 'clang', 'ASEAN', 2 ) ;
insert into adreu values ( 'clang', 'European Parliament; Bât. Altiero Spinelli; 08F254; 60, rue Wiertz / Wiertzstraat 60; B-1047 Bruxelles/Brussel' ) ;
insert into adreu values ( 'clang', 'European Parliament; Bât. Louise Weiss; T05055; Allée du Printemps; BP 10024/F; F-67070 Strasbourg Cedex' ) ;
insert into fax values ( 'clang', '+32 (0)2 284 9261' ) ;
insert into fax values ( 'clang', '+33 (0)3 88 17 9261' ) ;
insert into adrna values ( 'clang', 'Front National 4, rue Vauguyon F-92210 SAINT CLOUD' ) ;

insert into pnom values ( 'rmyller', ' Riitta MYLLER' ) ;
insert into euprt values ( 'rmyller', 'PSE', 8 ) ;
insert into naprt values ( 'rmyller', 'Suomen Sosialidemokraattinen Puolue/Finlands Socialdemokratiska Parti' ) ;
insert into land values ( 'rmyller', 'FI' ) ;
insert into komit values ( 'rmyller', 'ENVI', 2 ) ;
insert into komit values ( 'rmyller', 'EMPL', 1 ) ;
insert into deleg values ( 'rmyller', 'LT', 2 ) ;
insert into adreu values ( 'rmyller', 'European Parliament; Bât. Altiero Spinelli; 14G142; 60, rue Wiertz / Wiertzstraat 60; B-1047 Bruxelles/Brussel' ) ;
insert into adreu values ( 'rmyller', 'European Parliament; Bât. Louise Weiss; T06054; Allée du Printemps; BP 10024/F; F-67070 Strasbourg Cedex' ) ;
insert into fax values ( 'rmyller', '+32 (0)2 284 9738' ) ;
insert into fax values ( 'rmyller', '+33 (0)3 88 17 9738' ) ;
insert into adrna values ( 'rmyller', 'Ankkuritie 1 C 20 FIN-80160 JOENSUU' ) ;

insert into pnom values ( 'emcnally', 'Mrs Eryl Margaret McNALLY' ) ;
insert into euprt values ( 'emcnally', 'PSE', 2 ) ;
insert into naprt values ( 'emcnally', 'Labour Party' ) ;
insert into land values ( 'emcnally', 'UK' ) ;
insert into komit values ( 'emcnally', 'ITRE', 2 ) ;
insert into komit values ( 'emcnally', 'FEMM', 1 ) ;
insert into deleg values ( 'emcnally', 'MERCOSUR', 2 ) ;
insert into adreu values ( 'emcnally', 'European Parliament; Bât. Altiero Spinelli; 13G242; 60, rue Wiertz / Wiertzstraat 60; B-1047 Bruxelles/Brussel' ) ;
insert into adreu values ( 'emcnally', 'European Parliament; Bât. Louise Weiss; T07059; Allée du Printemps; BP 10024/F; F-67070 Strasbourg Cedex' ) ;
insert into fax values ( 'emcnally', '+32 (0)2 284 9921' ) ;
insert into fax values ( 'emcnally', '+33 (0)3 88 17 9921' ) ;
insert into mail values ( 'emcnally', 'emcnally@europarl.eu.int' ) ;
insert into http values ( 'emcnally', 'http://www.erylmcnallymep.org.uk' ) ;
insert into adrna values ( 'emcnally', 'European Office 270 St. Albans Road WATFORD  Herts WD24 6PE' ) ;

insert into pnom values ( 'kolsson', 'Hr. Karl Erik OLSSON' ) ;
insert into euprt values ( 'kolsson', 'ELDR', 5 ) ;
insert into naprt values ( 'kolsson', 'Centerpartiet' ) ;
insert into land values ( 'kolsson', 'SE' ) ;
insert into komit values ( 'kolsson', 'AGRI', 2 ) ;
insert into komit values ( 'kolsson', 'PECH', 1 ) ;
insert into komit values ( 'kolsson', 'ENVI', 1 ) ;
insert into deleg values ( 'kolsson', 'CZ', 2 ) ;
insert into deleg values ( 'kolsson', 'BG', 1 ) ;
insert into adreu values ( 'kolsson', 'European Parliament; Bât. Altiero Spinelli; 10G351; 60, rue Wiertz / Wiertzstraat 60; B-1047 Bruxelles/Brussel' ) ;
insert into adreu values ( 'kolsson', 'European Parliament; Bât. Louise Weiss; T11037; Allée du Printemps; BP 10024/F; F-67070 Strasbourg Cedex' ) ;
insert into fax values ( 'kolsson', '+32 (0)2 284 9547' ) ;
insert into fax values ( 'kolsson', '+33 (0)3 88 17 9547' ) ;
insert into mail values ( 'kolsson', 'kolsson@europarl.eu.int' ) ;
insert into adrna values ( 'kolsson', 'Nygård  2116 S-280 10 SÖSDALA' ) ;

insert into pnom values ( 'rhowitt', 'Mr Richard HOWITT' ) ;
insert into euprt values ( 'rhowitt', 'PSE', 2 ) ;
insert into naprt values ( 'rhowitt', 'Labour Party' ) ;
insert into land values ( 'rhowitt', 'UK' ) ;
insert into komit values ( 'rhowitt', 'DEVE', 2 ) ;
insert into komit values ( 'rhowitt', 'EMPL', 1 ) ;
insert into adreu values ( 'rhowitt', 'European Parliament; Bât. Altiero Spinelli; 13G246; 60, rue Wiertz / Wiertzstraat 60; B-1047 Bruxelles/Brussel' ) ;
insert into adreu values ( 'rhowitt', 'European Parliament; Bât. Louise Weiss; T07061; Allée du Printemps; BP 10024/F; F-67070 Strasbourg Cedex' ) ;
insert into fax values ( 'rhowitt', '+32 (0)2 284 9477' ) ;
insert into fax values ( 'rhowitt', '+33 (0)3 88 17 9477' ) ;
insert into mail values ( 'rhowitt', 'richard.howitt@geo2.poptel.org.uk' ) ;
insert into adrna values ( 'rhowitt', 'European Parliament Rue Wiertz ASP 13G246  B-1047 BRUSSELS' ) ;

insert into pnom values ( 'lmanisco', 'On. Lucio MANISCO' ) ;
insert into euprt values ( 'lmanisco', 'LEFT', 5 ) ;
insert into naprt values ( 'lmanisco', 'Partito dei Comunisti Italiani' ) ;
insert into land values ( 'lmanisco', 'IT' ) ;
insert into komit values ( 'lmanisco', 'CULT', 2 ) ;
insert into komit values ( 'lmanisco', 'LIBE', 1 ) ;
insert into deleg values ( 'lmanisco', 'CAMx', 2 ) ;
insert into adreu values ( 'lmanisco', 'European Parliament; Bât. Altiero Spinelli; 09G242; 60, rue Wiertz / Wiertzstraat 60; B-1047 Bruxelles/Brussel' ) ;
insert into adreu values ( 'lmanisco', 'European Parliament; Bât. Louise Weiss; T05015; Allée du Printemps; BP 10024/F; F-67070 Strasbourg Cedex' ) ;
insert into fax values ( 'lmanisco', '+32 (0)2 284 9180' ) ;
insert into fax values ( 'lmanisco', '+33 (0)3 88 17 9180' ) ;
insert into adrna values ( 'lmanisco', 'Parlamento europeo Rue Wiertz ASP 9G242  B-1047 BRUXELLES' ) ;

insert into pnom values ( 'mebner', 'On. Michl EBNER' ) ;
insert into euprt values ( 'mebner', 'EUPP', 5 ) ;
insert into naprt values ( 'mebner', 'Südtiroler Volkspartei (Partito popolare sudtirolese)' ) ;
insert into land values ( 'mebner', 'IT' ) ;
insert into komit values ( 'mebner', 'AGRI', 2 ) ;
insert into komit values ( 'mebner', 'CULT', 1 ) ;
insert into deleg values ( 'mebner', 'SI', 9 ) ;
insert into adreu values ( 'mebner', 'European Parliament; Bât. Altiero Spinelli; 12E205; 60, rue Wiertz / Wiertzstraat 60; B-1047 Bruxelles/Brussel' ) ;
insert into adreu values ( 'mebner', 'European Parliament; Bât. Louise Weiss; T10055; Allée du Printemps; BP 10024/F; F-67070 Strasbourg Cedex' ) ;
insert into fax values ( 'mebner', '+32 (0)2 284 9460' ) ;
insert into fax values ( 'mebner', '+33 (0)3 88 17 9460' ) ;
insert into adrna values ( 'mebner', 'Verlagsanstalt Athesia Lauben, 41 I-39100 BOZEN/BOLZANO' ) ;

insert into pnom values ( 'pskinner', 'Mr Peter William SKINNER' ) ;
insert into euprt values ( 'pskinner', 'PSE', 2 ) ;
insert into naprt values ( 'pskinner', 'Labour Party' ) ;
insert into land values ( 'pskinner', 'UK' ) ;
insert into komit values ( 'pskinner', 'ECON', 2 ) ;
insert into komit values ( 'pskinner', 'EMPL', 1 ) ;
insert into deleg values ( 'pskinner', 'US', 2 ) ;
insert into adreu values ( 'pskinner', 'European Parliament; Bât. Altiero Spinelli; 13G142; 60, rue Wiertz / Wiertzstraat 60; B-1047 Bruxelles/Brussel' ) ;
insert into adreu values ( 'pskinner', 'European Parliament; Bât. Louise Weiss; T07058; Allée du Printemps; BP 10024/F; F-67070 Strasbourg Cedex' ) ;
insert into fax values ( 'pskinner', '+32 (0)2 284 9458' ) ;
insert into fax values ( 'pskinner', '+33 (0)3 88 17 9458' ) ;
insert into mail values ( 'pskinner', 'pskinner@europarl.eu.int' ) ;
insert into adrna values ( 'pskinner', 'European Parliament Rue Wiertz ASP 13G142  B-1047 BRUSSELS' ) ;

insert into pnom values ( 'fwatts', 'Mr Mark Francis WATTS' ) ;
insert into euprt values ( 'fwatts', 'PSE', 2 ) ;
insert into naprt values ( 'fwatts', 'Labour Party' ) ;
insert into land values ( 'fwatts', 'UK' ) ;
insert into komit values ( 'fwatts', 'RETT', 2 ) ;
insert into komit values ( 'fwatts', 'EMPL', 1 ) ;
insert into deleg values ( 'fwatts', 'MT', 8 ) ;
insert into adreu values ( 'fwatts', 'European Parliament; Bât. Altiero Spinelli; 13G146; 60, rue Wiertz / Wiertzstraat 60; B-1047 Bruxelles/Brussel' ) ;
insert into adreu values ( 'fwatts', 'European Parliament; Bât. Louise Weiss; T07056; Allée du Printemps; BP 10024/F; F-67070 Strasbourg Cedex' ) ;
insert into fax values ( 'fwatts', '+33 (0)3 88 17 9568' ) ;
insert into fax values ( 'fwatts', '<TR><TD width="100%" bgcolor="#ffffff" colspan="2"><HR></TD></TR>' ) ;
insert into adrna values ( 'fwatts', 'Euro  Office 29 Park Road SITTINGBOURNE  Kent ME10 1DR' ) ;

insert into pnom values ( 'rperry', 'Mr Roy PERRY' ) ;
insert into euprt values ( 'rperry', 'EUPP', 2 ) ;
insert into naprt values ( 'rperry', 'Conservative and Unionist Party' ) ;
insert into land values ( 'rperry', 'UK' ) ;
insert into komit values ( 'rperry', 'PETI', 8 ) ;
insert into komit values ( 'rperry', 'CULT', 2 ) ;
insert into deleg values ( 'rperry', 'PLC', 2 ) ;
insert into adreu values ( 'rperry', 'European Parliament; Bât. Altiero Spinelli; 14E142; 60, rue Wiertz / Wiertzstraat 60; B-1047 Bruxelles/Brussel' ) ;
insert into adreu values ( 'rperry', 'European Parliament; Bât. Louise Weiss; T08065; Allée du Printemps; BP 10024/F; F-67070 Strasbourg Cedex' ) ;
insert into fax values ( 'rperry', '+32 (0)2 284 9204' ) ;
insert into fax values ( 'rperry', '+33 (0)3 88 17 9204' ) ;
insert into mail values ( 'rperry', 'rperry@europarl.eu.int' ) ;
insert into mail values ( 'rperry', 'royperry@europe.com' ) ;
insert into http values ( 'rperry', 'http://www.royperry.org' ) ;
insert into adrna values ( 'rperry', 'Tarrants Farm House Maurys Lane West Wellow ROMSEY Hampshire SO51 6DA' ) ;

insert into pnom values ( 'bchichester', 'Mr Giles Bryan CHICHESTER' ) ;
insert into euprt values ( 'bchichester', 'EUPP', 2 ) ;
insert into naprt values ( 'bchichester', 'Conservative and Unionist Party' ) ;
insert into land values ( 'bchichester', 'UK' ) ;
insert into komit values ( 'bchichester', 'ITRE', 2 ) ;
insert into komit values ( 'bchichester', 'EMPL', 1 ) ;
insert into deleg values ( 'bchichester', 'AuNz', 2 ) ;
insert into adreu values ( 'bchichester', 'European Parliament; Bât. Altiero Spinelli; 14E261; 60, rue Wiertz / Wiertzstraat 60; B-1047 Bruxelles/Brussel' ) ;
insert into adreu values ( 'bchichester', 'European Parliament; Bât. Louise Weiss; T08045; Allée du Printemps; BP 10024/F; F-67070 Strasbourg Cedex' ) ;
insert into fax values ( 'bchichester', '+32 (0)2 284 9296' ) ;
insert into fax values ( 'bchichester', '+33 (0)3 88 17 9128' ) ;
insert into mail values ( 'bchichester', 'GilesChichesterMEP@Eclipse.co.uk' ) ;
insert into http values ( 'bchichester', 'http://www.gileschichestermep.org.uk' ) ;
insert into adrna values ( 'bchichester', 'Constituency Office 48 Queen Street EXETER EX4 3SR' ) ;

insert into pnom values ( 'rjeevans', 'Mr Robert J.E. EVANS') ;
insert into euprt values ( 'rjeevans', 'PSE', 2 ) ;
insert into naprt values ( 'rjeevans', 'Labour Party' ) ;
insert into land values ( 'rjeevans', 'UK' ) ;
insert into komit values ( 'rjeevans', 'LIBE', 8 ) ;
insert into komit values ( 'rjeevans', 'DEVE', 1 ) ;
insert into komit values ( 'rjeevans', 'ENVI', 1 ) ;
insert into deleg values ( 'rjeevans', 'RO', 1 ) ;
insert into deleg values ( 'rjeevans', 'SAARC', 2 ) ;
insert into adreu values ( 'rjeevans', 'European Parliament; Bât. Altiero Spinelli; 13G342; 60, rue Wiertz / Wiertzstraat 60; B-1047 Bruxelles/Brussel' ) ;
insert into adreu values ( 'rjeevans', 'European Parliament; Bât. Louise Weiss; T08050; Allée du Printemps; BP 10024/F; F-67070 Strasbourg Cedex' ) ;
insert into fax values ( 'rjeevans', '+32 (0)2 284 9298' ) ;
insert into fax values ( 'rjeevans', '+33 (0)3 88 17 9298' ) ;
insert into adrna values ( 'rjeevans', 'Labour European Office 16 Charles Square LONDON N1 6HP' ) ;

insert into pnom values ( 'gcollins', 'Mr Gerard COLLINS' ) ;
insert into euprt values ( 'gcollins', 'NEUU', 8 ) ;
insert into naprt values ( 'gcollins', 'Fianna Fáil Party' ) ;
insert into land values ( 'gcollins', 'IE' ) ;
insert into komit values ( 'gcollins', 'RETT', 2 ) ;
insert into komit values ( 'gcollins', 'AFET', 1 ) ;
insert into deleg values ( 'gcollins', 'ZA', 9 ) ;
insert into adreu values ( 'gcollins', 'European Parliament; Bât. Altiero Spinelli; 06F365; 60, rue Wiertz / Wiertzstraat 60; B-1047 Bruxelles/Brussel' ) ;
insert into adreu values ( 'gcollins', 'European Parliament; Bât. Louise Weiss; T13041; Allée du Printemps; BP 10024/F; F-67070 Strasbourg Cedex' ) ;
insert into fax values ( 'gcollins', '+32 (0)2 284 9622' ) ;
insert into fax values ( 'gcollins', '+33 (0)3 88 17 9622' ) ;
insert into adrna values ( 'gcollins', 'The Hill ABBEYFEALE' ) ;

insert into pnom values ( 'jandersson', 'Hr. Jan ANDERSSON' ) ;
insert into euprt values ( 'jandersson', 'PSE', 8 ) ;
insert into naprt values ( 'jandersson', 'Socialdemokratiska arbetarepartiet' ) ;
insert into land values ( 'jandersson', 'SE' ) ;
insert into komit values ( 'jandersson', 'EMPL', 2 ) ;
insert into komit values ( 'jandersson', 'AFCO', 1 ) ;
insert into deleg values ( 'jandersson', 'JP', 9 ) ;
insert into adreu values ( 'jandersson', 'European Parliament; Bât. Altiero Spinelli; 14G306; 60, rue Wiertz / Wiertzstraat 60; B-1047 Bruxelles/Brussel' ) ;
insert into adreu values ( 'jandersson', 'European Parliament; Bât. Louise Weiss; T07089; Allée du Printemps; BP 10024/F; F-67070 Strasbourg Cedex' ) ;
insert into fax values ( 'jandersson', '+32 (0)2 284 9554' ) ;
insert into fax values ( 'jandersson', '+33 (0)3 88 17 9554' ) ;
insert into adrna values ( 'jandersson', 'Stuvaregatan 11 S-252 67 HELSINGBORG' ) ;

insert into pnom values ( 'bcrowley', 'Mr Brian CROWLEY' ) ;
insert into euprt values ( 'bcrowley', 'NEUU', 2 ) ;
insert into naprt values ( 'bcrowley', 'Fianna Fáil Party' ) ;
insert into land values ( 'bcrowley', 'IE' ) ;
insert into komit values ( 'bcrowley', 'JURI', 2 ) ;
insert into komit values ( 'bcrowley', 'EMPL', 1 ) ;
insert into komit values ( 'bcrowley', 'PECH', 1 ) ;
insert into deleg values ( 'bcrowley', 'US', 2 ) ;
insert into adreu values ( 'bcrowley', 'European Parliament; Bât. Altiero Spinelli; 08E242; 60, rue Wiertz / Wiertzstraat 60; B-1047 Bruxelles/Brussel' ) ;
insert into adreu values ( 'bcrowley', 'European Parliament; Bât. Louise Weiss; T06062; Allée du Printemps; BP 10024/F; F-67070 Strasbourg Cedex' ) ;
insert into fax values ( 'bcrowley', '+32 (0)2 284 9751' ) ;
insert into fax values ( 'bcrowley', '+33 (0)3 88 17 9751' ) ;
insert into adrna values ( 'bcrowley', '39 Sundays Well Road' ) ;

insert into pnom values ( 'cceders', 'Fru Charlotte CEDERSCHIÖLD') ;
insert into euprt values ( 'cceders', 'EUPP', 5 ) ;
insert into naprt values ( 'cceders', 'Moderata samlingspartiet' ) ;
insert into land values ( 'cceders', 'SE' ) ;
insert into komit values ( 'cceders', 'LIBE', 2 ) ;
insert into komit values ( 'cceders', 'JURI', 1 ) ;
insert into deleg values ( 'cceders', 'US', 2 ) ;
insert into adreu values ( 'cceders', 'European Parliament; Bât. Altiero Spinelli; 10G102; 60, rue Wiertz / Wiertzstraat 60; B-1047 Bruxelles/Brussel' ) ;
insert into adreu values ( 'cceders', 'European Parliament; Bât. Louise Weiss; T12047-049; Allée du Printemps; BP 10024/F; F-67070 Strasbourg Cedex' ) ;
insert into fax values ( 'cceders', '+32 (0)2 284 9823' ) ;
insert into fax values ( 'cceders', '+33 (0)3 88 17 9823' ) ;
insert into adrna values ( 'cceders', 'Birger Jarlsgatan 118 A S-114 20 STOCKHOLM' ) ;

insert into pnom values ( 'pgahrton', 'Hr. Per GAHRTON' ) ;
insert into euprt values ( 'pgahrton', 'VERD', 2 ) ;
insert into naprt values ( 'pgahrton', 'Miljöpartiet' ) ;
insert into land values ( 'pgahrton', 'SE' ) ;
insert into komit values ( 'pgahrton', 'AFET', 2 ) ;
insert into komit values ( 'pgahrton', 'ITRE', 1 ) ;
insert into deleg values ( 'pgahrton', 'CN', 8 ) ;
insert into adreu values ( 'pgahrton', 'European Parliament; Bât. Altiero Spinelli; 08G317; 60, rue Wiertz / Wiertzstraat 60; B-1047 Bruxelles/Brussel' ) ;
insert into adreu values ( 'pgahrton', 'European Parliament; Bât. Louise Weiss; T05131; Allée du Printemps; BP 10024/F; F-67070 Strasbourg Cedex' ) ;
insert into fax values ( 'pgahrton', '+32 (0)2 284 9273' ) ;
insert into fax values ( 'pgahrton', '+33 (0)3 88 17 9273' ) ;
insert into mail values ( 'pgahrton', 'per.gahrton@mp.se' ) ;
insert into adrna values ( 'pgahrton', 'Getvägen 49 S-187 54 TÄBY' ) ;

insert into pnom values ( 'gkinnock', 'Mrs Glenys KINNOCK' ) ;
insert into euprt values ( 'gkinnock', 'PSE', 2 ) ;
insert into naprt values ( 'gkinnock', 'Labour Party' ) ;
insert into land values ( 'gkinnock', 'UK' ) ;
insert into komit values ( 'gkinnock', 'DEVE', 2 ) ;
insert into komit values ( 'gkinnock', 'LIBE', 1 ) ;
insert into adreu values ( 'gkinnock', 'European Parliament; Bât. Altiero Spinelli; 13G306; 60, rue Wiertz / Wiertzstraat 60; B-1047 Bruxelles/Brussel' ) ;
insert into adreu values ( 'gkinnock', 'European Parliament; Bât. Louise Weiss; T07057; Allée du Printemps; BP 10024/F; F-67070 Strasbourg Cedex' ) ;
insert into fax values ( 'gkinnock', '+32 (0)2 284 9402' ) ;
insert into fax values ( 'gkinnock', '+33 (0)3 88 17 9402' ) ;
insert into mail values ( 'gkinnock', 'gkinnock@europe-wales.new.labour.org.uk' ) ;
insert into adrna values ( 'gkinnock', 'Labour European Office 16 Sachville Avenue CARDIFF CF14 3NY' ) ;

insert into pnom values ( 'pvayrynen', ' Paavo VÄYRYNEN') ;
insert into euprt values ( 'pvayrynen', 'ELDR', 8 ) ;
insert into naprt values ( 'pvayrynen', 'Suomen Keskusta' ) ;
insert into land values ( 'pvayrynen', 'FI' ) ;
insert into komit values ( 'pvayrynen', 'AFET', 2 ) ;
insert into komit values ( 'pvayrynen', 'AFCO', 1 ) ;
insert into deleg values ( 'pvayrynen', 'RU', 2 ) ;
insert into adreu values ( 'pvayrynen', 'European Parliament; Bât. Altiero Spinelli; 10G258; 60, rue Wiertz / Wiertzstraat 60; B-1047 Bruxelles/Brussel' ) ;
insert into adreu values ( 'pvayrynen', 'European Parliament; Bât. Louise Weiss; T11049; Allée du Printemps; BP 10024/F; F-67070 Strasbourg Cedex' ) ;
insert into fax values ( 'pvayrynen', '+32 (0)2 284 9850' ) ;
insert into fax values ( 'pvayrynen', '+33 (0)3 88 17 9850' ) ;
insert into adrna values ( 'pvayrynen', 'Keminsuuntie 252 FIN-94400 KEMINMAA' ) ;

insert into pnom values ( 'clalumiere', 'Mme Catherine LALUMIERE' ) ;
insert into euprt values ( 'clalumiere', 'PSE', 5 ) ;
insert into naprt values ( 'clalumiere', 'Parti radical de gauche' ) ;
insert into land values ( 'clalumiere', 'FR' ) ;
insert into komit values ( 'clalumiere', 'AFET', 2 ) ;
insert into komit values ( 'clalumiere', 'DEVE', 1 ) ;
insert into deleg values ( 'clalumiere', 'NATO', 2 ) ;
insert into deleg values ( 'clalumiere', 'RU', 2 ) ;
insert into adreu values ( 'clalumiere', 'European Parliament; Bât. Altiero Spinelli; 14G102; 60, rue Wiertz / Wiertzstraat 60; B-1047 Bruxelles/Brussel' ) ;
insert into adreu values ( 'clalumiere', 'European Parliament; Bât. Louise Weiss; T12069; Allée du Printemps; BP 10024/F; F-67070 Strasbourg Cedex' ) ;
insert into fax values ( 'clalumiere', '+32 (0)2 284 9993' ) ;
insert into fax values ( 'clalumiere', '+33 (0)3 88 17 9993' ) ;
insert into adrna values ( 'clalumiere', 'Parlement européen 288, bd. St. Germain F-75007 PARIS' ) ;

insert into pnom values ( 'bmiller', 'Mr Bill MILLER' ) ;
insert into euprt values ( 'bmiller', 'PSE', 2 ) ;
insert into naprt values ( 'bmiller', 'Labour Party' ) ;
insert into land values ( 'bmiller', 'UK' ) ;
insert into komit values ( 'bmiller', 'JURI', 8 ) ;
insert into komit values ( 'bmiller', 'RETT', 1 ) ;
insert into deleg values ( 'bmiller', 'LV', 2 ) ;
insert into adreu values ( 'bmiller', 'European Parliament; Bât. Altiero Spinelli; 13G351; 60, rue Wiertz / Wiertzstraat 60; B-1047 Bruxelles/Brussel' ) ;
insert into adreu values ( 'bmiller', 'European Parliament; Bât. Louise Weiss; T07049; Allée du Printemps; BP 10024/F; F-67070 Strasbourg Cedex' ) ;
insert into fax values ( 'bmiller', '+32 (0)2 284 9715' ) ;
insert into fax values ( 'bmiller', '+33 (0)3 88 17 9715' ) ;
insert into adrna values ( 'bmiller', 'John Smith House 145-165 West Regent Street GLASGOW G2 4RZ' ) ;

insert into pnom values ( 'pstenmarck', 'Hr. Per STENMARCK' ) ;
insert into euprt values ( 'pstenmarck', 'EUPP', 5 ) ;
insert into naprt values ( 'pstenmarck', 'Moderata samlingspartiet' ) ;
insert into land values ( 'pstenmarck', 'SE' ) ;
insert into komit values ( 'pstenmarck', 'BUDG', 2 ) ;
insert into komit values ( 'pstenmarck', 'RETT', 1 ) ;
insert into deleg values ( 'pstenmarck', 'EE', 2 ) ;
insert into deleg values ( 'pstenmarck', 'LV', 1 ) ;
insert into adreu values ( 'pstenmarck', 'European Parliament; Bât. Altiero Spinelli; 07F353; 60, rue Wiertz / Wiertzstraat 60; B-1047 Bruxelles/Brussel' ) ;
insert into adreu values ( 'pstenmarck', 'European Parliament; Bât. Louise Weiss; T09054; Allée du Printemps; BP 10024/F; F-67070 Strasbourg Cedex' ) ;
insert into fax values ( 'pstenmarck', '+32 (0)2 284 9803' ) ;
insert into fax values ( 'pstenmarck', '+33 (0)3 88 17 9803' ) ;
insert into mail values ( 'pstenmarck', 'per.stenmarck@moderat.se' ) ;
insert into http values ( 'pstenmarck', 'http://www.skane.moderat.se/stenmarck' ) ;
insert into adrna values ( 'pstenmarck', 'Lärkvägen 20 S-239 32 SKANÖR' ) ;

insert into pnom values ( 'btheorin', 'Fru Maj Britt THEORIN' ) ;
insert into euprt values ( 'btheorin', 'PSE', 2 ) ;
insert into naprt values ( 'btheorin', 'Socialdemokratiska arbetarepartiet' ) ;
insert into land values ( 'btheorin', 'SE' ) ;
insert into komit values ( 'btheorin', 'DEVE', 2 ) ;
insert into komit values ( 'btheorin', 'AFET', 1 ) ;
insert into adreu values ( 'btheorin', 'European Parliament; Bât. Altiero Spinelli; 13G153; 60, rue Wiertz / Wiertzstraat 60; B-1047 Bruxelles/Brussel' ) ;
insert into adreu values ( 'btheorin', 'European Parliament; Bât. Louise Weiss; T08093; Allée du Printemps; BP 10024/F; F-67070 Strasbourg Cedex' ) ;
insert into fax values ( 'btheorin', '+32 (0)2 284 9661' ) ;
insert into fax values ( 'btheorin', '+33 (0)3 88 17 9661' ) ;
insert into adrna values ( 'btheorin', 'Upplandsgatan 19 B S-113 60 STOCKHOLM' ) ;

insert into pnom values ( 'grwatson', 'Mr Graham R. WATSON') ;
insert into euprt values ( 'grwatson', 'ELDR', 9 ) ;
insert into naprt values ( 'grwatson', 'Liberal Democrat Party' ) ;
insert into land values ( 'grwatson', 'UK' ) ;
insert into komit values ( 'grwatson', 'LIBE', 1 ) ;
insert into adreu values ( 'grwatson', 'European Parliament; Bât. Paul-Henri Spaak; 55C011; 60, rue Wiertz / Wiertzstraat 60; B-1047 Bruxelles/Brussel' ) ;
insert into adreu values ( 'grwatson', 'European Parliament; Bât. Louise Weiss; T06028-026; Allée du Printemps; BP 10024/F; F-67070 Strasbourg Cedex' ) ;
insert into fax values ( 'grwatson', '+32 (0)2 284 9626' ) ;
insert into fax values ( 'grwatson', '+33 (0)3 88 17 9626' ) ;
insert into mail values ( 'grwatson', 'euro_office@cix.co.uk' ) ;
insert into adrna values ( 'grwatson', 'European Parliament Rue Wiertz PHS 55C011  B-1047 BRUSSELS' ) ;

insert into pnom values ( 'acunha', 'Sr. Arlindo CUNHA' ) ;
insert into euprt values ( 'acunha', 'EUPP', 2 ) ;
insert into naprt values ( 'acunha', 'Partido Social Democrata' ) ;
insert into land values ( 'acunha', 'PT' ) ;
insert into komit values ( 'acunha', 'AGRI', 2 ) ;
insert into komit values ( 'acunha', 'PECH', 2 ) ;
insert into adreu values ( 'acunha', 'European Parliament; Bât. Altiero Spinelli; 08E116; 60, rue Wiertz / Wiertzstraat 60; B-1047 Bruxelles/Brussel' ) ;
insert into adreu values ( 'acunha', 'European Parliament; Bât. Louise Weiss; T09025; Allée du Printemps; BP 10024/F; F-67070 Strasbourg Cedex' ) ;
insert into fax values ( 'acunha', '+32 (0)2 284 9381' ) ;
insert into fax values ( 'acunha', '+33 (0)3 88 17 9381' ) ;
insert into adrna values ( 'acunha', 'Parlamento Europeu Rue Wiertz ASP 8E116  B-1047 BRUXELAS' ) ;

insert into pnom values ( 'clage', 'Sr. Carlos LAGE' ) ;
insert into euprt values ( 'clage', 'PSE', 8 ) ;
insert into naprt values ( 'clage', 'Partido Socialista' ) ;
insert into land values ( 'clage', 'PT' ) ;
insert into komit values ( 'clage', 'PECH', 2 ) ;
insert into komit values ( 'clage', 'ENVI', 1 ) ;
insert into deleg values ( 'clage', 'KaKgUz', 2 ) ;
insert into adreu values ( 'clage', 'European Parliament; Bât. Altiero Spinelli; 15G142; 60, rue Wiertz / Wiertzstraat 60; B-1047 Bruxelles/Brussel' ) ;
insert into adreu values ( 'clage', 'European Parliament; Bât. Louise Weiss; T06149; Allée du Printemps; BP 10024/F; F-67070 Strasbourg Cedex' ) ;
insert into fax values ( 'clage', '+32 (0)2 284 9824' ) ;
insert into fax values ( 'clage', '+33 (0)3 88 17 9824' ) ;
insert into adrna values ( 'clage', 'Parlamento Europeu Rue Wiertz ASP 15G142  B-1047 BRUXELAS' ) ;

insert into pnom values ( 'ncampos', 'Sr. António CAMPOS' ) ;
insert into euprt values ( 'ncampos', 'PSE', 2 ) ;
insert into naprt values ( 'ncampos', 'Partido Socialista' ) ;
insert into land values ( 'ncampos', 'PT' ) ;
insert into komit values ( 'ncampos', 'AGRI', 2 ) ;
insert into komit values ( 'ncampos', 'ENVI', 1 ) ;
insert into adreu values ( 'ncampos', 'European Parliament; Bât. Altiero Spinelli; 15G146; 60, rue Wiertz / Wiertzstraat 60; B-1047 Bruxelles/Brussel' ) ;
insert into adreu values ( 'ncampos', 'European Parliament; Bât. Louise Weiss; T06147; Allée du Printemps; BP 10024/F; F-67070 Strasbourg Cedex' ) ;
insert into fax values ( 'ncampos', '+32 (0)2 284 9770' ) ;
insert into fax values ( 'ncampos', '+33 (0)3 88 17 9770' ) ;
insert into adrna values ( 'ncampos', 'R. Sacadura Cabral, 102 1°-Dto P-2765 S. JOÃO DO ESTORIL' ) ;

insert into pnom values ( 'htorresmarques', 'Sra. Helena TORRES MARQUES' ) ;
insert into euprt values ( 'htorresmarques', 'PSE', 2 ) ;
insert into naprt values ( 'htorresmarques', 'Partido Socialista' ) ;
insert into land values ( 'htorresmarques', 'PT' ) ;
insert into komit values ( 'htorresmarques', 'ECON', 2 ) ;
insert into komit values ( 'htorresmarques', 'FEMM', 2 ) ;
insert into komit values ( 'htorresmarques', 'RETT', 1 ) ;
insert into adreu values ( 'htorresmarques', 'European Parliament; Bât. Altiero Spinelli; 15G242; 60, rue Wiertz / Wiertzstraat 60; B-1047 Bruxelles/Brussel' ) ;
insert into adreu values ( 'htorresmarques', 'European Parliament; Bât. Louise Weiss; T06151; Allée du Printemps; BP 10024/F; F-67070 Strasbourg Cedex' ) ;
insert into fax values ( 'htorresmarques', '+32 (0)2 284 9898' ) ;
insert into fax values ( 'htorresmarques', '+33 (0)3 88 17 9898' ) ;
insert into mail values ( 'htorresmarques', 'htorresmarques@europarl.eu.int' ) ;
insert into http values ( 'htorresmarques', 'http://www.partido-socialista-pt/pspe/torresmarques/' ) ;
insert into adrna values ( 'htorresmarques', 'Parlamento Europeu Rue Wiertz ASP 15G242  B-1047 BRUXELAS' ) ;

insert into pnom values ( 'emorgan', 'Mrs Eluned MORGAN' ) ;
insert into euprt values ( 'emorgan', 'PSE', 2 ) ;
insert into naprt values ( 'emorgan', 'Labour Party' ) ;
insert into land values ( 'emorgan', 'UK' ) ;
insert into komit values ( 'emorgan', 'CONT', 2 ) ;
insert into komit values ( 'emorgan', 'ENVI', 1 ) ;
insert into deleg values ( 'emorgan', 'Mashreq', 2 ) ;
insert into adreu values ( 'emorgan', 'European Parliament; Bât. Altiero Spinelli; 13G254; 60, rue Wiertz / Wiertzstraat 60; B-1047 Bruxelles/Brussel' ) ;
insert into adreu values ( 'emorgan', 'European Parliament; Bât. Louise Weiss; T07055; Allée du Printemps; BP 10024/F; F-67070 Strasbourg Cedex' ) ;
insert into fax values ( 'emorgan', '+32 (0)2 284 9457' ) ;
insert into fax values ( 'emorgan', '+33 (0)3 88 17 9457' ) ;
insert into mail values ( 'emorgan', 'emorgan@europarl.eu.int' ) ;
insert into mail values ( 'emorgan', 'emorgan@europe-wales.new.labour.org.uk' ) ;
insert into adrna values ( 'emorgan', 'Labour European Office 16 Sachville Avenue CARDIFF CF14 3NY' ) ;

insert into pnom values ( 'amccarthy', 'Mrs Arlene McCARTHY' ) ;
insert into euprt values ( 'amccarthy', 'PSE', 2 ) ;
insert into naprt values ( 'amccarthy', 'Labour Party' ) ;
insert into land values ( 'amccarthy', 'UK' ) ;
insert into komit values ( 'amccarthy', 'JURI', 2 ) ;
insert into komit values ( 'amccarthy', 'RETT', 1 ) ;
insert into adreu values ( 'amccarthy', 'European Parliament; Bât. Altiero Spinelli; 13G218; 60, rue Wiertz / Wiertzstraat 60; B-1047 Bruxelles/Brussel' ) ;
insert into adreu values ( 'amccarthy', 'European Parliament; Bât. Louise Weiss; T07063; Allée du Printemps; BP 10024/F; F-67070 Strasbourg Cedex' ) ;
insert into fax values ( 'amccarthy', '+32 (0)2 284 9501' ) ;
insert into fax values ( 'amccarthy', '+33 (0)3 88 17 9501' ) ;
insert into mail values ( 'amccarthy', 'arlene.mccarthy@easynet.co.uk' ) ;
insert into adrna values ( 'amccarthy', 'Express Networks 1 George Leigh Street MANCHESTER M4 5DL' ) ;

insert into pnom values ( 'pwhitehead', 'Mr Phillip WHITEHEAD' ) ;
insert into euprt values ( 'pwhitehead', 'PSE', 2 ) ;
insert into naprt values ( 'pwhitehead', 'Labour Party' ) ;
insert into land values ( 'pwhitehead', 'UK' ) ;
insert into komit values ( 'pwhitehead', 'ENVI', 2 ) ;
insert into komit values ( 'pwhitehead', 'CULT', 1 ) ;
insert into deleg values ( 'pwhitehead', 'CZ', 2 ) ;
insert into adreu values ( 'pwhitehead', 'European Parliament; Bât. Altiero Spinelli; 13G158; 60, rue Wiertz / Wiertzstraat 60; B-1047 Bruxelles/Brussel' ) ;
insert into adreu values ( 'pwhitehead', 'European Parliament; Bât. Louise Weiss; T07034; Allée du Printemps; BP 10024/F; F-67070 Strasbourg Cedex' ) ;
insert into fax values ( 'pwhitehead', '+32 (0)2 284 9459' ) ;
insert into fax values ( 'pwhitehead', '+33 (0)3 88 17 9459' ) ;
insert into mail values ( 'pwhitehead', 'pwhitehead@europarl.eu.int' ) ;
insert into mail values ( 'pwhitehead', 'whiteheadp@labmeps-emids.fsnet.co.uk' ) ;
insert into http values ( 'pwhitehead', 'http://www.labmeps-emids.fsnet.co.uk' ) ;
insert into adrna values ( 'pwhitehead', 'Abbots Hill Chambers Gower Street DERBY DE1 1SD' ) ;

insert into pnom values ( 'dtsatsos', 'Κ. Dimitris TSATSOS' ) ;
insert into euprt values ( 'dtsatsos', 'PSE', 2 ) ;
insert into naprt values ( 'dtsatsos', 'Panellinio Socialistiko Kinima' ) ;
insert into land values ( 'dtsatsos', 'GR' ) ;
insert into komit values ( 'dtsatsos', 'AFCO', 2 ) ;
insert into komit values ( 'dtsatsos', 'JURI', 1 ) ;
insert into deleg values ( 'dtsatsos', 'CY', 2 ) ;
insert into adreu values ( 'dtsatsos', 'European Parliament; Bât. Altiero Spinelli; 13G116; 60, rue Wiertz / Wiertzstraat 60; B-1047 Bruxelles/Brussel' ) ;
insert into adreu values ( 'dtsatsos', 'European Parliament; Bât. Louise Weiss; T08009; Allée du Printemps; BP 10024/F; F-67070 Strasbourg Cedex' ) ;
insert into fax values ( 'dtsatsos', '+32 (0)2 284 9424' ) ;
insert into fax values ( 'dtsatsos', '+33 (0)3 88 17 9424' ) ;
insert into adrna values ( 'dtsatsos', 'Eptanissou 33 GR-112 57 ATHINA' ) ;

insert into pnom values ( 'iraynal', 'M. Miquel MAYOL i RAYNAL' ) ;
insert into euprt values ( 'iraynal', 'VERD', 2 ) ;
insert into naprt values ( 'iraynal', 'Esquerra Republicana de Catalunya' ) ;
insert into land values ( 'iraynal', 'ES' ) ;
insert into komit values ( 'iraynal', 'ECON', 2 ) ;
insert into komit values ( 'iraynal', 'AFET', 1 ) ;
insert into deleg values ( 'iraynal', 'CAMx', 2 ) ;
insert into adreu values ( 'iraynal', 'European Parliament; Bât. Altiero Spinelli; 08H165; 60, rue Wiertz / Wiertzstraat 60; B-1047 Bruxelles/Brussel' ) ;
insert into adreu values ( 'iraynal', 'European Parliament; Bât. Louise Weiss; T05141; Allée du Printemps; BP 10024/F; F-67070 Strasbourg Cedex' ) ;
insert into fax values ( 'iraynal', '+32 (0)2 284 9912' ) ;
insert into fax values ( 'iraynal', '+33 (0)3 88 17 9912' ) ;
insert into mail values ( 'iraynal', 'miquel.mayol-raynal@wanadoo.fr' ) ;
insert into adrna values ( 'iraynal', 'Parlement européen Rue Wiertz ASP 08H165  B-1047 BRUXELLES' ) ;

insert into pnom values ( 'dmennitti', 'On. Domenico MENNITTI' ) ;
insert into euprt values ( 'dmennitti', 'EUPP', 5 ) ;
insert into naprt values ( 'dmennitti', 'Forza Italia' ) ;
insert into land values ( 'dmennitti', 'IT' ) ;
insert into komit values ( 'dmennitti', 'CULT', 2 ) ;
insert into komit values ( 'dmennitti', 'LIBE', 1 ) ;
insert into deleg values ( 'dmennitti', 'RO', 9 ) ;
insert into adreu values ( 'dmennitti', 'European Parliament; Bât. Altiero Spinelli; 09E153; 60, rue Wiertz / Wiertzstraat 60; B-1047 Bruxelles/Brussel' ) ;
insert into adreu values ( 'dmennitti', 'European Parliament; Bât. Louise Weiss; T10040; Allée du Printemps; BP 10024/F; F-67070 Strasbourg Cedex' ) ;
insert into fax values ( 'dmennitti', '+32 (0)2 284 9302' ) ;
insert into fax values ( 'dmennitti', '+33 (0)3 88 17 9302' ) ;
insert into http values ( 'dmennitti', 'http://www.mennitti.it' ) ;
insert into adrna values ( 'dmennitti', 'Piazza Sant\'Andrea della Valle, 6 I-00186 ROMA' ) ;

insert into pnom values ( 'ppastorelli', 'On. Paolo PASTORELLI' ) ;
insert into euprt values ( 'ppastorelli', 'EUPP', 2 ) ;
insert into naprt values ( 'ppastorelli', 'Cristiani democratici uniti' ) ;
insert into land values ( 'ppastorelli', 'IT' ) ;
insert into komit values ( 'ppastorelli', 'ITRE', 2 ) ;
insert into komit values ( 'ppastorelli', 'LIBE', 1 ) ;
insert into deleg values ( 'ppastorelli', 'BG', 1 ) ;
insert into deleg values ( 'ppastorelli', 'CN', 2 ) ;
insert into adreu values ( 'ppastorelli', 'European Parliament; Bât. Altiero Spinelli; 12E209; 60, rue Wiertz / Wiertzstraat 60; B-1047 Bruxelles/Brussel' ) ;
insert into adreu values ( 'ppastorelli', 'European Parliament; Bât. Louise Weiss; T10030; Allée du Printemps; BP 10024/F; F-67070 Strasbourg Cedex' ) ;
insert into fax values ( 'ppastorelli', '+32 (0)2 284 9930' ) ;
insert into fax values ( 'ppastorelli', '+33 (0)3 88 17 9930' ) ;
insert into adrna values ( 'ppastorelli', 'Via Bottini, 1 I-21013 GALLARATE' ) ;

insert into pnom values ( 'mborghezio', 'On. Mario BORGHEZIO' ) ;
insert into euprt values ( 'mborghezio', 'NON', 2 ) ;
insert into naprt values ( 'mborghezio', 'Lega Nord per l\'indipendenza della Padania' ) ;
insert into land values ( 'mborghezio', 'IT' ) ;
insert into komit values ( 'mborghezio', 'LIBE', 2 ) ;
insert into komit values ( 'mborghezio', 'ITRE', 1 ) ;
insert into deleg values ( 'mborghezio', 'LV', 2 ) ;
insert into adreu values ( 'mborghezio', 'European Parliament; Bât. Altiero Spinelli; 08H246; 60, rue Wiertz / Wiertzstraat 60; B-1047 Bruxelles/Brussel' ) ;
insert into adreu values ( 'mborghezio', 'European Parliament; Bât. Louise Weiss; T09014; Allée du Printemps; BP 10024/F; F-67070 Strasbourg Cedex' ) ;
insert into fax values ( 'mborghezio', '+32 (0)2 284 9704' ) ;
insert into fax values ( 'mborghezio', '+33 (0)3 88 17 9704' ) ;
insert into adrna values ( 'mborghezio', 'Via Arona, 10 I-10145 TORINO' ) ;

insert into pnom values ( 'pbartolozzi', 'On. Paolo BARTOLOZZI' ) ;
insert into euprt values ( 'pbartolozzi', 'EUPP', 2 ) ;
insert into naprt values ( 'pbartolozzi', 'Forza Italia' ) ;
insert into land values ( 'pbartolozzi', 'IT' ) ;
insert into komit values ( 'pbartolozzi', 'JURI', 2 ) ;
insert into komit values ( 'pbartolozzi', 'EMPL', 1 ) ;
insert into deleg values ( 'pbartolozzi', 'SK', 1 ) ;
insert into deleg values ( 'pbartolozzi', 'CAMx', 2 ) ;
insert into adreu values ( 'pbartolozzi', 'European Parliament; Bât. Altiero Spinelli; 09E115; 60, rue Wiertz / Wiertzstraat 60; B-1047 Bruxelles/Brussel' ) ;
insert into adreu values ( 'pbartolozzi', 'European Parliament; Bât. Louise Weiss; T10048; Allée du Printemps; BP 10024/F; F-67070 Strasbourg Cedex' ) ;
insert into fax values ( 'pbartolozzi', '+32 (0)2 284 9845' ) ;
insert into fax values ( 'pbartolozzi', '+33 (0)3 88 17 9845' ) ;
insert into mail values ( 'pbartolozzi', 'paolobartolozzi@tin.it' ) ;
insert into http values ( 'pbartolozzi', 'http://web.tiscali.it/paolobartolozzi' ) ;
insert into adrna values ( 'pbartolozzi', 'Parlamento europeo Rue Wiertz ASP 9E115  B-1047 BRUXELLES' ) ;

insert into pnom values ( 'gkatiforis', 'Κ. Giorgos KATIFORIS' ) ;
insert into euprt values ( 'gkatiforis', 'PSE', 8 ) ;
insert into naprt values ( 'gkatiforis', 'Panellinio Socialistiko Kinima' ) ;
insert into land values ( 'gkatiforis', 'GR' ) ;
insert into komit values ( 'gkatiforis', 'ECON', 2 ) ;
insert into komit values ( 'gkatiforis', 'PECH', 1 ) ;
insert into komit values ( 'gkatiforis', 'AFET', 1 ) ;
insert into deleg values ( 'gkatiforis', 'TR', 2 ) ;
insert into adreu values ( 'gkatiforis', 'European Parliament; Bât. Altiero Spinelli; 11G130; 60, rue Wiertz / Wiertzstraat 60; B-1047 Bruxelles/Brussel' ) ;
insert into adreu values ( 'gkatiforis', 'European Parliament; Bât. Louise Weiss; T08005; Allée du Printemps; BP 10024/F; F-67070 Strasbourg Cedex' ) ;
insert into fax values ( 'gkatiforis', '+32 (0)2 284 9425' ) ;
insert into fax values ( 'gkatiforis', '+33 (0)3 88 17 9425' ) ;
insert into mail values ( 'gkatiforis', 'gkatiforis@europarl.eu.int' ) ;
insert into adrna values ( 'gkatiforis', 'Eratosthenous 19 GR-116 35 ATHENES' ) ;

insert into pnom values ( 'atrakatellis', 'Κ. Antonios TRAKATELLIS' ) ;
insert into euprt values ( 'atrakatellis', 'EUPP', 5 ) ;
insert into naprt values ( 'atrakatellis', 'Nea Dimokratia' ) ;
insert into land values ( 'atrakatellis', 'GR' ) ;
insert into komit values ( 'atrakatellis', 'ENVI', 2 ) ;
insert into komit values ( 'atrakatellis', 'AFET', 1 ) ;
insert into deleg values ( 'atrakatellis', 'CY', 1 ) ;
insert into deleg values ( 'atrakatellis', 'IL', 2 ) ;
insert into adreu values ( 'atrakatellis', 'European Parliament; Bât. Altiero Spinelli; 08E205; 60, rue Wiertz / Wiertzstraat 60; B-1047 Bruxelles/Brussel' ) ;
insert into adreu values ( 'atrakatellis', 'European Parliament; Bât. Louise Weiss; T09035; Allée du Printemps; BP 10024/F; F-67070 Strasbourg Cedex' ) ;
insert into fax values ( 'atrakatellis', '+32 (0)2 284 9762' ) ;
insert into fax values ( 'atrakatellis', '+33 (0)3 88 17 9762' ) ;
insert into mail values ( 'atrakatellis', 'atrakatellis@europarl.eu.int' ) ;
insert into adrna values ( 'atrakatellis', 'Dim. Gounari 1 GR-546 22 THESSALONIKI' ) ;

insert into pnom values ( 'gdimitrakopoulos', 'Κ. Giorgos DIMITRAKOPOULOS' ) ;
insert into euprt values ( 'gdimitrakopoulos', 'EUPP', 5 ) ;
insert into naprt values ( 'gdimitrakopoulos', 'Nea Dimokratia' ) ;
insert into land values ( 'gdimitrakopoulos', 'GR' ) ;
insert into komit values ( 'gdimitrakopoulos', 'AFCO', 2 ) ;
insert into komit values ( 'gdimitrakopoulos', 'JURI', 1 ) ;
insert into deleg values ( 'gdimitrakopoulos', 'LT', 1 ) ;
insert into adreu values ( 'gdimitrakopoulos', 'European Parliament; Bât. Altiero Spinelli; 08E218; 60, rue Wiertz / Wiertzstraat 60; B-1047 Bruxelles/Brussel' ) ;
insert into adreu values ( 'gdimitrakopoulos', 'European Parliament; Bât. Louise Weiss; T12061-059; Allée du Printemps; BP 10024/F; F-67070 Strasbourg Cedex' ) ;
insert into fax values ( 'gdimitrakopoulos', '+32 (0)2 284 9941' ) ;
insert into fax values ( 'gdimitrakopoulos', '+33 (0)3 88 17 9941' ) ;
insert into adrna values ( 'gdimitrakopoulos', 'Papastravrou 6 GR-412 22 LARISSA' ) ;

insert into pnom values ( 'khatzidakis', 'Κ. Konstantinos HATZIDAKIS' ) ;
insert into euprt values ( 'khatzidakis', 'EUPP', 2 ) ;
insert into naprt values ( 'khatzidakis', 'Nea Dimokratia' ) ;
insert into land values ( 'khatzidakis', 'GR' ) ;
insert into komit values ( 'khatzidakis', 'RETT', 2 ) ;
insert into komit values ( 'khatzidakis', 'AFET', 1 ) ;
insert into deleg values ( 'khatzidakis', 'AmGeAz', 2 ) ;
insert into adreu values ( 'khatzidakis', 'European Parliament; Bât. Altiero Spinelli; 08E206; 60, rue Wiertz / Wiertzstraat 60; B-1047 Bruxelles/Brussel' ) ;
insert into adreu values ( 'khatzidakis', 'European Parliament; Bât. Louise Weiss; T09031; Allée du Printemps; BP 10024/F; F-67070 Strasbourg Cedex' ) ;
insert into fax values ( 'khatzidakis', '+32 (0)2 284 9192' ) ;
insert into fax values ( 'khatzidakis', '+33 (0)3 88 17 9192' ) ;
insert into adrna values ( 'khatzidakis', 'Karneadou 38 GR-106 76 ATHINA' ) ;

insert into pnom values ( 'atajani', 'On. Antonio TAJANI' ) ;
insert into euprt values ( 'atajani', 'EUPP', 5 ) ;
insert into naprt values ( 'atajani', 'Forza Italia' ) ;
insert into land values ( 'atajani', 'IT' ) ;
insert into komit values ( 'atajani', 'AFCO', 2 ) ;
insert into komit values ( 'atajani', 'LIBE', 1 ) ;
insert into komit values ( 'atajani', 'PETI', 1 ) ;
insert into deleg values ( 'atajani', 'IL', 2 ) ;
insert into adreu values ( 'atajani', 'European Parliament; Bât. Altiero Spinelli; 09E130; 60, rue Wiertz / Wiertzstraat 60; B-1047 Bruxelles/Brussel' ) ;
insert into adreu values ( 'atajani', 'European Parliament; Bât. Louise Weiss; T10073; Allée du Printemps; BP 10024/F; F-67070 Strasbourg Cedex' ) ;
insert into fax values ( 'atajani', '+32 (0)2 284 9396' ) ;
insert into fax values ( 'atajani', '+33 (0)3 88 17 9396' ) ;
insert into adrna values ( 'atajani', 'Via T. Salvini, 51 I-00197 ROMA' ) ;

insert into pnom values ( 'gbrienza', 'On. Giuseppe BRIENZA' ) ;
insert into euprt values ( 'gbrienza', 'EUPP', 5 ) ;
insert into naprt values ( 'gbrienza', 'Centro cristiano democratico' ) ;
insert into land values ( 'gbrienza', 'IT' ) ;
insert into komit values ( 'gbrienza', 'LIBE', 2 ) ;
insert into komit values ( 'gbrienza', 'CULT', 1 ) ;
insert into adreu values ( 'gbrienza', 'European Parliament; Bât. Altiero Spinelli; 09E253; 60, rue Wiertz / Wiertzstraat 60; B-1047 Bruxelles/Brussel' ) ;
insert into adreu values ( 'gbrienza', 'European Parliament; Bât. Louise Weiss; T10036; Allée du Printemps; BP 10024/F; F-67070 Strasbourg Cedex' ) ;
insert into fax values ( 'gbrienza', '+32 (0)2 284 9852' ) ;
insert into fax values ( 'gbrienza', '+33 (0)3 88 17 9852' ) ;
insert into adrna values ( 'gbrienza', 'Via De Filippo, 8 I-70125 BARI' ) ;

insert into pnom values ( 'mdossantos', 'Sr. Manuel António dos SANTOS' ) ;
insert into euprt values ( 'mdossantos', 'PSE', 2 ) ;
insert into naprt values ( 'mdossantos', 'Partido Socialista' ) ;
insert into land values ( 'mdossantos', 'PT' ) ;
insert into komit values ( 'mdossantos', 'BUDG', 2 ) ;
insert into komit values ( 'mdossantos', 'CONT', 1 ) ;
insert into komit values ( 'mdossantos', 'ECON', 1 ) ;
insert into deleg values ( 'mdossantos', 'Maghreb', 2 ) ;
insert into adreu values ( 'mdossantos', 'European Parliament; Bât. Altiero Spinelli; 15G206; 60, rue Wiertz / Wiertzstraat 60; B-1047 Bruxelles/Brussel' ) ;
insert into adreu values ( 'mdossantos', 'European Parliament; Bât. Louise Weiss; T06153; Allée du Printemps; BP 10024/F; F-67070 Strasbourg Cedex' ) ;
insert into fax values ( 'mdossantos', '+32 (0)2 284 9869' ) ;
insert into fax values ( 'mdossantos', '+33 (0)3 88 17 9869' ) ;
insert into mail values ( 'mdossantos', 'mdossantos@europarl.eu.int' ) ;
insert into adrna values ( 'mdossantos', 'Praceta João Villaret, 33 - 3°. Esquerdo PT 4460337 SENHORA DA HORA' ) ;

insert into pnom values ( 'uscapagnini', 'On. Umberto SCAPAGNINI' ) ;
insert into euprt values ( 'uscapagnini', 'EUPP', 2 ) ;
insert into naprt values ( 'uscapagnini', 'Forza Italia' ) ;
insert into land values ( 'uscapagnini', 'IT' ) ;
insert into komit values ( 'uscapagnini', 'ITRE', 2 ) ;
insert into komit values ( 'uscapagnini', 'ENVI', 1 ) ;
insert into deleg values ( 'uscapagnini', 'PLC', 2 ) ;
insert into adreu values ( 'uscapagnini', 'European Parliament; Bât. Altiero Spinelli; 09E107; 60, rue Wiertz / Wiertzstraat 60; B-1047 Bruxelles/Brussel' ) ;
insert into adreu values ( 'uscapagnini', 'European Parliament; Bât. Louise Weiss; T10032; Allée du Printemps; BP 10024/F; F-67070 Strasbourg Cedex' ) ;
insert into fax values ( 'uscapagnini', '+32 (0)2 284 9395' ) ;
insert into fax values ( 'uscapagnini', '+33 (0)3 88 17 9395' ) ;
insert into adrna values ( 'uscapagnini', 'Piazza Cavour, 21 I-95100 CATANIA' ) ;

insert into pnom values ( 'amussa', 'On. Antonio MUSSA' ) ;
insert into euprt values ( 'amussa', 'NEUU', 2 ) ;
insert into naprt values ( 'amussa', 'Alleanza nazionale' ) ;
insert into land values ( 'amussa', 'IT' ) ;
insert into komit values ( 'amussa', 'CULT', 2 ) ;
insert into komit values ( 'amussa', 'ENVI', 1 ) ;
insert into deleg values ( 'amussa', 'KaKgUz', 2 ) ;
insert into adreu values ( 'amussa', 'European Parliament; Bât. Altiero Spinelli; 07F247; 60, rue Wiertz / Wiertzstraat 60; B-1047 Bruxelles/Brussel' ) ;
insert into adreu values ( 'amussa', 'European Parliament; Bât. Louise Weiss; T13055; Allée du Printemps; BP 10024/F; F-67070 Strasbourg Cedex' ) ;
insert into fax values ( 'amussa', '+32 (0)2 284 9276' ) ;
insert into fax values ( 'amussa', '+33 (0)3 88 17 9276' ) ;
insert into adrna values ( 'amussa', 'Via S. Fermo, 8 I-10133 TORINO' ) ;

insert into pnom values ( 'lhyland', 'Mr Liam HYLAND' ) ;
insert into euprt values ( 'lhyland', 'NEUU', 2 ) ;
insert into naprt values ( 'lhyland', 'Fianna Fáil Party' ) ;
insert into land values ( 'lhyland', 'IE' ) ;
insert into komit values ( 'lhyland', 'AGRI', 2 ) ;
insert into komit values ( 'lhyland', 'DEVE', 1 ) ;
insert into deleg values ( 'lhyland', 'MT', 2 ) ;
insert into adreu values ( 'lhyland', 'European Parliament; Bât. Altiero Spinelli; 06F353; 60, rue Wiertz / Wiertzstraat 60; B-1047 Bruxelles/Brussel' ) ;
insert into adreu values ( 'lhyland', 'European Parliament; Bât. Louise Weiss; T13045; Allée du Printemps; BP 10024/F; F-67070 Strasbourg Cedex' ) ;
insert into fax values ( 'lhyland', '+32 (0)2 284 9612' ) ;
insert into fax values ( 'lhyland', '+33 (0)3 88 17 9612' ) ;
insert into adrna values ( 'lhyland', 'Fearagh Ballacolla PORTLAOISE' ) ;

insert into pnom values ( 'pbebear', 'M. Jean-Pierre BEBEAR' ) ;
insert into euprt values ( 'pbebear', 'EUPP', 2 ) ;
insert into naprt values ( 'pbebear', 'Union pour la Majorité Présidentielle' ) ;
insert into land values ( 'pbebear', 'FR' ) ;
insert into komit values ( 'pbebear', 'DEVE', 2 ) ;
insert into komit values ( 'pbebear', 'AFET', 1 ) ;
insert into adreu values ( 'pbebear', 'European Parliament; Bât. Altiero Spinelli; 13E153; 60, rue Wiertz / Wiertzstraat 60; B-1047 Bruxelles/Brussel' ) ;
insert into adreu values ( 'pbebear', 'European Parliament; Bât. Louise Weiss; T08016; Allée du Printemps; BP 10024/F; F-67070 Strasbourg Cedex' ) ;
insert into fax values ( 'pbebear', '+32 (0)2 284 9291' ) ;
insert into fax values ( 'pbebear', '+33 (0)3 88 17 9291' ) ;
insert into adrna values ( 'pbebear', 'Conseil Régional d\'Aquitaine 14, rue François de Sourdis F-33077 BORDEAUX BORDEAUX CEDEX' ) ;

insert into pnom values ( 'rrack', 'Herr Reinhard RACK' ) ;
insert into euprt values ( 'rrack', 'EUPP', 2 ) ;
insert into naprt values ( 'rrack', 'Österreichische Volkspartei' ) ;
insert into land values ( 'rrack', 'AT' ) ;
insert into komit values ( 'rrack', 'RETT', 2 ) ;
insert into komit values ( 'rrack', 'AFCO', 1 ) ;
insert into adreu values ( 'rrack', 'European Parliament; Bât. Altiero Spinelli; 08F143; 60, rue Wiertz / Wiertzstraat 60; B-1047 Bruxelles/Brussel' ) ;
insert into adreu values ( 'rrack', 'European Parliament; Bât. Louise Weiss; T09041; Allée du Printemps; BP 10024/F; F-67070 Strasbourg Cedex' ) ;
insert into fax values ( 'rrack', '+32 (0)2 284 9773' ) ;
insert into fax values ( 'rrack', '+33 (0)3 88 17 9773' ) ;
insert into adrna values ( 'rrack', 'Obere Teichstraße 19 A-8010 GRAZ' ) ;

insert into pnom values ( 'vdekeyser', 'Mme Véronique DE KEYSER' ) ;
insert into euprt values ( 'vdekeyser', 'PSE', 2 ) ;
insert into naprt values ( 'vdekeyser', 'Parti socialiste' ) ;
insert into land values ( 'vdekeyser', 'BE' ) ;
insert into komit values ( 'vdekeyser', 'AFET', 2 ) ;
insert into komit values ( 'vdekeyser', 'ENVI', 1 ) ;
insert into deleg values ( 'vdekeyser', 'CAMx', 2 ) ;
insert into adreu values ( 'vdekeyser', 'European Parliament; Bât. Altiero Spinelli; 12G115; 60, rue Wiertz / Wiertzstraat 60; B-1047 Bruxelles/Brussel' ) ;
insert into adreu values ( 'vdekeyser', 'European Parliament; Bât. Louise Weiss; T07043; Allée du Printemps; BP 10024/F; F-67070 Strasbourg Cedex' ) ;
insert into fax values ( 'vdekeyser', '+32 (0)2 284 9774' ) ;
insert into fax values ( 'vdekeyser', '+33 (0)3 88 17 9774' ) ;
insert into mail values ( 'vdekeyser', 'vdekeyser@ulg.ac.be' ) ;
insert into mail values ( 'vdekeyser', 'vdekeyser@europarl.eu.int' ) ;
insert into adrna values ( 'vdekeyser', 'Parlement européen rue Wiertz ASP 12G115  B - 1047 BRUXELLES' ) ;

insert into pnom values ( 'aschierhuber', 'Frau Agnes SCHIERHUBER' ) ;
insert into euprt values ( 'aschierhuber', 'EUPP', 2 ) ;
insert into naprt values ( 'aschierhuber', 'Österreichische Volkspartei' ) ;
insert into land values ( 'aschierhuber', 'AT' ) ;
insert into komit values ( 'aschierhuber', 'AGRI', 2 ) ;
insert into komit values ( 'aschierhuber', 'DEVE', 1 ) ;
insert into komit values ( 'aschierhuber', 'RETT', 1 ) ;
insert into deleg values ( 'aschierhuber', 'CA', 2 ) ;
insert into adreu values ( 'aschierhuber', 'European Parliament; Bât. Altiero Spinelli; 08F243; 60, rue Wiertz / Wiertzstraat 60; B-1047 Bruxelles/Brussel' ) ;
insert into adreu values ( 'aschierhuber', 'European Parliament; Bât. Louise Weiss; T09018; Allée du Printemps; BP 10024/F; F-67070 Strasbourg Cedex' ) ;
insert into fax values ( 'aschierhuber', '+32 (0)2 284 9741' ) ;
insert into fax values ( 'aschierhuber', '+33 (0)3 88 17 9741' ) ;
insert into adrna values ( 'aschierhuber', 'Lugendorf 2 A-3525 SALLINGBERG' ) ;

insert into pnom values ( 'jpierre', 'M. Thierry B. JEAN-PIERRE' ) ;
insert into euprt values ( 'jpierre', 'EUPP', 2 ) ;
insert into naprt values ( 'jpierre', 'Démocratie libérale' ) ;
insert into land values ( 'jpierre', 'FR' ) ;
insert into komit values ( 'jpierre', 'BUDG', 2 ) ;
insert into komit values ( 'jpierre', 'LIBE', 1 ) ;
insert into deleg values ( 'jpierre', 'MT', 1 ) ;
insert into deleg values ( 'jpierre', 'RU', 2 ) ;
insert into adreu values ( 'jpierre', 'European Parliament; Bât. Altiero Spinelli; 13E115; 60, rue Wiertz / Wiertzstraat 60; B-1047 Bruxelles/Brussel' ) ;
insert into adreu values ( 'jpierre', 'European Parliament; Bât. Louise Weiss; T08019; Allée du Printemps; BP 10024/F; F-67070 Strasbourg Cedex' ) ;
insert into fax values ( 'jpierre', '+32 (0)2 284 9630' ) ;
insert into fax values ( 'jpierre', '+33 (0)3 88 17 9630' ) ;
insert into mail values ( 'jpierre', 'tjeanpierre@democratie.liberale.asso.fr' ) ;
insert into adrna values ( 'jpierre', '113, rue de l\'Université F-75007 PARIS' ) ;

insert into pnom values ( 'gberthu', 'M. Georges BERTHU' ) ;
insert into euprt values ( 'gberthu', 'NON', 2 ) ;
insert into naprt values ( 'gberthu', 'Mouvement pour la France' ) ;
insert into land values ( 'gberthu', 'FR' ) ;
insert into komit values ( 'gberthu', 'AFCO', 2 ) ;
insert into komit values ( 'gberthu', 'ECON', 1 ) ;
insert into deleg values ( 'gberthu', 'EEA', 1 ) ;
insert into deleg values ( 'gberthu', 'CA', 2 ) ;
insert into adreu values ( 'gberthu', 'European Parliament; Bât. Altiero Spinelli; 06F155; 60, rue Wiertz / Wiertzstraat 60; B-1047 Bruxelles/Brussel' ) ;
insert into adreu values ( 'gberthu', 'European Parliament; Bât. Louise Weiss; T13013; Allée du Printemps; BP 10024/F; F-67070 Strasbourg Cedex' ) ;
insert into fax values ( 'gberthu', '+32 (0)2 284 9699' ) ;
insert into fax values ( 'gberthu', '+33 (0)3 88 17 9699' ) ;
insert into adrna values ( 'gberthu', 'Parlement européen Rue Wiertz ASP 6F155  B-1047 BRUXELLES' ) ;

insert into pnom values ( 'hvermeer', 'De Heer Herman VERMEER' ) ;
insert into euprt values ( 'hvermeer', 'ELDR', 2 ) ;
insert into naprt values ( 'hvermeer', 'Volkspartij voor Vrijheid en Democratie' ) ;
insert into land values ( 'hvermeer', 'NL' ) ;
insert into komit values ( 'hvermeer', 'RETT', 2 ) ;
insert into komit values ( 'hvermeer', 'PECH', 1 ) ;
insert into deleg values ( 'hvermeer', 'EE', 8 ) ;
insert into adreu values ( 'hvermeer', 'European Parliament; Bât. Altiero Spinelli; 10G310; 60, rue Wiertz / Wiertzstraat 60; B-1047 Bruxelles/Brussel' ) ;
insert into adreu values ( 'hvermeer', 'European Parliament; Bât. Louise Weiss; T11021; Allée du Printemps; BP 10024/F; F-67070 Strasbourg Cedex' ) ;
insert into fax values ( 'hvermeer', '+32 (0)2 284 9610' ) ;
insert into fax values ( 'hvermeer', '+33 (0)3 88 17 9610' ) ;
insert into mail values ( 'hvermeer', 'plusultra@agroweb.nl' ) ;
insert into adrna values ( 'hvermeer', 'Vuursteenweg 14 NL-8255 PP SWIFTERBANT' ) ;

insert into pnom values ( 'dsouchet', 'M. Dominique F.C. SOUCHET') ;
insert into euprt values ( 'dsouchet', 'NON', 2 ) ;
insert into naprt values ( 'dsouchet', 'Mouvement pour la France' ) ;
insert into land values ( 'dsouchet', 'FR' ) ;
insert into komit values ( 'dsouchet', 'AGRI', 2 ) ;
insert into komit values ( 'dsouchet', 'PECH', 1 ) ;
insert into adreu values ( 'dsouchet', 'European Parliament; Bât. Altiero Spinelli; 06F163; 60, rue Wiertz / Wiertzstraat 60; B-1047 Bruxelles/Brussel' ) ;
insert into adreu values ( 'dsouchet', 'European Parliament; Bât. Louise Weiss; T13015; Allée du Printemps; BP 10024/F; F-67070 Strasbourg Cedex' ) ;
insert into fax values ( 'dsouchet', '+32 (0)2 284 9295' ) ;
insert into fax values ( 'dsouchet', '+33 (0)3 88 17 9295' ) ;
insert into adrna values ( 'dsouchet', 'La Popelinière F-85400 SAINTE-GEMME LA PLAINE' ) ;

insert into pnom values ( 'hlehne', 'Herr Klaus-Heiner LEHNE' ) ;
insert into euprt values ( 'hlehne', 'EUPP', 2 ) ;
insert into naprt values ( 'hlehne', 'CDU' ) ;
insert into land values ( 'hlehne', 'DE' ) ;
insert into komit values ( 'hlehne', 'JURI', 2 ) ;
insert into komit values ( 'hlehne', 'LIBE', 1 ) ;
insert into deleg values ( 'hlehne', 'Maghreb', 2 ) ;
insert into adreu values ( 'hlehne', 'European Parliament; Bât. Altiero Spinelli; 10E103; 60, rue Wiertz / Wiertzstraat 60; B-1047 Bruxelles/Brussel' ) ;
insert into adreu values ( 'hlehne', 'European Parliament; Bât. Louise Weiss; T10009; Allée du Printemps; BP 10024/F; F-67070 Strasbourg Cedex' ) ;
insert into fax values ( 'hlehne', '+32 (0)2 284 9047' ) ;
insert into fax values ( 'hlehne', '+33 (0)3 88 17 9047' ) ;
insert into http values ( 'hlehne', 'http://www.cdu-csu-ep.de' ) ;
insert into adrna values ( 'hlehne', 'Benrodestraße 53 D-40597 DÜSSELDORF' ) ;

insert into pnom values ( 'ckonrad', 'Herr Christoph Werner KONRAD' ) ;
insert into euprt values ( 'ckonrad', 'EUPP', 2 ) ;
insert into naprt values ( 'ckonrad', 'CDU' ) ;
insert into land values ( 'ckonrad', 'DE' ) ;
insert into komit values ( 'ckonrad', 'ECON', 2 ) ;
insert into komit values ( 'ckonrad', 'AFET', 1 ) ;
insert into deleg values ( 'ckonrad', 'RO', 2 ) ;
insert into adreu values ( 'ckonrad', 'European Parliament; Bât. Altiero Spinelli; 10E115; 60, rue Wiertz / Wiertzstraat 60; B-1047 Bruxelles/Brussel' ) ;
insert into adreu values ( 'ckonrad', 'European Parliament; Bât. Louise Weiss; T10005; Allée du Printemps; BP 10024/F; F-67070 Strasbourg Cedex' ) ;
insert into fax values ( 'ckonrad', '+32 (0)2 284 9333' ) ;
insert into fax values ( 'ckonrad', '+33 (0)3 88 17 9333' ) ;
insert into mail values ( 'ckonrad', 'ckonrad@europarl.eu.int' ) ;
insert into http values ( 'ckonrad', 'http://www.cdu-csu-ep.de' ) ;
insert into adrna values ( 'ckonrad', 'Harpener Hellweg 12 D-44791 BOCHUM' ) ;

insert into pnom values ( 'mmombaur', 'Herr Peter Michael MOMBAUR' ) ;
insert into euprt values ( 'mmombaur', 'EUPP', 5 ) ;
insert into naprt values ( 'mmombaur', 'CDU' ) ;
insert into land values ( 'mmombaur', 'DE' ) ;
insert into komit values ( 'mmombaur', 'ITRE', 8 ) ;
insert into komit values ( 'mmombaur', 'ECON', 1 ) ;
insert into deleg values ( 'mmombaur', 'SAARC', 2 ) ;
insert into adreu values ( 'mmombaur', 'European Parliament; Bât. Altiero Spinelli; 10E142; 60, rue Wiertz / Wiertzstraat 60; B-1047 Bruxelles/Brussel' ) ;
insert into adreu values ( 'mmombaur', 'European Parliament; Bât. Louise Weiss; T10019; Allée du Printemps; BP 10024/F; F-67070 Strasbourg Cedex' ) ;
insert into fax values ( 'mmombaur', '+32 (0)2 284 9978' ) ;
insert into fax values ( 'mmombaur', '+33 (0)3 88 17 9978' ) ;
insert into http values ( 'mmombaur', 'http://www.cdu-csu-ep.de' ) ;
insert into adrna values ( 'mmombaur', 'Kaiser Wilhelm Ring 43 D-40545 DÜSSELDORF' ) ;

insert into pnom values ( 'kschwaiger', 'Herr Konrad K. SCHWAIGER' ) ;
insert into euprt values ( 'kschwaiger', 'EUPP', 2 ) ;
insert into naprt values ( 'kschwaiger', 'CDU' ) ;
insert into land values ( 'kschwaiger', 'DE' ) ;
insert into komit values ( 'kschwaiger', 'ITRE', 2 ) ;
insert into komit values ( 'kschwaiger', 'AFCO', 1 ) ;
insert into deleg values ( 'kschwaiger', 'HU', 1 ) ;
insert into adreu values ( 'kschwaiger', 'European Parliament; Bât. Altiero Spinelli; 15E103; 60, rue Wiertz / Wiertzstraat 60; B-1047 Bruxelles/Brussel' ) ;
insert into adreu values ( 'kschwaiger', 'European Parliament; Bât. Louise Weiss; T13016; Allée du Printemps; BP 10024/F; F-67070 Strasbourg Cedex' ) ;
insert into fax values ( 'kschwaiger', '+32 (0)2 284 9384' ) ;
insert into fax values ( 'kschwaiger', '+33 (0)3 88 17 9384' ) ;
insert into mail values ( 'kschwaiger', 'kschwaiger@europarl.eu.int' ) ;
insert into http values ( 'kschwaiger', 'http://www.cdu-csu-ep.de' ) ;
insert into adrna values ( 'kschwaiger', 'Flüsselweg 24a D-76646 BRUCHSAL' ) ;

insert into pnom values ( 'osorensen', 'Hr. Ole B. SØRENSEN' ) ;
insert into euprt values ( 'osorensen', 'ELDR', 2 ) ;
insert into naprt values ( 'osorensen', 'Venstre' ) ;
insert into land values ( 'osorensen', 'DK' ) ;
insert into komit values ( 'osorensen', 'CONT', 2 ) ;
insert into komit values ( 'osorensen', 'LIBE', 1 ) ;
insert into deleg values ( 'osorensen', 'LT', 1 ) ;
insert into deleg values ( 'osorensen', 'JP', 2 ) ;
insert into adreu values ( 'osorensen', 'European Parliament; Bât. Altiero Spinelli; 10G103; 60, rue Wiertz / Wiertzstraat 60; B-1047 Bruxelles/Brussel' ) ;
insert into adreu values ( 'osorensen', 'European Parliament; Bât. Louise Weiss; T11025; Allée du Printemps; BP 10024/F; F-67070 Strasbourg Cedex' ) ;
insert into fax values ( 'osorensen', '+32 (0)2 284 9450' ) ;
insert into fax values ( 'osorensen', '+33 (0)3 88 17 9450' ) ;
insert into mail values ( 'osorensen', 'osorensen@europarl.eu.int' ) ;
insert into http values ( 'osorensen', 'http://www.oleb.dk' ) ;
insert into adrna values ( 'osorensen', 'Tyttebærvej 7 DK-9631 GEDSTED' ) ;

insert into pnom values ( 'bposselt', 'Herr Bernd POSSELT' ) ;
insert into euprt values ( 'bposselt', 'EUPP', 2 ) ;
insert into naprt values ( 'bposselt', 'CSU' ) ;
insert into land values ( 'bposselt', 'DE' ) ;
insert into komit values ( 'bposselt', 'LIBE', 2 ) ;
insert into komit values ( 'bposselt', 'AFET', 1 ) ;
insert into deleg values ( 'bposselt', 'CZ', 8 ) ;
insert into adreu values ( 'bposselt', 'European Parliament; Bât. Altiero Spinelli; 10E261; 60, rue Wiertz / Wiertzstraat 60; B-1047 Bruxelles/Brussel' ) ;
insert into adreu values ( 'bposselt', 'European Parliament; Bât. Louise Weiss; T10021; Allée du Printemps; BP 10024/F; F-67070 Strasbourg Cedex' ) ;
insert into fax values ( 'bposselt', '+32 (0)2 284 9232' ) ;
insert into fax values ( 'bposselt', '+33 (0)3 88 17 9232' ) ;
insert into http values ( 'bposselt', 'http://www.cdu-csu-ep.de' ) ;
insert into adrna values ( 'bposselt', 'Paneuropa-Union Dachauer Straße 17 D-80335 MÜNCHEN' ) ;

insert into pnom values ( 'nahern', 'Mrs Nuala AHERN' ) ;
insert into euprt values ( 'nahern', 'VERD', 2 ) ;
insert into naprt values ( 'nahern', 'Green Party' ) ;
insert into land values ( 'nahern', 'IE' ) ;
insert into komit values ( 'nahern', 'ITRE', 2 ) ;
insert into komit values ( 'nahern', 'CULT', 1 ) ;
insert into deleg values ( 'nahern', 'US', 2 ) ;
insert into adreu values ( 'nahern', 'European Parliament; Bât. Altiero Spinelli; 08G158; 60, rue Wiertz / Wiertzstraat 60; B-1047 Bruxelles/Brussel' ) ;
insert into adreu values ( 'nahern', 'European Parliament; Bât. Louise Weiss; TO5089; Allée du Printemps; BP 10024/F; F-67070 Strasbourg Cedex' ) ;
insert into fax values ( 'nahern', '+32 (0)2 284 9139' ) ;
insert into fax values ( 'nahern', '+33 (0)3 88 17 9139' ) ;
insert into mail values ( 'nahern', 'nahern@europarl.eu.int' ) ;
insert into http values ( 'nahern', 'http://www.nualaahern.com' ) ;
insert into adrna values ( 'nahern', 'European Parliament Rue Wiertz  ASP 8G158  B-1047 BRUSSELS' ) ;

insert into pnom values ( 'pmckenna', 'Mrs Patricia McKENNA' ) ;
insert into euprt values ( 'pmckenna', 'VERD', 2 ) ;
insert into naprt values ( 'pmckenna', 'Green Party' ) ;
insert into land values ( 'pmckenna', 'IE' ) ;
insert into komit values ( 'pmckenna', 'PECH', 2 ) ;
insert into komit values ( 'pmckenna', 'ENVI', 2 ) ;
insert into komit values ( 'pmckenna', 'LIBE', 1 ) ;
insert into deleg values ( 'pmckenna', 'ASEAN', 8 ) ;
insert into adreu values ( 'pmckenna', 'European Parliament; Bât. Altiero Spinelli; 08G154; 60, rue Wiertz / Wiertzstraat 60; B-1047 Bruxelles/Brussel' ) ;
insert into adreu values ( 'pmckenna', 'European Parliament; Bât. Louise Weiss; T05091; Allée du Printemps; BP 10024/F; F-67070 Strasbourg Cedex' ) ;
insert into fax values ( 'pmckenna', '+32 (0)2 284 9140' ) ;
insert into fax values ( 'pmckenna', '+33 (0)3 88 17 9140' ) ;
insert into mail values ( 'pmckenna', 'pmckenna@europarl.eu.int' ) ;
insert into mail values ( 'pmckenna', 'mckennap@iol.ie' ) ;
insert into adrna values ( 'pmckenna', 'European Parliament Office 43 Molesworth Street DUBLIN 2' ) ;

insert into pnom values ( 'eherranz', 'Sra. María Esther HERRANZ GARCÍA' ) ;
insert into euprt values ( 'eherranz', 'EUPP', 2 ) ;
insert into naprt values ( 'eherranz', 'Partido Popular' ) ;
insert into land values ( 'eherranz', 'ES' ) ;
insert into komit values ( 'eherranz', 'BUDG', 2 ) ;
insert into komit values ( 'eherranz', 'AGRI', 1 ) ;
insert into deleg values ( 'eherranz', 'LT', 2 ) ;
insert into deleg values ( 'eherranz', 'HU', 1 ) ;
insert into adreu values ( 'eherranz', 'European Parliament; Bât. Altiero Spinelli; 11E154; 60, rue Wiertz / Wiertzstraat 60; B-1047 Bruxelles/Brussel' ) ;
insert into adreu values ( 'eherranz', 'European Parliament; Bât. Louise Weiss; T09074; Allée du Printemps; BP 10024/F; F-67070 Strasbourg Cedex' ) ;
insert into fax values ( 'eherranz', '+32 (0)2 284 9274' ) ;
insert into fax values ( 'eherranz', '+33 (0)3 88 17 9274' ) ;
insert into mail values ( 'eherranz', 'eherranz@europarl.eu.int' ) ;
insert into http values ( 'eherranz', 'http://www.eherranz.net' ) ;
insert into adrna values ( 'eherranz', 'Partido Popular Plaza de Alférez Provisional, 2, 2° Dcha. E-26001 LOGROÑO -  LA RIOJA' ) ;

insert into pnom values ( 'mgrosch', 'Herr Mathieu J.H. GROSCH') ;
insert into euprt values ( 'mgrosch', 'EUPP', 2 ) ;
insert into naprt values ( 'mgrosch', 'Christliche Soziale Partei: Europäische Volkspartei' ) ;
insert into land values ( 'mgrosch', 'BE' ) ;
insert into komit values ( 'mgrosch', 'RETT', 2 ) ;
insert into komit values ( 'mgrosch', 'ECON', 1 ) ;
insert into deleg values ( 'mgrosch', 'RO', 2 ) ;
insert into deleg values ( 'mgrosch', 'CY', 1 ) ;
insert into adreu values ( 'mgrosch', 'European Parliament; Bât. Altiero Spinelli; 08F255; 60, rue Wiertz / Wiertzstraat 60; B-1047 Bruxelles/Brussel' ) ;
insert into adreu values ( 'mgrosch', 'European Parliament; Bât. Louise Weiss; T09065; Allée du Printemps; BP 10024/F; F-67070 Strasbourg Cedex' ) ;
insert into fax values ( 'mgrosch', '+32 (0)2 284 9229' ) ;
insert into fax values ( 'mgrosch', '+33 (0)3 88 17 9229' ) ;
insert into mail values ( 'mgrosch', 'eu.info@skynet.be' ) ;
insert into mail values ( 'mgrosch', 'info@grosch.euregio.net' ) ;
insert into http values ( 'mgrosch', 'http://www.grosch.euregio.net' ) ;
insert into adrna values ( 'mgrosch', 'Albert I-Straße 34 B-4720 KELMIS' ) ;

insert into pnom values ( 'gsantini', 'On. Giacomo SANTINI' ) ;
insert into euprt values ( 'gsantini', 'EUPP', 2 ) ;
insert into naprt values ( 'gsantini', 'Forza Italia' ) ;
insert into land values ( 'gsantini', 'IT' ) ;
insert into komit values ( 'gsantini', 'LIBE', 8 ) ;
insert into komit values ( 'gsantini', 'AGRI', 1 ) ;
insert into komit values ( 'gsantini', 'ENVI', 1 ) ;
insert into deleg values ( 'gsantini', 'MERCOSUR', 2 ) ;
insert into adreu values ( 'gsantini', 'European Parliament; Bât. Altiero Spinelli; 09E142; 60, rue Wiertz / Wiertzstraat 60; B-1047 Bruxelles/Brussel' ) ;
insert into adreu values ( 'gsantini', 'European Parliament; Bât. Louise Weiss; T10071; Allée du Printemps; BP 10024/F; F-67070 Strasbourg Cedex' ) ;
insert into fax values ( 'gsantini', '+32 (0)2 284 9304' ) ;
insert into fax values ( 'gsantini', '+33 (0)3 88 17 9304' ) ;
insert into http values ( 'gsantini', 'http://www.giacomosantini.com' ) ;
insert into adrna values ( 'gsantini', 'Via delle Cese Longhe, 2 I-38060 MATTARELLO MATTARELLO TN' ) ;

insert into pnom values ( 'gcarlsson', 'Fru Gunilla CARLSSON' ) ;
insert into euprt values ( 'gcarlsson', 'EUPP', 2 ) ;
insert into naprt values ( 'gcarlsson', 'Moderata samlingspartiet' ) ;
insert into land values ( 'gcarlsson', 'SE' ) ;
insert into komit values ( 'gcarlsson', 'AFET', 2 ) ;
insert into komit values ( 'gcarlsson', 'ENVI', 1 ) ;
insert into deleg values ( 'gcarlsson', 'PL', 2 ) ;
insert into adreu values ( 'gcarlsson', 'European Parliament; Bât. Altiero Spinelli; 07F343; 60, rue Wiertz / Wiertzstraat 60; B-1047 Bruxelles/Brussel' ) ;
insert into adreu values ( 'gcarlsson', 'European Parliament; Bât. Louise Weiss; T09085; Allée du Printemps; BP 10024/F; F-67070 Strasbourg Cedex' ) ;
insert into fax values ( 'gcarlsson', '+32 (0)2 284 9822' ) ;
insert into fax values ( 'gcarlsson', '+33 (0)3 88 17 9822' ) ;
insert into mail values ( 'gcarlsson', 'gunilla.carlsson@moderat.se' ) ;
insert into adrna values ( 'gcarlsson', 'Näsbyvägen 40 S-135 53 TYRESÖ' ) ;

insert into pnom values ( 'meriksson', 'Fru Marianne ERIKSSON' ) ;
insert into euprt values ( 'meriksson', 'LEFT', 5 ) ;
insert into naprt values ( 'meriksson', 'Vänsterpartiet' ) ;
insert into land values ( 'meriksson', 'SE' ) ;
insert into komit values ( 'meriksson', 'FEMM', 8 ) ;
insert into komit values ( 'meriksson', 'ITRE', 2 ) ;
insert into komit values ( 'meriksson', 'DEVE', 1 ) ;
insert into deleg values ( 'meriksson', 'Maghreb', 2 ) ;
insert into adreu values ( 'meriksson', 'European Parliament; Bât. Altiero Spinelli; 08H267; 60, rue Wiertz / Wiertzstraat 60; B-1047 Bruxelles/Brussel' ) ;
insert into adreu values ( 'meriksson', 'European Parliament; Bât. Louise Weiss; T05013; Allée du Printemps; BP 10024/F; F-67070 Strasbourg Cedex' ) ;
insert into fax values ( 'meriksson', '+32 (0)2 284 9252' ) ;
insert into fax values ( 'meriksson', '+33 (0)3 88 17 9252' ) ;
insert into adrna values ( 'meriksson', 'Gotlandsgatan 69 S-116 38 STOCKHOLM' ) ;

insert into pnom values ( 'ahulthen', 'Fru Anneli HULTHÉN') ;
insert into euprt values ( 'ahulthen', 'PSE', 2 ) ;
insert into naprt values ( 'ahulthen', 'Socialdemokratiska arbetarepartiet' ) ;
insert into land values ( 'ahulthen', 'SE' ) ;
insert into komit values ( 'ahulthen', 'ENVI', 8 ) ;
insert into komit values ( 'ahulthen', 'CULT', 1 ) ;
insert into deleg values ( 'ahulthen', 'ASEAN', 2 ) ;
insert into adreu values ( 'ahulthen', 'European Parliament; Bât. Altiero Spinelli; 14G269; 60, rue Wiertz / Wiertzstraat 60; B-1047 Bruxelles/Brussel' ) ;
insert into adreu values ( 'ahulthen', 'European Parliament; Bât. Louise Weiss; T07091; Allée du Printemps; BP 10024/F; F-67070 Strasbourg Cedex' ) ;
insert into fax values ( 'ahulthen', '+32 (0)2 284 9586' ) ;
insert into fax values ( 'ahulthen', '+33 (0)3 88 17 9586' ) ;
insert into adrna values ( 'ahulthen', 'Europaparlamentet Rue Wiertz ASP 14G269  B-1047 BRYSSEL' ) ;

insert into pnom values ( 'ischorling', 'Fru Inger SCHÖRLING') ;
insert into euprt values ( 'ischorling', 'VERD', 2 ) ;
insert into naprt values ( 'ischorling', 'Miljöpartiet' ) ;
insert into land values ( 'ischorling', 'SE' ) ;
insert into komit values ( 'ischorling', 'ENVI', 2 ) ;
insert into komit values ( 'ischorling', 'DEVE', 1 ) ;
insert into adreu values ( 'ischorling', 'European Parliament; Bât. Altiero Spinelli; 08G142; 60, rue Wiertz / Wiertzstraat 60; B-1047 Bruxelles/Brussel' ) ;
insert into adreu values ( 'ischorling', 'European Parliament; Bât. Louise Weiss; T05074; Allée du Printemps; BP 10024/F; F-67070 Strasbourg Cedex' ) ;
insert into fax values ( 'ischorling', '+32 (0)2 284 9779' ) ;
insert into fax values ( 'ischorling', '+33 (0)3 88 17 9548' ) ;
insert into adrna values ( 'ischorling', 'Norra Slottsgatan 13 A S-803 20 GÄVLE' ) ;

insert into pnom values ( 'jpiscarreta', 'Sr. Joaquim PISCARRETA' ) ;
insert into euprt values ( 'jpiscarreta', 'EUPP', 2 ) ;
insert into naprt values ( 'jpiscarreta', 'Partido Social Democrata' ) ;
insert into land values ( 'jpiscarreta', 'PT' ) ;
insert into komit values ( 'jpiscarreta', 'BUDG', 2 ) ;
insert into komit values ( 'jpiscarreta', 'RETT', 1 ) ;
insert into deleg values ( 'jpiscarreta', 'ASEAN', 8 ) ;
insert into adreu values ( 'jpiscarreta', 'European Parliament; Bât. Altiero Spinelli; 08E108; 60, rue Wiertz / Wiertzstraat 60; B-1047 Bruxelles/Brussel' ) ;
insert into adreu values ( 'jpiscarreta', 'European Parliament; Bât. Louise Weiss; T09027; Allée du Printemps; BP 10024/F; F-67070 Strasbourg Cedex' ) ;
insert into fax values ( 'jpiscarreta', '+32 (0)2 284 9374' ) ;
insert into fax values ( 'jpiscarreta', '+33 (0)3 88 17 9374' ) ;
insert into adrna values ( 'jpiscarreta', 'Rua França Borges, Lote A n° 2-1°- dt° P-8500 PORTIMÃO' ) ;

insert into pnom values ( 'dperogordo', 'Sr. Juan José BAYONA de PEROGORDO' ) ;
insert into euprt values ( 'dperogordo', 'EUPP', 2 ) ;
insert into naprt values ( 'dperogordo', 'Partido Popular' ) ;
insert into land values ( 'dperogordo', 'ES' ) ;
insert into komit values ( 'dperogordo', 'CONT', 2 ) ;
insert into komit values ( 'dperogordo', 'CULT', 1 ) ;
insert into deleg values ( 'dperogordo', 'EEA', 1 ) ;
insert into deleg values ( 'dperogordo', 'AmGeAz', 2 ) ;
insert into adreu values ( 'dperogordo', 'European Parliament; Bât. Altiero Spinelli; 11E116; 60, rue Wiertz / Wiertzstraat 60; B-1047 Bruxelles/Brussel' ) ;
insert into adreu values ( 'dperogordo', 'European Parliament; Bât. Louise Weiss; T09086; Allée du Printemps; BP 10024/F; F-67070 Strasbourg Cedex' ) ;
insert into fax values ( 'dperogordo', '+32 (0)2 284 9410' ) ;
insert into fax values ( 'dperogordo', '+33 (0)3 88 17 94 10' ) ;
insert into adrna values ( 'dperogordo', 'Parlamento Europeo Rue Wiertz ASP 11E116  B-1047 BRUSELAS' ) ;

insert into pnom values ( 'jsjostedt', 'Hr. Jonas SJÖSTEDT') ;
insert into euprt values ( 'jsjostedt', 'LEFT', 2 ) ;
insert into naprt values ( 'jsjostedt', 'Vänsterpartiet' ) ;
insert into land values ( 'jsjostedt', 'SE' ) ;
insert into komit values ( 'jsjostedt', 'ENVI', 2 ) ;
insert into komit values ( 'jsjostedt', 'CONT', 1 ) ;
insert into deleg values ( 'jsjostedt', 'LT', 8 ) ;
insert into deleg values ( 'jsjostedt', 'EEA', 1 ) ;
insert into adreu values ( 'jsjostedt', 'European Parliament; Bât. Altiero Spinelli; 08H341; 60, rue Wiertz / Wiertzstraat 60; B-1047 Bruxelles/Brussel' ) ;
insert into adreu values ( 'jsjostedt', 'European Parliament; Bât. Louise Weiss; T05005; Allée du Printemps; BP 10024/F; F-67070 Strasbourg Cedex' ) ;
insert into fax values ( 'jsjostedt', '+32 (0)2 284 9563' ) ;
insert into fax values ( 'jsjostedt', '+33 (0)3 88 17 9563' ) ;
insert into adrna values ( 'jsjostedt', 'Blåbärsv. 45 S-903 39 UMEÅ' ) ;

insert into pnom values ( 'nmollar', 'Sr. Jorge Salvador HERNÁNDEZ MOLLAR' ) ;
insert into euprt values ( 'nmollar', 'EUPP', 5 ) ;
insert into naprt values ( 'nmollar', 'Partido Popular' ) ;
insert into land values ( 'nmollar', 'ES' ) ;
insert into komit values ( 'nmollar', 'LIBE', 9 ) ;
insert into komit values ( 'nmollar', 'AFET', 1 ) ;
insert into deleg values ( 'nmollar', 'Mashreq', 8 ) ;
insert into adreu values ( 'nmollar', 'European Parliament; Bât. Altiero Spinelli; 11E107; 60, rue Wiertz / Wiertzstraat 60; B-1047 Bruxelles/Brussel' ) ;
insert into adreu values ( 'nmollar', 'European Parliament; Bât. Louise Weiss; T06069; Allée du Printemps; BP 10024/F; F-67070 Strasbourg Cedex' ) ;
insert into fax values ( 'nmollar', '+32 (0)2 284 9709' ) ;
insert into fax values ( 'nmollar', '+33 (0)3 88 17 9709' ) ;
insert into adrna values ( 'nmollar', 'Parlamento Europeo Rue Wiertz ASP 11E107  B-1047 BRUSELAS' ) ;

insert into pnom values ( 'ccandal', 'Sr. Carlos CANDAL' ) ;
insert into euprt values ( 'ccandal', 'PSE', 2 ) ;
insert into naprt values ( 'ccandal', 'Partido Socialista' ) ;
insert into land values ( 'ccandal', 'PT' ) ;
insert into komit values ( 'ccandal', 'JURI', 2 ) ;
insert into komit values ( 'ccandal', 'PETI', 1 ) ;
insert into deleg values ( 'ccandal', 'ASEAN', 2 ) ;
insert into adreu values ( 'ccandal', 'European Parliament; Bât. Altiero Spinelli; 14G354; 60, rue Wiertz / Wiertzstraat 60; B-1047 Bruxelles/Brussel' ) ;
insert into adreu values ( 'ccandal', 'European Parliament; Bât. Louise Weiss; T06139; Allée du Printemps; BP 10024/F; F-67070 Strasbourg Cedex' ) ;
insert into fax values ( 'ccandal', '+32 (0)2 284 9768' ) ;
insert into fax values ( 'ccandal', '+33 (0)3 88 17 9768' ) ;
insert into adrna values ( 'ccandal', 'R. Gustavo F. Pinto Basto, no 43-1° P-3810 AVEIRO' ) ;

insert into pnom values ( 'nasensio', 'Sr. Felipe CAMISÓN ASENSIO' ) ;
insert into euprt values ( 'nasensio', 'EUPP', 2 ) ;
insert into naprt values ( 'nasensio', 'Partido Popular' ) ;
insert into land values ( 'nasensio', 'ES' ) ;
insert into komit values ( 'nasensio', 'PETI', 2 ) ;
insert into komit values ( 'nasensio', 'RETT', 2 ) ;
insert into komit values ( 'nasensio', 'ITRE', 1 ) ;
insert into deleg values ( 'nasensio', 'ASEAN', 2 ) ;
insert into adreu values ( 'nasensio', 'European Parliament; Bât. Altiero Spinelli; 11E261; 60, rue Wiertz / Wiertzstraat 60; B-1047 Bruxelles/Brussel' ) ;
insert into adreu values ( 'nasensio', 'European Parliament; Bât. Louise Weiss; T09080; Allée du Printemps; BP 10024/F; F-67070 Strasbourg Cedex' ) ;
insert into fax values ( 'nasensio', '+32 (0)2 284 9360' ) ;
insert into fax values ( 'nasensio', '+33 (0)3 88 17 9370' ) ;
insert into adrna values ( 'nasensio', 'Parlamento Europeo Rue Wiertz ASP 11E259  B-1047 BRUSELAS' ) ;

insert into pnom values ( 'pruebig', 'Herr Paul RÜBIG' ) ;
insert into euprt values ( 'pruebig', 'EUPP', 2 ) ;
insert into naprt values ( 'pruebig', 'Österreichische Volkspartei' ) ;
insert into land values ( 'pruebig', 'AT' ) ;
insert into komit values ( 'pruebig', 'ITRE', 2 ) ;
insert into komit values ( 'pruebig', 'BUDG', 1 ) ;
insert into deleg values ( 'pruebig', 'ChIsNo', 8 ) ;
insert into adreu values ( 'pruebig', 'European Parliament; Bât. Altiero Spinelli; 08F167; 60, rue Wiertz / Wiertzstraat 60; B-1047 Bruxelles/Brussel' ) ;
insert into adreu values ( 'pruebig', 'European Parliament; Bât. Louise Weiss; T09047; Allée du Printemps; BP 10024/F; F-67070 Strasbourg Cedex' ) ;
insert into fax values ( 'pruebig', '+32 (0)2 284 9749' ) ;
insert into fax values ( 'pruebig', '+33 (0)3 88 17 9749' ) ;
insert into mail values ( 'pruebig', 'pruebig@europarl.eu.int' ) ;
insert into adrna values ( 'pruebig', 'Johann Strauss-Str. 31-8 A-4600 WELS' ) ;

insert into pnom values ( 'odupuis', 'M. Olivier DUPUIS' ) ;
insert into euprt values ( 'odupuis', 'NON', 2 ) ;
insert into naprt values ( 'odupuis', 'Lista Emma Bonino' ) ;
insert into land values ( 'odupuis', 'IT' ) ;
insert into komit values ( 'odupuis', 'AFCO', 2 ) ;
insert into komit values ( 'odupuis', 'AFET', 1 ) ;
insert into deleg values ( 'odupuis', 'RO', 1 ) ;
insert into deleg values ( 'odupuis', 'ASEAN', 2 ) ;
insert into deleg values ( 'odupuis', 'AmGeAz', 2 ) ;
insert into adreu values ( 'odupuis', 'European Parliament; Bât. Altiero Spinelli; 07H149; 60, rue Wiertz / Wiertzstraat 60; B-1047 Bruxelles/Brussel' ) ;
insert into adreu values ( 'odupuis', 'European Parliament; Bât. Louise Weiss; T11050; Allée du Printemps; BP 10024/F; F-67070 Strasbourg Cedex' ) ;
insert into fax values ( 'odupuis', '+32 (0)2 284 9198' ) ;
insert into fax values ( 'odupuis', '+33 (0)3 88 17 9198' ) ;
insert into mail values ( 'odupuis', 'o.dupuis@agora.stm.it' ) ;
insert into adrna values ( 'odupuis', '10, rue des Riches Claires B-1000 BRUXELLES' ) ;

insert into pnom values ( 'ndescamps', 'Mme Marie-Hélène DESCAMPS' ) ;
insert into euprt values ( 'ndescamps', 'EUPP', 2 ) ;
insert into naprt values ( 'ndescamps', 'Démocratie libérale' ) ;
insert into land values ( 'ndescamps', 'FR' ) ;
insert into komit values ( 'ndescamps', 'PETI', 2 ) ;
insert into komit values ( 'ndescamps', 'ITRE', 1 ) ;
insert into adreu values ( 'ndescamps', 'European Parliament; Bât. Altiero Spinelli; 13E253; 60, rue Wiertz / Wiertzstraat 60; B-1047 Bruxelles/Brussel' ) ;
insert into adreu values ( 'ndescamps', 'European Parliament; Bât. Louise Weiss; T08014; Allée du Printemps; BP 10024/F; F-67070 Strasbourg Cedex' ) ;
insert into fax values ( 'ndescamps', '+32 (0)2 284 9730' ) ;
insert into fax values ( 'ndescamps', '+33 (0)3 88 17 9730' ) ;
insert into mail values ( 'ndescamps', 'mh_descamps@hotmail.com' ) ;
insert into adrna values ( 'ndescamps', 'Parlement européen Rue Wiertz ASP 13E253  B-1047 BRUXELLES' ) ;

insert into pnom values ( 'maberger', 'Frau Maria BERGER' ) ;
insert into euprt values ( 'maberger', 'PSE', 5 ) ;
insert into naprt values ( 'maberger', 'Sozialdemokratische Partei Österreichs' ) ;
insert into land values ( 'maberger', 'AT' ) ;
insert into komit values ( 'maberger', 'JURI', 2 ) ;
insert into komit values ( 'maberger', 'LIBE', 1 ) ;
insert into komit values ( 'maberger', 'FEMM', 1 ) ;
insert into deleg values ( 'maberger', 'CZ', 2 ) ;
insert into adreu values ( 'maberger', 'European Parliament; Bât. Altiero Spinelli; 15G346; 60, rue Wiertz / Wiertzstraat 60; B-1047 Bruxelles/Brussel' ) ;
insert into adreu values ( 'maberger', 'European Parliament; Bât. Louise Weiss; T06089; Allée du Printemps; BP 10024/F; F-67070 Strasbourg Cedex' ) ;
insert into fax values ( 'maberger', '+32 (0)2 284 9721' ) ;
insert into fax values ( 'maberger', '+33 (0)3 88 17 9721' ) ;
insert into mail values ( 'maberger', 'maberger@europarl.eu.int' ) ;
insert into adrna values ( 'maberger', 'Zeitling 9 A-4320 PERG' ) ;

insert into pnom values ( 'dveyrinas', 'Mme Françoise de VEYRINAS' ) ;
insert into euprt values ( 'dveyrinas', 'EUPP', 2 ) ;
insert into naprt values ( 'dveyrinas', 'Union pour la Majorité Présidentielle' ) ;
insert into land values ( 'dveyrinas', 'FR' ) ;
insert into komit values ( 'dveyrinas', 'FEMM', 2 ) ;
insert into komit values ( 'dveyrinas', 'EMPL', 1 ) ;
insert into adreu values ( 'dveyrinas', 'European Parliament; Bât. Altiero Spinelli; 8F155; 60, rue Wiertz / Wiertzstraat 60; B-1047 Bruxelles/Brussel' ) ;
insert into adreu values ( 'dveyrinas', 'European Parliament; Bât. Louise Weiss; T09087; Allée du Printemps; BP 10024/F; F-67070 Strasbourg Cedex' ) ;
insert into fax values ( 'dveyrinas', '+32 (0)2 284 9562' ) ;
insert into fax values ( 'dveyrinas', '+33 (0)3 88 17 9562' ) ;
insert into adrna values ( 'dveyrinas', '23, rue André Delieux F-31400 TOULOUSE' ) ;

insert into pnom values ( 'soneachtain', 'Mr Seán Ó NEACHTAIN') ;
insert into euprt values ( 'soneachtain', 'NEUU', 2 ) ;
insert into naprt values ( 'soneachtain', 'Fianna Fáil Party' ) ;
insert into land values ( 'soneachtain', 'IE' ) ;
insert into komit values ( 'soneachtain', 'PECH', 2 ) ;
insert into komit values ( 'soneachtain', 'ITRE', 2 ) ;
insert into komit values ( 'soneachtain', 'BUDG', 1 ) ;
insert into deleg values ( 'soneachtain', 'HU', 2 ) ;
insert into adreu values ( 'soneachtain', 'European Parliament; Bât. Altiero Spinelli; 06F361; 60, rue Wiertz / Wiertzstraat 60; B-1047 Bruxelles/Brussel' ) ;
insert into adreu values ( 'soneachtain', 'European Parliament; Bât. Louise Weiss; T13043; Allée du Printemps; BP 10024/F; F-67070 Strasbourg Cedex' ) ;
insert into fax values ( 'soneachtain', '+32 (0)2 284 9611' ) ;
insert into fax values ( 'soneachtain', '+33 (0)3 88 17 9611' ) ;
insert into mail values ( 'soneachtain', 'seanoneachtain@eircom.net' ) ;
insert into adrna values ( 'soneachtain', 'Spiddal' ) ;

insert into pnom values ( 'hettl', 'Herr Harald ETTL' ) ;
insert into euprt values ( 'hettl', 'PSE', 2 ) ;
insert into naprt values ( 'hettl', 'Sozialdemokratische Partei Österreichs' ) ;
insert into land values ( 'hettl', 'AT' ) ;
insert into komit values ( 'hettl', 'EMPL', 2 ) ;
insert into komit values ( 'hettl', 'ECON', 1 ) ;
insert into deleg values ( 'hettl', 'SI', 8 ) ;
insert into adreu values ( 'hettl', 'European Parliament; Bât. Altiero Spinelli; 15G354; 60, rue Wiertz / Wiertzstraat 60; B-1047 Bruxelles/Brussel' ) ;
insert into adreu values ( 'hettl', 'European Parliament; Bât. Louise Weiss; T06048; Allée du Printemps; BP 10024/F; F-67070 Strasbourg Cedex' ) ;
insert into fax values ( 'hettl', '+32 (0)2 284 9726' ) ;
insert into fax values ( 'hettl', '+33 (0)3 88 17 9726' ) ;
insert into adrna values ( 'hettl', 'Ploesslgasse 15 A-1040 WIEN' ) ;

insert into pnom values ( 'mflemming', 'Frau Marialiese FLEMMING' ) ;
insert into euprt values ( 'mflemming', 'EUPP', 2 ) ;
insert into naprt values ( 'mflemming', 'Österreichische Volkspartei' ) ;
insert into land values ( 'mflemming', 'AT' ) ;
insert into komit values ( 'mflemming', 'ENVI', 2 ) ;
insert into komit values ( 'mflemming', 'FEMM', 1 ) ;
insert into deleg values ( 'mflemming', 'SK', 2 ) ;
insert into deleg values ( 'mflemming', 'CZ', 1 ) ;
insert into adreu values ( 'mflemming', 'European Parliament; Bât. Altiero Spinelli; 08F151; 60, rue Wiertz / Wiertzstraat 60; B-1047 Bruxelles/Brussel' ) ;
insert into adreu values ( 'mflemming', 'European Parliament; Bât. Louise Weiss; T08033; Allée du Printemps; BP 10024/F; F-67070 Strasbourg Cedex' ) ;
insert into fax values ( 'mflemming', '+32 (0)2 284 9775' ) ;
insert into fax values ( 'mflemming', '+33 (0)3 88 17 9775' ) ;
insert into adrna values ( 'mflemming', 'Österreichische Volkspartei Lichtenfelsgasse 7 A-1010 WIEN' ) ;

insert into pnom values ( 'ghager', 'Herr Gerhard HAGER' ) ;
insert into euprt values ( 'ghager', 'NON', 2 ) ;
insert into naprt values ( 'ghager', 'FPÖ' ) ;
insert into land values ( 'ghager', 'AT' ) ;
insert into komit values ( 'ghager', 'AFCO', 2 ) ;
insert into komit values ( 'ghager', 'PETI', 2 ) ;
insert into komit values ( 'ghager', 'JURI', 1 ) ;
insert into adreu values ( 'ghager', 'European Parliament; Bât. Altiero Spinelli; 11G107; 60, rue Wiertz / Wiertzstraat 60; B-1047 Bruxelles/Brussel' ) ;
insert into adreu values ( 'ghager', 'European Parliament; Bât. Louise Weiss; T11089; Allée du Printemps; BP 10024/F; F-67070 Strasbourg Cedex' ) ;
insert into fax values ( 'ghager', '+32 (0)2 284 9846' ) ;
insert into fax values ( 'ghager', '+33 (0)3 88 17 9846' ) ;
insert into mail values ( 'ghager', 'aristoteles.2000@netway.at' ) ;
insert into mail values ( 'ghager', 'ghager@europarl.eu.int' ) ;
insert into http values ( 'ghager', 'http://www.hager.cjb.net' ) ;
insert into adrna values ( 'ghager', 'Europäisches Parlament Rue Wiertz ASP 11G107  B-1047 BRÜSSEL' ) ;

insert into pnom values ( 'hkronberger', 'Herr Hans KRONBERGER' ) ;
insert into euprt values ( 'hkronberger', 'NON', 2 ) ;
insert into naprt values ( 'hkronberger', 'FPÖ' ) ;
insert into land values ( 'hkronberger', 'AT' ) ;
insert into komit values ( 'hkronberger', 'ENVI', 2 ) ;
insert into komit values ( 'hkronberger', 'EMPL', 1 ) ;
insert into deleg values ( 'hkronberger', 'RU', 2 ) ;
insert into adreu values ( 'hkronberger', 'European Parliament; Bât. Altiero Spinelli; 14G265; 60, rue Wiertz / Wiertzstraat 60; B-1047 Bruxelles/Brussel' ) ;
insert into adreu values ( 'hkronberger', 'European Parliament; Bât. Louise Weiss; T11044; Allée du Printemps; BP 10024/F; F-67070 Strasbourg Cedex' ) ;
insert into fax values ( 'hkronberger', '+32 (0)2 284 9517' ) ;
insert into fax values ( 'hkronberger', '+33 (0)3 88 17 9517' ) ;
insert into mail values ( 'hkronberger', 'hans.kronberger@fpoe.at' ) ;
insert into adrna values ( 'hkronberger', 'Schenkenstr. 8/5 A-1010 WIEN' ) ;

insert into pnom values ( 'draschhofer', 'Frau Daniela RASCHHOFER' ) ;
insert into euprt values ( 'draschhofer', 'NON', 2 ) ;
insert into naprt values ( 'draschhofer', 'FPÖ' ) ;
insert into land values ( 'draschhofer', 'AT' ) ;
insert into komit values ( 'draschhofer', 'ITRE', 2 ) ;
insert into komit values ( 'draschhofer', 'FEMM', 1 ) ;
insert into deleg values ( 'draschhofer', 'HU', 2 ) ;
insert into adreu values ( 'draschhofer', 'European Parliament; Bât. Altiero Spinelli; 14G258; 60, rue Wiertz / Wiertzstraat 60; B-1047 Bruxelles/Brussel' ) ;
insert into adreu values ( 'draschhofer', 'European Parliament; Bât. Louise Weiss; T11087; Allée du Printemps; BP 10024/F; F-67070 Strasbourg Cedex' ) ;
insert into fax values ( 'draschhofer', '+32 (0)2 284 9717' ) ;
insert into fax values ( 'draschhofer', '+33 (0)3 88 17 9717' ) ;
insert into adrna values ( 'draschhofer', 'Palmstraße, 13 A-5280 BRAUNAU/INN' ) ;

insert into pnom values ( 'psichrovsky', 'Herr Peter SICHROVSKY' ) ;
insert into euprt values ( 'psichrovsky', 'NON', 2 ) ;
insert into naprt values ( 'psichrovsky', 'FPÖ' ) ;
insert into land values ( 'psichrovsky', 'AT' ) ;
insert into komit values ( 'psichrovsky', 'CULT', 2 ) ;
insert into komit values ( 'psichrovsky', 'AFET', 1 ) ;
insert into komit values ( 'psichrovsky', 'PETI', 1 ) ;
insert into deleg values ( 'psichrovsky', 'KaKgUz', 2 ) ;
insert into adreu values ( 'psichrovsky', 'European Parliament; Bât. Altiero Spinelli; 11G116; 60, rue Wiertz / Wiertzstraat 60; B-1047 Bruxelles/Brussel' ) ;
insert into adreu values ( 'psichrovsky', 'European Parliament; Bât. Louise Weiss; T11032; Allée du Printemps; BP 10024/F; F-67070 Strasbourg Cedex' ) ;
insert into fax values ( 'psichrovsky', '+32 (0)2 284 9694' ) ;
insert into fax values ( 'psichrovsky', '+33 (0)3 88 17 9694' ) ;
insert into mail values ( 'psichrovsky', 'peter.sichrovski@fpoe.at' ) ;
insert into adrna values ( 'psichrovsky', 'Schenkenstr. 8-10/5 A-1017 WIEN' ) ;

insert into pnom values ( 'moarburua', 'Sr. Marcelino OREJA ARBURÚA') ;
insert into euprt values ( 'moarburua', 'EUPP', 2 ) ;
insert into naprt values ( 'moarburua', 'Partido Popular' ) ;
insert into land values ( 'moarburua', 'ES' ) ;
insert into komit values ( 'moarburua', 'LIBE', 2 ) ;
insert into komit values ( 'moarburua', 'JURI', 1 ) ;
insert into adreu values ( 'moarburua', 'European Parliament; Bât. Altiero Spinelli; 11E210; 60, rue Wiertz / Wiertzstraat 60; B-1047 Bruxelles/Brussel' ) ;
insert into adreu values ( 'moarburua', 'European Parliament; Bât. Louise Weiss; T09084; Allée du Printemps; BP 10024/F; F-67070 Strasbourg Cedex' ) ;
insert into fax values ( 'moarburua', '+32 (0)2 284 9335' ) ;
insert into fax values ( 'moarburua', '+33 (0)3 88 17 9335' ) ;
insert into adrna values ( 'moarburua', 'Calle Núñez De Balboa 81 E-28006 MADRID' ) ;

insert into pnom values ( 'ustenzel', 'Frau Ursula STENZEL' ) ;
insert into euprt values ( 'ustenzel', 'EUPP', 5 ) ;
insert into naprt values ( 'ustenzel', 'Österreichische Volkspartei' ) ;
insert into land values ( 'ustenzel', 'AT' ) ;
insert into komit values ( 'ustenzel', 'AFET', 2 ) ;
insert into komit values ( 'ustenzel', 'CONT', 1 ) ;
insert into deleg values ( 'ustenzel', 'CZ', 9 ) ;
insert into deleg values ( 'ustenzel', 'SK', 1 ) ;
insert into adreu values ( 'ustenzel', 'European Parliament; Bât. Altiero Spinelli; 08F136; 60, rue Wiertz / Wiertzstraat 60; B-1047 Bruxelles/Brussel' ) ;
insert into adreu values ( 'ustenzel', 'European Parliament; Bât. Louise Weiss; T09045; Allée du Printemps; BP 10024/F; F-67070 Strasbourg Cedex' ) ;
insert into fax values ( 'ustenzel', '+32 (0)2 284 9766' ) ;
insert into fax values ( 'ustenzel', '+33 (0)3 88 17 9766' ) ;
insert into adrna values ( 'ustenzel', 'Europäisches Parlament Rue Wiertz ASP 8F136  B-1047 BRÜSSEL' ) ;

insert into pnom values ( 'jdhaene', 'De Heer Jan DHAENE' ) ;
insert into euprt values ( 'jdhaene', 'VERD', 2 ) ;
insert into naprt values ( 'jdhaene', 'Anders gaan arbeiden, leven en vrijen' ) ;
insert into land values ( 'jdhaene', 'BE' ) ;
insert into komit values ( 'jdhaene', 'RETT', 2 ) ;
insert into komit values ( 'jdhaene', 'PETI', 1 ) ;
insert into deleg values ( 'jdhaene', 'IL', 2 ) ;
insert into adreu values ( 'jdhaene', 'European Parliament; Bât. Altiero Spinelli; 08G342; 60, rue Wiertz / Wiertzstraat 60; B-1047 Bruxelles/Brussel' ) ;
insert into adreu values ( 'jdhaene', 'European Parliament; Bât. Louise Weiss; T05044; Allée du Printemps; BP 10024/F; F-67070 Strasbourg Cedex' ) ;
insert into fax values ( 'jdhaene', '+32 (0)2 284 9279' ) ;
insert into fax values ( 'jdhaene', '+33 (0)3 88 17 9279' ) ;
insert into mail values ( 'jdhaene', 'jdhaene@europarl.eu.int' ) ;
insert into adrna values ( 'jdhaene', 'Europees Parlement Wiertzstraat ASP 08G342  B-1047 BRUSSEL' ) ;

insert into pnom values ( 'jhswoboda', 'Herr Johannes (Hannes) SWOBODA') ;
insert into euprt values ( 'jhswoboda', 'PSE', 8 ) ;
insert into naprt values ( 'jhswoboda', 'Sozialdemokratische Partei Österreichs' ) ;
insert into land values ( 'jhswoboda', 'AT' ) ;
insert into komit values ( 'jhswoboda', 'AFET', 2 ) ;
insert into komit values ( 'jhswoboda', 'RETT', 1 ) ;
insert into deleg values ( 'jhswoboda', 'TR', 1 ) ;
insert into deleg values ( 'jhswoboda', 'Balkan', 8 ) ;
insert into deleg values ( 'jhswoboda', 'PLC', 2 ) ;
insert into adreu values ( 'jhswoboda', 'European Parliament; Bât. Altiero Spinelli; 15G342; 60, rue Wiertz / Wiertzstraat 60; B-1047 Bruxelles/Brussel' ) ;
insert into adreu values ( 'jhswoboda', 'European Parliament; Bât. Louise Weiss; T06087; Allée du Printemps; BP 10024/F; F-67070 Strasbourg Cedex' ) ;
insert into fax values ( 'jhswoboda', '+32 (0)2 284 9716' ) ;
insert into fax values ( 'jhswoboda', '+33 (0)3 88 17 9716' ) ;
insert into http values ( 'jhswoboda', 'http://www.hannes-swoboda.at' ) ;
insert into adrna values ( 'jhswoboda', 'Schenkenstraße 8 A-1010 WIEN' ) ;

insert into pnom values ( 'rpaasilinna', ' Reino PAASILINNA' ) ;
insert into euprt values ( 'rpaasilinna', 'PSE', 2 ) ;
insert into naprt values ( 'rpaasilinna', 'Suomen Sosialidemokraattinen Puolue/Finlands Socialdemokratiska Parti' ) ;
insert into land values ( 'rpaasilinna', 'FI' ) ;
insert into komit values ( 'rpaasilinna', 'ITRE', 2 ) ;
insert into komit values ( 'rpaasilinna', 'AFET', 1 ) ;
insert into deleg values ( 'rpaasilinna', 'RU', 8 ) ;
insert into adreu values ( 'rpaasilinna', 'European Parliament; Bât. Altiero Spinelli; 14G146; 60, rue Wiertz / Wiertzstraat 60; B-1047 Bruxelles/Brussel' ) ;
insert into adreu values ( 'rpaasilinna', 'European Parliament; Bât. Louise Weiss; T06056; Allée du Printemps; BP 10024/F; F-67070 Strasbourg Cedex' ) ;
insert into fax values ( 'rpaasilinna', '+32 (0)2 284 9734' ) ;
insert into fax values ( 'rpaasilinna', '+33 (0)3 88 17 9734' ) ;
insert into mail values ( 'rpaasilinna', 'rpaasilinna@europarl.eu.int' ) ;
insert into adrna values ( 'rpaasilinna', 'Onnentie 21 FIN-00600 HELSINKI' ) ;

insert into pnom values ( 'eseppanen', ' Esko Olavi SEPPÄNEN' ) ;
insert into euprt values ( 'eseppanen', 'LEFT', 5 ) ;
insert into naprt values ( 'eseppanen', 'Vasemmistoliitto' ) ;
insert into land values ( 'eseppanen', 'FI' ) ;
insert into komit values ( 'eseppanen', 'ITRE', 2 ) ;
insert into komit values ( 'eseppanen', 'BUDG', 1 ) ;
insert into deleg values ( 'eseppanen', 'EEA', 2 ) ;
insert into deleg values ( 'eseppanen', 'EE', 1 ) ;
insert into deleg values ( 'eseppanen', 'RU', 2 ) ;
insert into adreu values ( 'eseppanen', 'European Parliament; Bât. Altiero Spinelli; 08H349; 60, rue Wiertz / Wiertzstraat 60; B-1047 Bruxelles/Brussel' ) ;
insert into adreu values ( 'eseppanen', 'European Parliament; Bât. Louise Weiss; T05025; Allée du Printemps; BP 10024/F; F-67070 Strasbourg Cedex' ) ;
insert into fax values ( 'eseppanen', '+32 (0)2 284 9271' ) ;
insert into fax values ( 'eseppanen', '+33 (0)3 88 17 9271' ) ;
insert into mail values ( 'eseppanen', 'seppanen@kaapeli.fi' ) ;
insert into mail values ( 'eseppanen', 'eseppanen@europarl.eu.int' ) ;
insert into http values ( 'eseppanen', 'http://www.kaapeli.fi/seppanen' ) ;
insert into adrna values ( 'eseppanen', 'Partiotie 33  FIN-00370 HELSINKI' ) ;

insert into pnom values ( 'athors', ' Astrid THORS' ) ;
insert into euprt values ( 'athors', 'ELDR', 5 ) ;
insert into naprt values ( 'athors', 'Svenska folkpartiet' ) ;
insert into land values ( 'athors', 'FI' ) ;
insert into komit values ( 'athors', 'PETI', 8 ) ;
insert into komit values ( 'athors', 'ENVI', 2 ) ;
insert into komit values ( 'athors', 'JURI', 1 ) ;
insert into deleg values ( 'athors', 'LV', 2 ) ;
insert into deleg values ( 'athors', 'EEA', 1 ) ;
insert into adreu values ( 'athors', 'European Parliament; Bât. Altiero Spinelli; 10G205; 60, rue Wiertz / Wiertzstraat 60; B-1047 Bruxelles/Brussel' ) ;
insert into adreu values ( 'athors', 'European Parliament; Bât. Louise Weiss; T11045; Allée du Printemps; BP 10024/F; F-67070 Strasbourg Cedex' ) ;
insert into fax values ( 'athors', '+32 (0)2 284 9872' ) ;
insert into fax values ( 'athors', '+33 (0)3 88 17 9872' ) ;
insert into mail values ( 'athors', 'astrid@thors.pp.fi' ) ;
insert into mail values ( 'athors', 'athors@europarl.eu.int' ) ;
insert into http values ( 'athors', 'http://www.astridthors.net' ) ;
insert into adrna values ( 'athors', 'c/o SFP Simonsgatan 8 A PB 430  FIN-00101 HELSINGFORS' ) ;

insert into pnom values ( 'kvirrankoski', ' Kyösti Tapio VIRRANKOSKI' ) ;
insert into euprt values ( 'kvirrankoski', 'ELDR', 2 ) ;
insert into naprt values ( 'kvirrankoski', 'Suomen Keskusta' ) ;
insert into land values ( 'kvirrankoski', 'FI' ) ;
insert into komit values ( 'kvirrankoski', 'BUDG', 2 ) ;
insert into komit values ( 'kvirrankoski', 'CONT', 1 ) ;
insert into deleg values ( 'kvirrankoski', 'RO', 2 ) ;
insert into deleg values ( 'kvirrankoski', 'EE', 1 ) ;
insert into adreu values ( 'kvirrankoski', 'European Parliament; Bât. Altiero Spinelli; 10G254; 60, rue Wiertz / Wiertzstraat 60; B-1047 Bruxelles/Brussel' ) ;
insert into adreu values ( 'kvirrankoski', 'European Parliament; Bât. Louise Weiss; T11051; Allée du Printemps; BP 10024/F; F-67070 Strasbourg Cedex' ) ;
insert into fax values ( 'kvirrankoski', '+32 (0)2 284 9847' ) ;
insert into fax values ( 'kvirrankoski', '+33 (0)3 88 17 9847' ) ;
insert into mail values ( 'kvirrankoski', 'kvirrankoski@europarl.eu.int' ) ;
insert into adrna values ( 'kvirrankoski', 'Rytmikuja 8 FIN-62200 KAUHAVA' ) ;

insert into pnom values ( 'hpirker', 'Herr Hubert PIRKER' ) ;
insert into euprt values ( 'hpirker', 'EUPP', 2 ) ;
insert into naprt values ( 'hpirker', 'Österreichische Volkspartei' ) ;
insert into land values ( 'hpirker', 'AT' ) ;
insert into komit values ( 'hpirker', 'LIBE', 2 ) ;
insert into komit values ( 'hpirker', 'EMPL', 1 ) ;
insert into deleg values ( 'hpirker', 'SI', 1 ) ;
insert into deleg values ( 'hpirker', 'ASEAN', 2 ) ;
insert into adreu values ( 'hpirker', 'European Parliament; Bât. Altiero Spinelli; 08F163; 60, rue Wiertz / Wiertzstraat 60; B-1047 Bruxelles/Brussel' ) ;
insert into adreu values ( 'hpirker', 'European Parliament; Bât. Louise Weiss; T09043; Allée du Printemps; BP 10024/F; F-67070 Strasbourg Cedex' ) ;
insert into fax values ( 'hpirker', '+32 (0)2 284 9447' ) ;
insert into fax values ( 'hpirker', '+33 (0)3 88 17 9447' ) ;
insert into mail values ( 'hpirker', 'oeaab-ktn@carinthia.co.at' ) ;
insert into adrna values ( 'hpirker', 'Europäisches Parlament Rue Wiertz ASP 8F163  B-1047 BRÜSSEL' ) ;

insert into pnom values ( 'mmatikainen', ' Marjo MATIKAINEN-KALLSTRÖM' ) ;
insert into euprt values ( 'mmatikainen', 'EUPP', 5 ) ;
insert into naprt values ( 'mmatikainen', 'Kansallinen Kokoomus' ) ;
insert into land values ( 'mmatikainen', 'FI' ) ;
insert into komit values ( 'mmatikainen', 'ITRE', 2 ) ;
insert into komit values ( 'mmatikainen', 'LIBE', 1 ) ;
insert into deleg values ( 'mmatikainen', 'EEA', 8 ) ;
insert into deleg values ( 'mmatikainen', 'LV', 2 ) ;
insert into adreu values ( 'mmatikainen', 'European Parliament; Bât. Altiero Spinelli; 12E242; 60, rue Wiertz / Wiertzstraat 60; B-1047 Bruxelles/Brussel' ) ;
insert into adreu values ( 'mmatikainen', 'European Parliament; Bât. Louise Weiss; T09038; Allée du Printemps; BP 10024/F; F-67070 Strasbourg Cedex' ) ;
insert into fax values ( 'mmatikainen', '+32 (0)2 284 9843' ) ;
insert into fax values ( 'mmatikainen', '+33 (0)3 88 17 9843' ) ;
insert into mail values ( 'mmatikainen', 'mmatikainen@europarl.eu.int' ) ;
insert into mail values ( 'mmatikainen', 'marjo.matikainen@kokoomus.fi' ) ;
insert into http values ( 'mmatikainen', 'http://www.kokoomus.fi/marjo' ) ;
insert into adrna values ( 'mmatikainen', 'Uudenmaan Kokoomus/Matikainen-Kallström Itäportti 4 A FIN-02210 ESPOO' ) ;

insert into pnom values ( 'rcorbett', 'Mr Richard CORBETT' ) ;
insert into euprt values ( 'rcorbett', 'PSE', 2 ) ;
insert into naprt values ( 'rcorbett', 'Labour Party' ) ;
insert into land values ( 'rcorbett', 'UK' ) ;
insert into komit values ( 'rcorbett', 'AFCO', 2 ) ;
insert into komit values ( 'rcorbett', 'ECON', 1 ) ;
insert into deleg values ( 'rcorbett', 'ASEAN', 2 ) ;
insert into adreu values ( 'rcorbett', 'European Parliament; Bât. Altiero Spinelli; 13G310; 60, rue Wiertz / Wiertzstraat 60; B-1047 Bruxelles/Brussel' ) ;
insert into adreu values ( 'rcorbett', 'European Parliament; Bât. Louise Weiss; T07038; Allée du Printemps; BP 10024/F; F-67070 Strasbourg Cedex' ) ;
insert into fax values ( 'rcorbett', '+32 (0)2 284 9504' ) ;
insert into fax values ( 'rcorbett', '+33 (0)3 88 17 9504' ) ;
insert into mail values ( 'rcorbett', 'rcorbett@europarl.eu.int' ) ;
insert into http values ( 'rcorbett', 'http://www.corbett-euro.demon.co.uk' ) ;
insert into adrna values ( 'rcorbett', 'Labour MEP for Yorkshire and the Humber region 2 Blenheim Terrace LEEDS LS2 9JG' ) ;

insert into pnom values ( 'akaramanou', 'Κα Anna KARAMANOU' ) ;
insert into euprt values ( 'akaramanou', 'PSE', 5 ) ;
insert into naprt values ( 'akaramanou', 'Panellinio Socialistiko Kinima' ) ;
insert into land values ( 'akaramanou', 'GR' ) ;
insert into komit values ( 'akaramanou', 'FEMM', 9 ) ;
insert into komit values ( 'akaramanou', 'EMPL', 2 ) ;
insert into komit values ( 'akaramanou', 'LIBE', 1 ) ;
insert into deleg values ( 'akaramanou', 'Balkan', 2 ) ;
insert into adreu values ( 'akaramanou', 'European Parliament; Bât. Altiero Spinelli; 15G302; 60, rue Wiertz / Wiertzstraat 60; B-1047 Bruxelles/Brussel' ) ;
insert into adreu values ( 'akaramanou', 'European Parliament; Bât. Louise Weiss; T12016-014; Allée du Printemps; BP 10024/F; F-67070 Strasbourg Cedex' ) ;
insert into fax values ( 'akaramanou', '+32 (0)2 284 9841' ) ;
insert into fax values ( 'akaramanou', '+33 (0)3 88 17 9841' ) ;
insert into adrna values ( 'akaramanou', 'Parlement européen Rue Wiertz ASP 15G302  B-1047 BRUXELLES' ) ;

insert into pnom values ( 'mscarbonchi', 'M. Michel-Ange SCARBONCHI' ) ;
insert into euprt values ( 'mscarbonchi', 'LEFT', 2 ) ;
insert into naprt values ( 'mscarbonchi', 'Pôle Républicain' ) ;
insert into land values ( 'mscarbonchi', 'FR' ) ;
insert into komit values ( 'mscarbonchi', 'CONT', 2 ) ;
insert into komit values ( 'mscarbonchi', 'DEVE', 1 ) ;
insert into deleg values ( 'mscarbonchi', 'HU', 2 ) ;
insert into adreu values ( 'mscarbonchi', 'European Parliament; Bât. Altiero Spinelli; 14G158; 60, rue Wiertz / Wiertzstraat 60; B-1047 Bruxelles/Brussel' ) ;
insert into adreu values ( 'mscarbonchi', 'European Parliament; Bât. Louise Weiss; T08076; Allée du Printemps; BP 10024/F; F-67070 Strasbourg Cedex' ) ;
insert into fax values ( 'mscarbonchi', '+32 (0)2 284 9493' ) ;
insert into fax values ( 'mscarbonchi', '+33 (0)3 88 17 9493' ) ;
insert into mail values ( 'mscarbonchi', 'mscarbonchi@europarl.eu.int' ) ;
insert into mail values ( 'mscarbonchi', 'contact@michel-scarbonchi.net' ) ;
insert into http values ( 'mscarbonchi', 'http://www.michel-scarbonchi.net' ) ;
insert into adrna values ( 'mscarbonchi', '"U Poddiu" Rue Campiano F-20169 CUTTOLI-CORTICCHIATO' ) ;

insert into pnom values ( 'ggarot', 'M. Georges GAROT' ) ;
insert into euprt values ( 'ggarot', 'PSE', 2 ) ;
insert into naprt values ( 'ggarot', 'Parti socialiste' ) ;
insert into land values ( 'ggarot', 'FR' ) ;
insert into komit values ( 'ggarot', 'AGRI', 2 ) ;
insert into komit values ( 'ggarot', 'DEVE', 1 ) ;
insert into adreu values ( 'ggarot', 'European Parliament; Bât. Altiero Spinelli; 14G257; 60, rue Wiertz / Wiertzstraat 60; B-1047 Bruxelles/Brussel' ) ;
insert into adreu values ( 'ggarot', 'European Parliament; Bât. Louise Weiss; T08143; Allée du Printemps; BP 10024/F; F-67070 Strasbourg Cedex' ) ;
insert into fax values ( 'ggarot', '+32 (0)2 284 9495' ) ;
insert into fax values ( 'ggarot', '+33 (0)3 88 17 9495' ) ;
insert into adrna values ( 'ggarot', 'Lieu dit "Fleurigné" F-53410 LAUNAY-VILLIERS' ) ;

insert into pnom values ( 'oduhamel', 'M. Olivier DUHAMEL' ) ;
insert into euprt values ( 'oduhamel', 'PSE', 5 ) ;
insert into naprt values ( 'oduhamel', 'Parti socialiste' ) ;
insert into land values ( 'oduhamel', 'FR' ) ;
insert into komit values ( 'oduhamel', 'AFCO', 2 ) ;
insert into komit values ( 'oduhamel', 'LIBE', 1 ) ;
insert into deleg values ( 'oduhamel', 'CY', 1 ) ;
insert into adreu values ( 'oduhamel', 'European Parliament; Bât. Altiero Spinelli; 14G242; 60, rue Wiertz / Wiertzstraat 60; B-1047 Bruxelles/Brussel' ) ;
insert into adreu values ( 'oduhamel', 'European Parliament; Bât. Louise Weiss; T08145; Allée du Printemps; BP 10024/F; F-67070 Strasbourg Cedex' ) ;
insert into fax values ( 'oduhamel', '+32 (0)2 284 9788' ) ;
insert into fax values ( 'oduhamel', '+33 (0)3 88 17 9788' ) ;
insert into mail values ( 'oduhamel', 'oduhamel@europarl.eu.int' ) ;
insert into mail values ( 'oduhamel', 'oldu@club-internet.fr' ) ;
insert into adrna values ( 'oduhamel', 'Parlement européen Rue Wiertz ASP 14G242  B-1047 BRUXELLES' ) ;

insert into pnom values ( 'rvandam', 'De Heer Rijk van DAM' ) ;
insert into euprt values ( 'rvandam', 'DIV', 2 ) ;
insert into naprt values ( 'rvandam', 'ChristenUnie - Staatkundig Gereformeerde Parti' ) ;
insert into land values ( 'rvandam', 'NL' ) ;
insert into komit values ( 'rvandam', 'RETT', 8 ) ;
insert into komit values ( 'rvandam', 'CONT', 1 ) ;
insert into komit values ( 'rvandam', 'BUDG', 1 ) ;
insert into deleg values ( 'rvandam', 'EE', 1 ) ;
insert into deleg values ( 'rvandam', 'IL', 2 ) ;
insert into deleg values ( 'rvandam', 'SAARC', 2 ) ;
insert into adreu values ( 'rvandam', 'European Parliament; Bât. Altiero Spinelli; 07H242; 60, rue Wiertz / Wiertzstraat 60; B-1047 Bruxelles/Brussel' ) ;
insert into adreu values ( 'rvandam', 'European Parliament; Bât. Louise Weiss; T11065; Allée du Printemps; BP 10024/F; F-67070 Strasbourg Cedex' ) ;
insert into fax values ( 'rvandam', '+32 (0)2 284 9195' ) ;
insert into fax values ( 'rvandam', '+33 (0)3 88 17 9195' ) ;
insert into mail values ( 'rvandam', 'rvandam@europarl.eu.int' ) ;
insert into adrna values ( 'rvandam', 'Willemskade, 18 C NL-3001 KM ROTTERDAM' ) ;

insert into pnom values ( 'rwieland', 'Herr Rainer WIELAND' ) ;
insert into euprt values ( 'rwieland', 'EUPP', 2 ) ;
insert into naprt values ( 'rwieland', 'CDU' ) ;
insert into land values ( 'rwieland', 'DE' ) ;
insert into komit values ( 'rwieland', 'JURI', 2 ) ;
insert into komit values ( 'rwieland', 'PETI', 2 ) ;
insert into komit values ( 'rwieland', 'ENVI', 1 ) ;
insert into deleg values ( 'rwieland', 'LV', 1 ) ;
insert into adreu values ( 'rwieland', 'European Parliament; Bât. Altiero Spinelli; 10E242; 60, rue Wiertz / Wiertzstraat 60; B-1047 Bruxelles/Brussel' ) ;
insert into adreu values ( 'rwieland', 'European Parliament; Bât. Louise Weiss; T10033; Allée du Printemps; BP 10024/F; F-67070 Strasbourg Cedex' ) ;
insert into fax values ( 'rwieland', '+32 (0)2 284 9545' ) ;
insert into fax values ( 'rwieland', '+33 (0)3 88 17 9545' ) ;
insert into mail values ( 'rwieland', 'rwieland@europarl.eu.int' ) ;
insert into http values ( 'rwieland', 'http://www.mdep.de' ) ;
insert into adrna values ( 'rwieland', 'CDU-Europabüro Region Stuttgart Dornierstraße 17 D-70469 STUTTGART' ) ;

insert into pnom values ( 'lmcavan', 'Mrs Linda McAVAN' ) ;
insert into euprt values ( 'lmcavan', 'PSE', 5 ) ;
insert into naprt values ( 'lmcavan', 'Labour Party' ) ;
insert into land values ( 'lmcavan', 'UK' ) ;
insert into komit values ( 'lmcavan', 'AFET', 2 ) ;
insert into komit values ( 'lmcavan', 'RETT', 1 ) ;
insert into adreu values ( 'lmcavan', 'European Parliament; Bât. Altiero Spinelli; 13G346; 60, rue Wiertz / Wiertzstraat 60; B-1047 Bruxelles/Brussel' ) ;
insert into adreu values ( 'lmcavan', 'European Parliament; Bât. Louise Weiss; T07040; Allée du Printemps; BP 10024/F; F-67070 Strasbourg Cedex' ) ;
insert into fax values ( 'lmcavan', '+32 (0)2 284 9438' ) ;
insert into fax values ( 'lmcavan', '+33 (0)3 88 17 9438' ) ;
insert into adrna values ( 'lmcavan', 'Labour Constituency Office 79 High Street WATH-UPON-DEARNE S63 7QB' ) ;

insert into pnom values ( 'jlagendijk', 'De Heer Joost LAGENDIJK' ) ;
insert into euprt values ( 'jlagendijk', 'VERD', 2 ) ;
insert into naprt values ( 'jlagendijk', 'GroenLinks' ) ;
insert into land values ( 'jlagendijk', 'NL' ) ;
insert into komit values ( 'jlagendijk', 'AFET', 2 ) ;
insert into komit values ( 'jlagendijk', 'ECON', 1 ) ;
insert into deleg values ( 'jlagendijk', 'TR', 9 ) ;
insert into deleg values ( 'jlagendijk', 'Balkan', 2 ) ;
insert into adreu values ( 'jlagendijk', 'European Parliament; Bât. Altiero Spinelli; 08G302; 60, rue Wiertz / Wiertzstraat 60; B-1047 Bruxelles/Brussel' ) ;
insert into adreu values ( 'jlagendijk', 'European Parliament; Bât. Louise Weiss; T05121; Allée du Printemps; BP 10024/F; F-67070 Strasbourg Cedex' ) ;
insert into fax values ( 'jlagendijk', '+32 (0)2 284 9176' ) ;
insert into fax values ( 'jlagendijk', '+33 (0)3 88 17 9176' ) ;
insert into http values ( 'jlagendijk', 'http://www.groenlinks.nl' ) ;
insert into adrna values ( 'jlagendijk', 'Europees Parlement Wiertzstraat  ASP 08G302  B-1047 BRUSSEL' ) ;

insert into pnom values ( 'emdamiao', 'Sra. Elisa Maria DAMIÃO') ;
insert into euprt values ( 'emdamiao', 'PSE', 5 ) ;
insert into naprt values ( 'emdamiao', 'Partido Socialista' ) ;
insert into land values ( 'emdamiao', 'PT' ) ;
insert into komit values ( 'emdamiao', 'EMPL', 2 ) ;
insert into komit values ( 'emdamiao', 'ITRE', 1 ) ;
insert into deleg values ( 'emdamiao', 'CA', 2 ) ;
insert into adreu values ( 'emdamiao', 'European Parliament; Bât. Altiero Spinelli; 14G346; 60, rue Wiertz / Wiertzstraat 60; B-1047 Bruxelles/Brussel' ) ;
insert into adreu values ( 'emdamiao', 'European Parliament; Bât. Louise Weiss; T06137; Allée du Printemps; BP 10024/F; F-67070 Strasbourg Cedex' ) ;
insert into fax values ( 'emdamiao', '+32 (0)2 284 9515' ) ;
insert into fax values ( 'emdamiao', '+33 (0)3 88 17 9515' ) ;
insert into adrna values ( 'emdamiao', 'Rua Varandas de Monsanto, 17-A, 8º Esqº P-2720 ALFRAGIDE' ) ;

insert into pnom values ( 'nmaes', 'Mevr. Nelly MAES' ) ;
insert into euprt values ( 'nmaes', 'VERD', 8 ) ;
insert into naprt values ( 'nmaes', 'België Spirit' ) ;
insert into land values ( 'nmaes', 'BE' ) ;
insert into komit values ( 'nmaes', 'RETT', 2 ) ;
insert into komit values ( 'nmaes', 'DEVE', 1 ) ;
insert into komit values ( 'nmaes', 'AFET', 1 ) ;
insert into deleg values ( 'nmaes', 'SK', 1 ) ;
insert into adreu values ( 'nmaes', 'European Parliament; Bât. Altiero Spinelli; 08H154; 60, rue Wiertz / Wiertzstraat 60; B-1047 Bruxelles/Brussel' ) ;
insert into adreu values ( 'nmaes', 'European Parliament; Bât. Louise Weiss; T05135; Allée du Printemps; BP 10024/F; F-67070 Strasbourg Cedex' ) ;
insert into fax values ( 'nmaes', '+32 (0)2 284 9187' ) ;
insert into fax values ( 'nmaes', '+33 (0)3 88 17 9187' ) ;
insert into mail values ( 'nmaes', 'nmaes@europarl.eu.int' ) ;
insert into mail values ( 'nmaes', 'n.maes@worldonline.be' ) ;
insert into adrna values ( 'nmaes', 'Hooimanstraat 83 B-9112 SINAAI' ) ;

insert into pnom values ( 'oceyhun', 'Herr Ozan CEYHUN' ) ;
insert into euprt values ( 'oceyhun', 'PSE', 2 ) ;
insert into naprt values ( 'oceyhun', 'SPD' ) ;
insert into land values ( 'oceyhun', 'DE' ) ;
insert into komit values ( 'oceyhun', 'LIBE', 2 ) ;
insert into komit values ( 'oceyhun', 'BUDG', 1 ) ;
insert into deleg values ( 'oceyhun', 'TR', 2 ) ;
insert into adreu values ( 'oceyhun', 'European Parliament; Bât. Altiero Spinelli; 08G209; 60, rue Wiertz / Wiertzstraat 60; B-1047 Bruxelles/Brussel' ) ;
insert into adreu values ( 'oceyhun', 'European Parliament; Bât. Louise Weiss; T10053; Allée du Printemps; BP 10024/F; F-67070 Strasbourg Cedex' ) ;
insert into fax values ( 'oceyhun', '+32 (0)2 284 9973' ) ;
insert into fax values ( 'oceyhun', '+33 (0)3 88 17 9973' ) ;
insert into mail values ( 'oceyhun', 'Ceyhun.mdep@t-online.de' ) ;
insert into adrna values ( 'oceyhun', 'Im Antsee 18 D-64521 GROSS-GERAU' ) ;

insert into pnom values ( 'ihudghton', 'Mr Ian Stewart HUDGHTON' ) ;
insert into euprt values ( 'ihudghton', 'VERD', 2 ) ;
insert into naprt values ( 'ihudghton', 'Scottish National Party' ) ;
insert into land values ( 'ihudghton', 'UK' ) ;
insert into komit values ( 'ihudghton', 'BUDG', 2 ) ;
insert into komit values ( 'ihudghton', 'PECH', 2 ) ;
insert into komit values ( 'ihudghton', 'AGRI', 1 ) ;
insert into deleg values ( 'ihudghton', 'EEA', 2 ) ;
insert into adreu values ( 'ihudghton', 'European Parliament; Bât. Altiero Spinelli; 08H141; 60, rue Wiertz / Wiertzstraat 60; B-1047 Bruxelles/Brussel' ) ;
insert into adreu values ( 'ihudghton', 'European Parliament; Bât. Louise Weiss; T05137; Allée du Printemps; BP 10024/F; F-67070 Strasbourg Cedex' ) ;
insert into fax values ( 'ihudghton', '+32 (0)2 284 9499' ) ;
insert into fax values ( 'ihudghton', '+33 (0)3 88 17 9499' ) ;
insert into mail values ( 'ihudghton', 'ihudghton@europarl.eu.int' ) ;
insert into adrna values ( 'ihudghton', '8 Old Glamis Road DUNDEE DD3 8HP' ) ;

insert into pnom values ( 'spohjamo', ' Samuli POHJAMO' ) ;
insert into euprt values ( 'spohjamo', 'ELDR', 2 ) ;
insert into naprt values ( 'spohjamo', 'Suomen Keskusta' ) ;
insert into land values ( 'spohjamo', 'FI' ) ;
insert into komit values ( 'spohjamo', 'RETT', 2 ) ;
insert into komit values ( 'spohjamo', 'ITRE', 1 ) ;
insert into deleg values ( 'spohjamo', 'UA', 2 ) ;
insert into adreu values ( 'spohjamo', 'European Parliament; Bât. Altiero Spinelli; 10G242; 60, rue Wiertz / Wiertzstraat 60; B-1047 Bruxelles/Brussel' ) ;
insert into adreu values ( 'spohjamo', 'European Parliament; Bât. Louise Weiss; T11047; Allée du Printemps; BP 10024/F; F-67070 Strasbourg Cedex' ) ;
insert into fax values ( 'spohjamo', '+32 (0)2 284 9848' ) ;
insert into fax values ( 'spohjamo', '+33 (0)3 88 17 9848' ) ;
insert into mail values ( 'spohjamo', 'spohjamo@europarl.eu.int' ) ;
insert into http values ( 'spohjamo', 'http://www.pohjamo.net' ) ;
insert into adrna values ( 'spohjamo', 'Koulukatu 31 B 11 FIN-90100 OULU' ) ;

insert into pnom values ( 'mgahler', 'Herr Michael GAHLER' ) ;
insert into euprt values ( 'mgahler', 'EUPP', 2 ) ;
insert into naprt values ( 'mgahler', 'CDU' ) ;
insert into land values ( 'mgahler', 'DE' ) ;
insert into komit values ( 'mgahler', 'AFET', 2 ) ;
insert into komit values ( 'mgahler', 'DEVE', 1 ) ;
insert into deleg values ( 'mgahler', 'LT', 8 ) ;
insert into adreu values ( 'mgahler', 'European Parliament; Bât. Altiero Spinelli; 10E217; 60, rue Wiertz / Wiertzstraat 60; B-1047 Bruxelles/Brussel' ) ;
insert into adreu values ( 'mgahler', 'European Parliament; Bât. Louise Weiss; T10145; Allée du Printemps; BP 10024/F; F-67070 Strasbourg Cedex' ) ;
insert into fax values ( 'mgahler', '+32 (0)2 284 9977' ) ;
insert into fax values ( 'mgahler', '+33 (0)3 88 17 9977' ) ;
insert into mail values ( 'mgahler', 'mgahler@europarl.eu.int' ) ;
insert into http values ( 'mgahler', 'http://www.cdu-csu-ep.de' ) ;
insert into adrna values ( 'mgahler', 'Hülshoffweg 7 D-65795 HATTERSHEIM am Main' ) ;

insert into pnom values ( 'acorrie', 'Mr John Alexander CORRIE' ) ;
insert into euprt values ( 'acorrie', 'EUPP', 2 ) ;
insert into naprt values ( 'acorrie', 'Conservative and Unionist Party' ) ;
insert into land values ( 'acorrie', 'UK' ) ;
insert into komit values ( 'acorrie', 'DEVE', 2 ) ;
insert into komit values ( 'acorrie', 'BUDG', 1 ) ;
insert into adreu values ( 'acorrie', 'European Parliament; Bât. Altiero Spinelli; 08E153; 60, rue Wiertz / Wiertzstraat 60; B-1047 Bruxelles/Brussel' ) ;
insert into adreu values ( 'acorrie', 'European Parliament; Bât. Louise Weiss; T06039; Allée du Printemps; BP 10024/F; F-67070 Strasbourg Cedex' ) ;
insert into fax values ( 'acorrie', '+32 (0)2 284 9286' ) ;
insert into fax values ( 'acorrie', '+33 (0)3 88 17 9286' ) ;
insert into adrna values ( 'acorrie', 'Park of Tongland KIRKCUDBRIGHT DG6 4NE' ) ;

insert into pnom values ( 'blangenhagen', 'Frau Brigitte LANGENHAGEN' ) ;
insert into euprt values ( 'blangenhagen', 'EUPP', 2 ) ;
insert into naprt values ( 'blangenhagen', 'CDU' ) ;
insert into land values ( 'blangenhagen', 'DE' ) ;
insert into komit values ( 'blangenhagen', 'PECH', 8 ) ;
insert into komit values ( 'blangenhagen', 'CONT', 2 ) ;
insert into komit values ( 'blangenhagen', 'RETT', 1 ) ;
insert into deleg values ( 'blangenhagen', 'CN', 2 ) ;
insert into adreu values ( 'blangenhagen', 'European Parliament; Bât. Altiero Spinelli; 15E142; 60, rue Wiertz / Wiertzstraat 60; B-1047 Bruxelles/Brussel' ) ;
insert into adreu values ( 'blangenhagen', 'European Parliament; Bât. Louise Weiss; T10007; Allée du Printemps; BP 10024/F; F-67070 Strasbourg Cedex' ) ;
insert into fax values ( 'blangenhagen', '+32 (0)2 284 9325' ) ;
insert into fax values ( 'blangenhagen', '+33 (0)3 88 17 9325' ) ;
insert into mail values ( 'blangenhagen', 'blangenhagen@europarl.eu.int' ) ;
insert into http values ( 'blangenhagen', 'http://www.cdu-csu-ep.de' ) ;
insert into adrna values ( 'blangenhagen', 'Europabüro Konrad-Adenauer-Allee 1a D-27472 CUXHAVEN' ) ;

insert into pnom values ( 'hpmartin', 'Herr Hans-Peter MARTIN' ) ;
insert into euprt values ( 'hpmartin', 'PSE', 2 ) ;
insert into naprt values ( 'hpmartin', 'parteilos' ) ;
insert into land values ( 'hpmartin', 'AT' ) ;
insert into komit values ( 'hpmartin', 'AFCO', 2 ) ;
insert into komit values ( 'hpmartin', 'ITRE', 1 ) ;
insert into deleg values ( 'hpmartin', 'SK', 9 ) ;
insert into adreu values ( 'hpmartin', 'European Parliament; Bât. Altiero Spinelli; 14G301; 60, rue Wiertz / Wiertzstraat 60; B-1047 Bruxelles/Brussel' ) ;
insert into adreu values ( 'hpmartin', 'European Parliament; Bât. Louise Weiss; T06093; Allée du Printemps; BP 10024/F; F-67070 Strasbourg Cedex' ) ;
insert into fax values ( 'hpmartin', '+32 (0)2 284 9157' ) ;
insert into fax values ( 'hpmartin', '+33 (0)3 88 17 9157' ) ;
insert into mail values ( 'hpmartin', 'hpmartin@europarl.eu.int' ) ;
insert into adrna values ( 'hpmartin', 'Boecklinstraße 90 A-1020 WIEN' ) ;

insert into pnom values ( 'cprets', 'Frau Christa PRETS' ) ;
insert into euprt values ( 'cprets', 'PSE', 2 ) ;
insert into naprt values ( 'cprets', 'Sozialdemokratische Partei Österreichs' ) ;
insert into land values ( 'cprets', 'AT' ) ;
insert into komit values ( 'cprets', 'CULT', 2 ) ;
insert into komit values ( 'cprets', 'FEMM', 2 ) ;
insert into komit values ( 'cprets', 'AGRI', 1 ) ;
insert into deleg values ( 'cprets', 'RO', 2 ) ;
insert into deleg values ( 'cprets', 'LV', 1 ) ;
insert into adreu values ( 'cprets', 'European Parliament; Bât. Altiero Spinelli; 15G258; 60, rue Wiertz / Wiertzstraat 60; B-1047 Bruxelles/Brussel' ) ;
insert into adreu values ( 'cprets', 'European Parliament; Bât. Louise Weiss; T06091; Allée du Printemps; BP 10024/F; F-67070 Strasbourg Cedex' ) ;
insert into fax values ( 'cprets', '+32 (0)2 284 9591' ) ;
insert into fax values ( 'cprets', '+33 (0)3 88 17 9591' ) ;
insert into mail values ( 'cprets', 'cprets@europarl.eu.int' ) ;
insert into mail values ( 'cprets', 'eu-buero.prets@spoe.at' ) ;
insert into adrna values ( 'cprets', 'Technologiezentrum A-7000 EISENSTADT' ) ;

insert into pnom values ( 'msmet', 'Mevr. Miet SMET' ) ;
insert into euprt values ( 'msmet', 'EUPP', 5 ) ;
insert into naprt values ( 'msmet', 'Christen-Democratisch & Vlaams' ) ;
insert into land values ( 'msmet', 'BE' ) ;
insert into komit values ( 'msmet', 'EMPL', 2 ) ;
insert into komit values ( 'msmet', 'FEMM', 2 ) ;
insert into komit values ( 'msmet', 'LIBE', 1 ) ;
insert into deleg values ( 'msmet', 'ZA', 2 ) ;
insert into adreu values ( 'msmet', 'European Parliament; Bât. Altiero Spinelli; 08B020; 60, rue Wiertz / Wiertzstraat 60; B-1047 Bruxelles/Brussel' ) ;
insert into adreu values ( 'msmet', 'European Parliament; Bât. Louise Weiss; T12013-011; Allée du Printemps; BP 10024/F; F-67070 Strasbourg Cedex' ) ;
insert into fax values ( 'msmet', '+32 (0)2 284 9155' ) ;
insert into fax values ( 'msmet', '+33 (0)3 88 17 9155' ) ;
insert into adrna values ( 'msmet', 'Europees Parlement Wiertzstraat ASP 08 B 20  B-1047 BRUSSEL' ) ;

insert into pnom values ( 'vhecke', 'De Heer Johan VAN HECKE' ) ;
insert into euprt values ( 'vhecke', 'ELDR', 2 ) ;
insert into naprt values ( 'vhecke', 'Christen-Democratisch & Vlaams' ) ;
insert into land values ( 'vhecke', 'BE' ) ;
insert into komit values ( 'vhecke', 'AFET', 2 ) ;
insert into adreu values ( 'vhecke', 'European Parliament; Bât. Altiero Spinelli; 08F259; 60, rue Wiertz / Wiertzstraat 60; B-1047 Bruxelles/Brussel' ) ;
insert into adreu values ( 'vhecke', 'European Parliament; Bât. Louise Weiss; T09032; Allée du Printemps; BP 10024/F; F-67070 Strasbourg Cedex' ) ;
insert into fax values ( 'vhecke', '+32 (0)2 284 9354' ) ;
insert into fax values ( 'vhecke', '+33 (0)3 88 17 9354' ) ;
insert into http values ( 'vhecke', 'http://users.pandora.be/johanvanhecke' ) ;
insert into adrna values ( 'vhecke', 'Ernest Feysplein 6, appt. 61 B-8400 OOSTENDE' ) ;

insert into pnom values ( 'kscheele', 'Frau Karin SCHEELE' ) ;
insert into euprt values ( 'kscheele', 'PSE', 2 ) ;
insert into naprt values ( 'kscheele', 'Sozialdemokratische Partei Österreichs' ) ;
insert into land values ( 'kscheele', 'AT' ) ;
insert into komit values ( 'kscheele', 'ENVI', 2 ) ;
insert into komit values ( 'kscheele', 'DEVE', 1 ) ;
insert into komit values ( 'kscheele', 'FEMM', 1 ) ;
insert into deleg values ( 'kscheele', 'HU', 2 ) ;
insert into adreu values ( 'kscheele', 'European Parliament; Bât. Altiero Spinelli; 15G246; 60, rue Wiertz / Wiertzstraat 60; B-1047 Bruxelles/Brussel' ) ;
insert into adreu values ( 'kscheele', 'European Parliament; Bât. Louise Weiss; T06050; Allée du Printemps; BP 10024/F; F-67070 Strasbourg Cedex' ) ;
insert into fax values ( 'kscheele', '+32 (0)2 284 9397' ) ;
insert into fax values ( 'kscheele', '+33 (0)3 88 17 9397' ) ;
insert into mail values ( 'kscheele', 'kscheele@europarl.eu.int' ) ;
insert into http values ( 'kscheele', 'http://www.karinscheele.at' ) ;
insert into adrna values ( 'kscheele', 'Parlament EU-Büro der SPÖ Schenkenstraße, 8  A-1017 WIEN' ) ;

insert into pnom values ( 'dsterckx', 'De Heer Dirk STERCKX' ) ;
insert into euprt values ( 'dsterckx', 'ELDR', 8 ) ;
insert into naprt values ( 'dsterckx', 'Vlaamse liberalen en democraten' ) ;
insert into land values ( 'dsterckx', 'BE' ) ;
insert into komit values ( 'dsterckx', 'RETT', 2 ) ;
insert into komit values ( 'dsterckx', 'ENVI', 1 ) ;
insert into deleg values ( 'dsterckx', 'CZ', 1 ) ;
insert into deleg values ( 'dsterckx', 'US', 2 ) ;
insert into adreu values ( 'dsterckx', 'European Parliament; Bât. Altiero Spinelli; 11G142; 60, rue Wiertz / Wiertzstraat 60; B-1047 Bruxelles/Brussel' ) ;
insert into adreu values ( 'dsterckx', 'European Parliament; Bât. Louise Weiss; T11009; Allée du Printemps; BP 10024/F; F-67070 Strasbourg Cedex' ) ;
insert into fax values ( 'dsterckx', '+32 (0)2 284 9111' ) ;
insert into fax values ( 'dsterckx', '+33 (0)3 88 17 9111' ) ;
insert into mail values ( 'dsterckx', 'dsterckx@europarl.eu.int' ) ;
insert into http values ( 'dsterckx', 'http://www.sterckx.org' ) ;
insert into adrna values ( 'dsterckx', 'Europees Parlement Wiertzstraat ASP 11G142  B-1047 BRUSSEL' ) ;

insert into pnom values ( 'psorensen', 'Mevr. Patsy SÖRENSEN' ) ;
insert into euprt values ( 'psorensen', 'VERD', 2 ) ;
insert into naprt values ( 'psorensen', 'Anders gaan arbeiden, leven en vrijen' ) ;
insert into land values ( 'psorensen', 'BE' ) ;
insert into komit values ( 'psorensen', 'LIBE', 2 ) ;
insert into komit values ( 'psorensen', 'FEMM', 2 ) ;
insert into deleg values ( 'psorensen', 'PL', 2 ) ;
insert into adreu values ( 'psorensen', 'European Parliament; Bât. Altiero Spinelli; 08G269; 60, rue Wiertz / Wiertzstraat 60; B-1047 Bruxelles/Brussel' ) ;
insert into adreu values ( 'psorensen', 'European Parliament; Bât. Louise Weiss; T05085; Allée du Printemps; BP 10024/F; F-67070 Strasbourg Cedex' ) ;
insert into fax values ( 'psorensen', '+32 (0)2 284 9143' ) ;
insert into fax values ( 'psorensen', '+33 (0)3 88 17 9143' ) ;
insert into mail values ( 'psorensen', 'psorensen@europarl.eu.int' ) ;
insert into adrna values ( 'psorensen', 'Europees Parlement Wiertzstraat ASP 08G269  B-1047 BRUSSEL' ) ;

insert into pnom values ( 'okaras', 'Herr Othmar KARAS' ) ;
insert into euprt values ( 'okaras', 'EUPP', 7 ) ;
insert into naprt values ( 'okaras', 'Österreichische Volkspartei' ) ;
insert into land values ( 'okaras', 'AT' ) ;
insert into komit values ( 'okaras', 'ECON', 2 ) ;
insert into komit values ( 'okaras', 'JURI', 1 ) ;
insert into deleg values ( 'okaras', 'HU', 2 ) ;
insert into adreu values ( 'okaras', 'European Parliament; Bât. Altiero Spinelli; 13G130; 60, rue Wiertz / Wiertzstraat 60; B-1047 Bruxelles/Brussel' ) ;
insert into adreu values ( 'okaras', 'European Parliament; Bât. Louise Weiss; T09016; Allée du Printemps; BP 10024/F; F-67070 Strasbourg Cedex' ) ;
insert into fax values ( 'okaras', '+32 (0)2 284 9627' ) ;
insert into fax values ( 'okaras', '+33 (0)3 88 17 9627' ) ;
insert into adrna values ( 'okaras', 'Europäisches Parlament Rue Wiertz ASP 13G130  B-1047 BRÜSSEL' ) ;

insert into pnom values ( 'mhansenne', 'M. Michel HANSENNE' ) ;
insert into euprt values ( 'mhansenne', 'EUPP', 2 ) ;
insert into naprt values ( 'mhansenne', 'Parti social-chrétien' ) ;
insert into land values ( 'mhansenne', 'BE' ) ;
insert into komit values ( 'mhansenne', 'ITRE', 2 ) ;
insert into komit values ( 'mhansenne', 'AFCO', 1 ) ;
insert into deleg values ( 'mhansenne', 'JP', 2 ) ;
insert into adreu values ( 'mhansenne', 'European Parliament; Bât. Altiero Spinelli; 08F266; 60, rue Wiertz / Wiertzstraat 60; B-1047 Bruxelles/Brussel' ) ;
insert into adreu values ( 'mhansenne', 'European Parliament; Bât. Louise Weiss; T09030; Allée du Printemps; BP 10024/F; F-67070 Strasbourg Cedex' ) ;
insert into fax values ( 'mhansenne', '+32 (0)2 284 9509' ) ;
insert into fax values ( 'mhansenne', '+33 (0)3 88 17 9509' ) ;
insert into adrna values ( 'mhansenne', '28, rue des Deux Eglises B-4120 NEUPRÉ' ) ;

insert into pnom values ( 'wilgenfritz', 'Herr Wolfgang ILGENFRITZ' ) ;
insert into euprt values ( 'wilgenfritz', 'NON', 2 ) ;
insert into naprt values ( 'wilgenfritz', 'FPÖ' ) ;
insert into land values ( 'wilgenfritz', 'AT' ) ;
insert into komit values ( 'wilgenfritz', 'BUDG', 2 ) ;
insert into komit values ( 'wilgenfritz', 'CONT', 1 ) ;
insert into deleg values ( 'wilgenfritz', 'ChIsNo', 2 ) ;
insert into adreu values ( 'wilgenfritz', 'European Parliament; Bât. Altiero Spinelli; 14G310; 60, rue Wiertz / Wiertzstraat 60; B-1047 Bruxelles/Brussel' ) ;
insert into adreu values ( 'wilgenfritz', 'European Parliament; Bât. Louise Weiss; T11085; Allée du Printemps; BP 10024/F; F-67070 Strasbourg Cedex' ) ;
insert into fax values ( 'wilgenfritz', '+32 (0)2 284 9275' ) ;
insert into fax values ( 'wilgenfritz', '+33 (0)3 88 17 9275' ) ;
insert into mail values ( 'wilgenfritz', 'wilgenfritz@europarl.eu.int' ) ;
insert into http values ( 'wilgenfritz', 'http://www.ilgenfritz.at' ) ;
insert into adrna values ( 'wilgenfritz', 'Haydnstraße 5 A-9500 VILLACH' ) ;

insert into pnom values ( 'mecherer', 'Frau Raina A. Mercedes ECHERER' ) ;
insert into euprt values ( 'mecherer', 'VERD', 2 ) ;
insert into naprt values ( 'mecherer', 'Die Grünen - Die Grüne Alternative' ) ;
insert into land values ( 'mecherer', 'AT' ) ;
insert into komit values ( 'mecherer', 'CULT', 2 ) ;
insert into komit values ( 'mecherer', 'BUDG', 1 ) ;
insert into komit values ( 'mecherer', 'JURI', 1 ) ;
insert into deleg values ( 'mecherer', 'HU', 2 ) ;
insert into adreu values ( 'mecherer', 'European Parliament; Bât. Altiero Spinelli; 08G157; 60, rue Wiertz / Wiertzstraat 60; B-1047 Bruxelles/Brussel' ) ;
insert into adreu values ( 'mecherer', 'European Parliament; Bât. Louise Weiss; T05072; Allée du Printemps; BP 10024/F; F-67070 Strasbourg Cedex' ) ;
insert into fax values ( 'mecherer', '+32 (0)2 284 9215' ) ;
insert into fax values ( 'mecherer', '+33 (0)3 88 17 9215' ) ;
insert into adrna values ( 'mecherer', 'Schenkenstraße 8-10 A-1010 WIEN' ) ;

insert into pnom values ( 'rries', 'Mme Frédérique RIES' ) ;
insert into euprt values ( 'rries', 'ELDR', 2 ) ;
insert into naprt values ( 'rries', 'Parti réformateur libéral/Front démocratique des francophones' ) ;
insert into land values ( 'rries', 'BE' ) ;
insert into komit values ( 'rries', 'ENVI', 2 ) ;
insert into komit values ( 'rries', 'CULT', 1 ) ;
insert into deleg values ( 'rries', 'IL', 2 ) ;
insert into adreu values ( 'rries', 'European Parliament; Bât. Altiero Spinelli; 10G340; 60, rue Wiertz / Wiertzstraat 60; B-1047 Bruxelles/Brussel' ) ;
insert into adreu values ( 'rries', 'European Parliament; Bât. Louise Weiss; T11149; Allée du Printemps; BP 10024/F; F-67070 Strasbourg Cedex' ) ;
insert into fax values ( 'rries', '+32 (0)2 284 9615' ) ;
insert into fax values ( 'rries', '+33 (0)3 88 17 9615' ) ;
insert into adrna values ( 'rries', 'Parlement européen Rue Wiertz ASP 10G340  B-1047 BRUXELLES' ) ;

insert into pnom values ( 'mfrassoni', 'Sig.Ra Monica FRASSONI' ) ;
insert into euprt values ( 'mfrassoni', 'VERD', 'cop' ) ;
insert into naprt values ( 'mfrassoni', 'Ecolo' ) ;
insert into land values ( 'mfrassoni', 'BE' ) ;
insert into komit values ( 'mfrassoni', 'AFCO', 2 ) ;
insert into komit values ( 'mfrassoni', 'LIBE', 1 ) ;
insert into deleg values ( 'mfrassoni', 'CY', 1 ) ;
insert into deleg values ( 'mfrassoni', 'MERCOSUR', 2 ) ;
insert into adreu values ( 'mfrassoni', 'European Parliament; Bât. Altiero Spinelli; 08G206; 60, rue Wiertz / Wiertzstraat 60; B-1047 Bruxelles/Brussel' ) ;
insert into adreu values ( 'mfrassoni', 'European Parliament; Bât. Louise Weiss; T05070; Allée du Printemps; BP 10024/F; F-67070 Strasbourg Cedex' ) ;
insert into fax values ( 'mfrassoni', '+32 (0)2 284 9932' ) ;
insert into fax values ( 'mfrassoni', '+33 (0)3 88 17 9932' ) ;
insert into mail values ( 'mfrassoni', 'mfrassoni@europarl.eu.int' ) ;
insert into adrna values ( 'mfrassoni', '92 A, avenue Paul Deschanel B-1030 BRUXELLES' ) ;

insert into pnom values ( 'pjonckheer', 'M. Pierre JONCKHEER' ) ;
insert into euprt values ( 'pjonckheer', 'VERD', 8 ) ;
insert into naprt values ( 'pjonckheer', 'Ecolo' ) ;
insert into land values ( 'pjonckheer', 'BE' ) ;
insert into komit values ( 'pjonckheer', 'LIBE', 2 ) ;
insert into komit values ( 'pjonckheer', 'ECON', 1 ) ;
insert into deleg values ( 'pjonckheer', 'SK', 2 ) ;
insert into deleg values ( 'pjonckheer', 'HU', 1 ) ;
insert into adreu values ( 'pjonckheer', 'European Parliament; Bât. Altiero Spinelli; 08G115; 60, rue Wiertz / Wiertzstraat 60; B-1047 Bruxelles/Brussel' ) ;
insert into adreu values ( 'pjonckheer', 'European Parliament; Bât. Louise Weiss; T05068; Allée du Printemps; BP 10024/F; F-67070 Strasbourg Cedex' ) ;
insert into fax values ( 'pjonckheer', '+32 (0)2 284 9896' ) ;
insert into fax values ( 'pjonckheer', '+33 (0)3 88 17 9896' ) ;
insert into adrna values ( 'pjonckheer', 'Parlement européen Rue Wiertz ASP 8G115  B-1047 BRUXELLES' ) ;

insert into pnom values ( 'avatanen', ' Ari VATANEN' ) ;
insert into euprt values ( 'avatanen', 'EUPP', 2 ) ;
insert into naprt values ( 'avatanen', 'Kansallinen Kokoomus' ) ;
insert into land values ( 'avatanen', 'FI' ) ;
insert into komit values ( 'avatanen', 'RETT', 2 ) ;
insert into komit values ( 'avatanen', 'AGRI', 1 ) ;
insert into deleg values ( 'avatanen', 'HU', 2 ) ;
insert into deleg values ( 'avatanen', 'KaKgUz', 2 ) ;
insert into adreu values ( 'avatanen', 'European Parliament; Bât. Altiero Spinelli; 12E165; 60, rue Wiertz / Wiertzstraat 60; B-1047 Bruxelles/Brussel' ) ;
insert into adreu values ( 'avatanen', 'European Parliament; Bât. Louise Weiss; T09044; Allée du Printemps; BP 10024/F; F-67070 Strasbourg Cedex' ) ;
insert into fax values ( 'avatanen', '+32 (0)2 284 9995' ) ;
insert into fax values ( 'avatanen', '+33 (0)3 88 17 9995' ) ;
insert into mail values ( 'avatanen', 'avatanen@europarl.eu.int' ) ;
insert into adrna values ( 'avatanen', '19, Bd de Suisse MC-98000 MONACO' ) ;

insert into pnom values ( 'isuominen', ' Ilkka SUOMINEN' ) ;
insert into euprt values ( 'isuominen', 'EUPP', 8 ) ;
insert into naprt values ( 'isuominen', 'Kansallinen Kokoomus' ) ;
insert into land values ( 'isuominen', 'FI' ) ;
insert into komit values ( 'isuominen', 'AFET', 2 ) ;
insert into komit values ( 'isuominen', 'EMPL', 1 ) ;
insert into komit values ( 'isuominen', 'PECH', 1 ) ;
insert into deleg values ( 'isuominen', 'EE', 2 ) ;
insert into adreu values ( 'isuominen', 'European Parliament; Bât. Altiero Spinelli; 12E130; 60, rue Wiertz / Wiertzstraat 60; B-1047 Bruxelles/Brussel' ) ;
insert into adreu values ( 'isuominen', 'European Parliament; Bât. Louise Weiss; T09042; Allée du Printemps; BP 10024/F; F-67070 Strasbourg Cedex' ) ;
insert into fax values ( 'isuominen', '+32 (0)2 284 9647' ) ;
insert into fax values ( 'isuominen', '+33 (0)3 88 17 9647' ) ;
insert into mail values ( 'isuominen', 'ilkka.suominen@kokoomus.fi' ) ;
insert into adrna values ( 'isuominen', 'Euroopan parlamentti Rue Wiertz ASP 12E130  B-1047 BRYSSEL' ) ;

insert into pnom values ( 'pkauppi', ' Piia-Noora KAUPPI' ) ;
insert into euprt values ( 'pkauppi', 'EUPP', 2 ) ;
insert into naprt values ( 'pkauppi', 'Kansallinen Kokoomus' ) ;
insert into land values ( 'pkauppi', 'FI' ) ;
insert into komit values ( 'pkauppi', 'ECON', 2 ) ;
insert into komit values ( 'pkauppi', 'JURI', 1 ) ;
insert into deleg values ( 'pkauppi', 'US', 2 ) ;
insert into adreu values ( 'pkauppi', 'European Parliament; Bât. Altiero Spinelli; 12E169; 60, rue Wiertz / Wiertzstraat 60; B-1047 Bruxelles/Brussel' ) ;
insert into adreu values ( 'pkauppi', 'European Parliament; Bât. Louise Weiss; T09040; Allée du Printemps; BP 10024/F; F-67070 Strasbourg Cedex' ) ;
insert into fax values ( 'pkauppi', '+32 (0)2 284 9894' ) ;
insert into fax values ( 'pkauppi', '+33 (0)3 88 17 9894' ) ;
insert into mail values ( 'pkauppi', 'pkauppi@europarl.eu.int' ) ;
insert into http values ( 'pkauppi', 'http://www.kauppi.net' ) ;
insert into adrna values ( 'pkauppi', 'Pohjois-Pohjanmaan Kokoomus / Kauppi Pakkahuoneenkatu 12 B FIN-90100 OULU' ) ;

insert into pnom values ( 'mpesala', ' Mikko PESÄLÄ' ) ;
insert into euprt values ( 'mpesala', 'ELDR', 2 ) ;
insert into naprt values ( 'mpesala', 'Suomen Keskusta' ) ;
insert into land values ( 'mpesala', 'FI' ) ;
insert into komit values ( 'mpesala', 'AGRI', 2 ) ;
insert into komit values ( 'mpesala', 'ECON', 1 ) ;
insert into deleg values ( 'mpesala', 'AuNz', 2 ) ;
insert into adreu values ( 'mpesala', 'European Parliament; Bât. Altiero Spinelli; 10G246; 60, rue Wiertz / Wiertzstraat 60; B-1047 Bruxelles/Brussel' ) ;
insert into adreu values ( 'mpesala', 'European Parliament; Bât. Louise Weiss; T11053; Allée du Printemps; BP 10024/F; F-67070 Strasbourg Cedex' ) ;
insert into fax values ( 'mpesala', '+32 (0)2 284 9849' ) ;
insert into fax values ( 'mpesala', '+33 (0)3 88 17 9849' ) ;
insert into mail values ( 'mpesala', 'mpesala@europarl.eu.int' ) ;
insert into adrna values ( 'mpesala', 'Pesäläntie 42  FIN-47400 KAUSALA' ) ;

insert into pnom values ( 'ekorhola', ' Eija-Riitta Anneli KORHOLA' ) ;
insert into euprt values ( 'ekorhola', 'EUPP', 2 ) ;
insert into naprt values ( 'ekorhola', 'Suomen kristillisdemokraatit rp' ) ;
insert into land values ( 'ekorhola', 'FI' ) ;
insert into komit values ( 'ekorhola', 'ENVI', 2 ) ;
insert into komit values ( 'ekorhola', 'AFET', 1 ) ;
insert into deleg values ( 'ekorhola', 'LV', 2 ) ;
insert into adreu values ( 'ekorhola', 'European Parliament; Bât. Altiero Spinelli; 12E157; 60, rue Wiertz / Wiertzstraat 60; B-1047 Bruxelles/Brussel' ) ;
insert into adreu values ( 'ekorhola', 'European Parliament; Bât. Louise Weiss; T09046; Allée du Printemps; BP 10024/F; F-67070 Strasbourg Cedex' ) ;
insert into fax values ( 'ekorhola', '+32 (0)2 284 9472' ) ;
insert into fax values ( 'ekorhola', '+33 (0)3 88 17 9472' ) ;
insert into mail values ( 'ekorhola', 'ekorhola@europarl.eu.int' ) ;
insert into mail values ( 'ekorhola', 'eija-riitta.korhola@kristillisdemokraatit.fi' ) ;
insert into http values ( 'ekorhola', 'http://www.korhola.com' ) ;
insert into adrna values ( 'ekorhola', 'Orapihlajatie 3 A 4 FIN-00320 HELSINKI' ) ;

insert into pnom values ( 'mwuori', ' Matti WUORI' ) ;
insert into euprt values ( 'mwuori', 'VERD', 2 ) ;
insert into naprt values ( 'mwuori', '----' ) ;
insert into land values ( 'mwuori', 'FI' ) ;
insert into komit values ( 'mwuori', 'AFET', 2 ) ;
insert into komit values ( 'mwuori', 'JURI', 1 ) ;
insert into deleg values ( 'mwuori', 'EE', 2 ) ;
insert into adreu values ( 'mwuori', 'European Parliament; Bât. Altiero Spinelli; 08G217; 60, rue Wiertz / Wiertzstraat 60; B-1047 Bruxelles/Brussel' ) ;
insert into adreu values ( 'mwuori', 'European Parliament; Bât. Louise Weiss; T05042; Allée du Printemps; BP 10024/F; F-67070 Strasbourg Cedex' ) ;
insert into fax values ( 'mwuori', '+32 (0)2 284 9376' ) ;
insert into fax values ( 'mwuori', '+33 (0)3 88 17 9376' ) ;
insert into mail values ( 'mwuori', 'mwuori@europarl.eu.int' ) ;
insert into adrna values ( 'mwuori', 'Arkadiankatu 12 B 48 FIN-00100 HELSINKI' ) ;

insert into pnom values ( 'jleinen', 'Herr Jo LEINEN' ) ;
insert into euprt values ( 'jleinen', 'PSE', 2 ) ;
insert into naprt values ( 'jleinen', 'SPD' ) ;
insert into land values ( 'jleinen', 'DE' ) ;
insert into komit values ( 'jleinen', 'AFCO', 8 ) ;
insert into komit values ( 'jleinen', 'AFET', 1 ) ;
insert into deleg values ( 'jleinen', 'RO', 2 ) ;
insert into adreu values ( 'jleinen', 'European Parliament; Bât. Altiero Spinelli; 12G158; 60, rue Wiertz / Wiertzstraat 60; B-1047 Bruxelles/Brussel' ) ;
insert into adreu values ( 'jleinen', 'European Parliament; Bât. Louise Weiss; T07013; Allée du Printemps; BP 10024/F; F-67070 Strasbourg Cedex' ) ;
insert into fax values ( 'jleinen', '+32 (0)2 284 9842' ) ;
insert into fax values ( 'jleinen', '+33 (0)3 88 17 9842' ) ;
insert into http values ( 'jleinen', 'http://www.joleinen.de' ) ;
insert into adrna values ( 'jleinen', 'Dragonerstr. 7 D-66117 SAARBRÜCKEN' ) ;

insert into pnom values ( 'mkessler', 'Frau Margot KESSLER' ) ;
insert into euprt values ( 'mkessler', 'PSE', 2 ) ;
insert into naprt values ( 'mkessler', 'SPD' ) ;
insert into land values ( 'mkessler', 'DE' ) ;
insert into komit values ( 'mkessler', 'LIBE', 2 ) ;
insert into komit values ( 'mkessler', 'PETI', 2 ) ;
insert into komit values ( 'mkessler', 'DEVE', 1 ) ;
insert into deleg values ( 'mkessler', 'BG', 2 ) ;
insert into adreu values ( 'mkessler', 'European Parliament; Bât. Altiero Spinelli; 12G246; 60, rue Wiertz / Wiertzstraat 60; B-1047 Bruxelles/Brussel' ) ;
insert into adreu values ( 'mkessler', 'European Parliament; Bât. Louise Weiss; T07015; Allée du Printemps; BP 10024/F; F-67070 Strasbourg Cedex' ) ;
insert into fax values ( 'mkessler', '+32 (0)2 284 9718' ) ;
insert into fax values ( 'mkessler', '+33 (0)3 88 17 9718' ) ;
insert into adrna values ( 'mkessler', 'F.-Schlufter  23-25 D-99706 SONDERHAUSEN' ) ;

insert into pnom values ( 'gfarm', 'Hr Göran FÄRM' ) ;
insert into euprt values ( 'gfarm', 'PSE', 2 ) ;
insert into naprt values ( 'gfarm', 'Socialdemokratiska arbetarepartiet' ) ;
insert into land values ( 'gfarm', 'SE' ) ;
insert into komit values ( 'gfarm', 'BUDG', 2 ) ;
insert into komit values ( 'gfarm', 'ECON', 1 ) ;
insert into deleg values ( 'gfarm', 'Balkan', 2 ) ;
insert into adreu values ( 'gfarm', 'European Parliament; Bât. Altiero Spinelli; 14G309; 60, rue Wiertz / Wiertzstraat 60; B-1047 Bruxelles/Brussel' ) ;
insert into adreu values ( 'gfarm', 'European Parliament; Bât. Louise Weiss; T07085; Allée du Printemps; BP 10024/F; F-67070 Strasbourg Cedex' ) ;
insert into fax values ( 'gfarm', '+32 (0)2 284 9527' ) ;
insert into fax values ( 'gfarm', '+33 (0)3 88 17 9527' ) ;
insert into mail values ( 'gfarm', 'gfarm@europarl.eu.int' ) ;
insert into mail values ( 'gfarm', 'goran.farm@norrkoping.se' ) ;
insert into http values ( 'gfarm', 'http://goranfarm.nu' ) ;
insert into adrna values ( 'gfarm', 'Herrebrogatan 64 S-603 80 NORRKÖPING' ) ;

insert into pnom values ( 'ehedkvist', 'Fru Ewa HEDKVIST PETERSEN' ) ;
insert into euprt values ( 'ehedkvist', 'PSE', 2 ) ;
insert into naprt values ( 'ehedkvist', 'Socialdemokratiska arbetarepartiet' ) ;
insert into land values ( 'ehedkvist', 'SE' ) ;
insert into komit values ( 'ehedkvist', 'RETT', 2 ) ;
insert into komit values ( 'ehedkvist', 'LIBE', 1 ) ;
insert into deleg values ( 'ehedkvist', 'RU', 2 ) ;
insert into adreu values ( 'ehedkvist', 'European Parliament; Bât. Altiero Spinelli; 14G317; 60, rue Wiertz / Wiertzstraat 60; B-1047 Bruxelles/Brussel' ) ;
insert into adreu values ( 'ehedkvist', 'European Parliament; Bât. Louise Weiss; T07073; Allée du Printemps; BP 10024/F; F-67070 Strasbourg Cedex' ) ;
insert into fax values ( 'ehedkvist', '+32 (0)2 284 9262' ) ;
insert into fax values ( 'ehedkvist', '+33 (0)3 88 17 9262' ) ;
insert into mail values ( 'ehedkvist', 'ehedkvist@europarl.eu.int' ) ;
insert into adrna values ( 'ehedkvist', 'Norra Strandgatan 8 B S-972 39 LULEÅ' ) ;

insert into pnom values ( 'ubullmann', 'Herr Hans Udo BULLMANN' ) ;
insert into euprt values ( 'ubullmann', 'PSE', 2 ) ;
insert into naprt values ( 'ubullmann', 'SPD' ) ;
insert into land values ( 'ubullmann', 'DE' ) ;
insert into komit values ( 'ubullmann', 'ECON', 2 ) ;
insert into komit values ( 'ubullmann', 'EMPL', 1 ) ;
insert into adreu values ( 'ubullmann', 'European Parliament; Bât. Altiero Spinelli; 12G169; 60, rue Wiertz / Wiertzstraat 60; B-1047 Bruxelles/Brussel' ) ;
insert into adreu values ( 'ubullmann', 'European Parliament; Bât. Louise Weiss; T07037; Allée du Printemps; BP 10024/F; F-67070 Strasbourg Cedex' ) ;
insert into fax values ( 'ubullmann', '+32 (0)2 284 9342' ) ;
insert into fax values ( 'ubullmann', '+33 (0)3 88 17 9342' ) ;
insert into mail values ( 'ubullmann', 'ubullmann@europarl.eu.int' ) ;
insert into adrna values ( 'ubullmann', 'SPD Europabüro Hessen-Süd Fischerfeldstrasse 7-11 D-60311 FRANKFURT/M.' ) ;

insert into pnom values ( 'rmueller', 'Frau Rosemarie MÜLLER') ;
insert into euprt values ( 'rmueller', 'PSE', 2 ) ;
insert into naprt values ( 'rmueller', 'SPD' ) ;
insert into land values ( 'rmueller', 'DE' ) ;
insert into komit values ( 'rmueller', 'ENVI', 2 ) ;
insert into komit values ( 'rmueller', 'AGRI', 1 ) ;
insert into deleg values ( 'rmueller', 'SI', 2 ) ;
insert into deleg values ( 'rmueller', 'BG', 1 ) ;
insert into adreu values ( 'rmueller', 'European Parliament; Bât. Altiero Spinelli; 12G210; 60, rue Wiertz / Wiertzstraat 60; B-1047 Bruxelles/Brussel' ) ;
insert into adreu values ( 'rmueller', 'European Parliament; Bât. Louise Weiss; T07018; Allée du Printemps; BP 10024/F; F-67070 Strasbourg Cedex' ) ;
insert into fax values ( 'rmueller', '+32 (0)2 284 9389' ) ;
insert into fax values ( 'rmueller', '+33 (0)3 88 17 9389' ) ;
insert into http values ( 'rmueller', 'http://www.rosemariemueller.de' ) ;
insert into adrna values ( 'rmueller', 'Europäisches Parlament Rue Wiertz ASP 12G210  B-1047 BRÜSSEL' ) ;

insert into pnom values ( 'aarvidsson', 'Hr Per-Arne ARVIDSSON' ) ;
insert into euprt values ( 'aarvidsson', 'EUPP', 2 ) ;
insert into naprt values ( 'aarvidsson', 'Moderata samlingspartiet' ) ;
insert into land values ( 'aarvidsson', 'SE' ) ;
insert into komit values ( 'aarvidsson', 'ENVI', 2 ) ;
insert into komit values ( 'aarvidsson', 'CULT', 1 ) ;
insert into deleg values ( 'aarvidsson', 'CZ', 2 ) ;
insert into deleg values ( 'aarvidsson', 'EEA', 1 ) ;
insert into adreu values ( 'aarvidsson', 'European Parliament; Bât. Altiero Spinelli; 07F349; 60, rue Wiertz / Wiertzstraat 60; B-1047 Bruxelles/Brussel' ) ;
insert into adreu values ( 'aarvidsson', 'European Parliament; Bât. Louise Weiss; T09048; Allée du Printemps; BP 10024/F; F-67070 Strasbourg Cedex' ) ;
insert into fax values ( 'aarvidsson', '+32 (0)2 284 9264' ) ;
insert into fax values ( 'aarvidsson', '+33 (0)3 88 17 9264' ) ;
insert into adrna values ( 'aarvidsson', 'Södra Strandvägen 8 C S-832 43 FRÖSÖN' ) ;

insert into pnom values ( 'mpaulsen', 'Fru Marit PAULSEN' ) ;
insert into euprt values ( 'mpaulsen', 'ELDR', 2 ) ;
insert into naprt values ( 'mpaulsen', 'Folkpartiet liberalerna' ) ;
insert into land values ( 'mpaulsen', 'SE' ) ;
insert into komit values ( 'mpaulsen', 'ENVI', 2 ) ;
insert into komit values ( 'mpaulsen', 'RETT', 1 ) ;
insert into deleg values ( 'mpaulsen', 'PL', 1 ) ;
insert into deleg values ( 'mpaulsen', 'AuNz', 2 ) ;
insert into adreu values ( 'mpaulsen', 'European Parliament; Bât. Altiero Spinelli; 11G157; 60, rue Wiertz / Wiertzstraat 60; B-1047 Bruxelles/Brussel' ) ;
insert into adreu values ( 'mpaulsen', 'European Parliament; Bât. Louise Weiss; T11041; Allée du Printemps; BP 10024/F; F-67070 Strasbourg Cedex' ) ;
insert into fax values ( 'mpaulsen', '+32 (0)2 284 9621' ) ;
insert into fax values ( 'mpaulsen', '+33 (0)3 88 17 9621' ) ;
insert into mail values ( 'mpaulsen', 'mpaulsen@europarl.eu.int' ) ;
insert into http values ( 'mpaulsen', 'http://www.marit.nu' ) ;
insert into adrna values ( 'mpaulsen', '24, avenue des Lucanes B-1170 WATERMAEL-BOISFORT (BRUXELLES)' ) ;

insert into pnom values ( 'ejeggle', 'Frau Elisabeth JEGGLE' ) ;
insert into euprt values ( 'ejeggle', 'EUPP', 2 ) ;
insert into naprt values ( 'ejeggle', 'CDU' ) ;
insert into land values ( 'ejeggle', 'DE' ) ;
insert into komit values ( 'ejeggle', 'AGRI', 2 ) ;
insert into komit values ( 'ejeggle', 'RETT', 1 ) ;
insert into deleg values ( 'ejeggle', 'KaKgUz', 2 ) ;
insert into adreu values ( 'ejeggle', 'European Parliament; Bât. Altiero Spinelli; 10E209; 60, rue Wiertz / Wiertzstraat 60; B-1047 Bruxelles/Brussel' ) ;
insert into adreu values ( 'ejeggle', 'European Parliament; Bât. Louise Weiss; T10080; Allée du Printemps; BP 10024/F; F-67070 Strasbourg Cedex' ) ;
insert into fax values ( 'ejeggle', '+32 (0)2 284 9351' ) ;
insert into fax values ( 'ejeggle', '+33 (0)3 88 17 9351' ) ;
insert into mail values ( 'ejeggle', 'ejeggle@europarl.eu.int' ) ;
insert into http values ( 'ejeggle', 'http://www.cdu-csu-ep.de' ) ;
insert into adrna values ( 'ejeggle', 'Bahnhofstraße 8 D-88250 WEINGARTEN' ) ;

insert into pnom values ( 'ischmitt', 'Herr Ingo SCHMITT' ) ;
insert into euprt values ( 'ischmitt', 'EUPP', 2 ) ;
insert into naprt values ( 'ischmitt', 'CDU' ) ;
insert into land values ( 'ischmitt', 'DE' ) ;
insert into komit values ( 'ischmitt', 'RETT', 2 ) ;
insert into komit values ( 'ischmitt', 'LIBE', 1 ) ;
insert into deleg values ( 'ischmitt', 'CAMx', 2 ) ;
insert into adreu values ( 'ischmitt', 'European Parliament; Bât. Altiero Spinelli; 10E246; 60, rue Wiertz / Wiertzstraat 60; B-1047 Bruxelles/Brussel' ) ;
insert into adreu values ( 'ischmitt', 'European Parliament; Bât. Louise Weiss; T10010; Allée du Printemps; BP 10024/F; F-67070 Strasbourg Cedex' ) ;
insert into fax values ( 'ischmitt', '+32 (0)2 284 9442' ) ;
insert into fax values ( 'ischmitt', '+33 (0)3 88 17 9442' ) ;
insert into http values ( 'ischmitt', 'http://www.ingo-schmitt.de' ) ;
insert into adrna values ( 'ischmitt', 'Europäisches Parlament Rue Wiertz ASP 10E246  B-1047 BRÜSSEL' ) ;

insert into pnom values ( 'cmalmstrom', 'Fru Cecilia MALMSTRÖM' ) ;
insert into euprt values ( 'cmalmstrom', 'ELDR', 5 ) ;
insert into naprt values ( 'cmalmstrom', 'Folkpartiet liberalerna' ) ;
insert into land values ( 'cmalmstrom', 'SE' ) ;
insert into komit values ( 'cmalmstrom', 'AFET', 2 ) ;
insert into komit values ( 'cmalmstrom', 'AFCO', 1 ) ;
insert into deleg values ( 'cmalmstrom', 'HU', 8 ) ;
insert into deleg values ( 'cmalmstrom', 'LV', 1 ) ;
insert into deleg values ( 'cmalmstrom', 'CAMx', 2 ) ;
insert into adreu values ( 'cmalmstrom', 'European Parliament; Bât. Altiero Spinelli; 11G153; 60, rue Wiertz / Wiertzstraat 60; B-1047 Bruxelles/Brussel' ) ;
insert into adreu values ( 'cmalmstrom', 'European Parliament; Bât. Louise Weiss; T11039; Allée du Printemps; BP 10024/F; F-67070 Strasbourg Cedex' ) ;
insert into fax values ( 'cmalmstrom', '+32 (0)2 284 9541' ) ;
insert into fax values ( 'cmalmstrom', '+33 (0)3 88 17 9541' ) ;
insert into mail values ( 'cmalmstrom', 'cmalmstrom@europarl.eu.int' ) ;
insert into mail values ( 'cmalmstrom', 'cecilia@liberal.se' ) ;
insert into http values ( 'cmalmstrom', 'http://www.cecilia.nu' ) ;
insert into adrna values ( 'cmalmstrom', 'Landsvägsgatan 21 S-413 04 GÖTEBORG' ) ;

insert into pnom values ( 'oschmidt', 'Hr Olle SCHMIDT' ) ;
insert into euprt values ( 'oschmidt', 'ELDR', 2 ) ;
insert into naprt values ( 'oschmidt', 'Folkpartiet liberalerna' ) ;
insert into land values ( 'oschmidt', 'SE' ) ;
insert into komit values ( 'oschmidt', 'ECON', 2 ) ;
insert into komit values ( 'oschmidt', 'LIBE', 1 ) ;
insert into komit values ( 'oschmidt', 'FEMM', 1 ) ;
insert into deleg values ( 'oschmidt', 'SK', 2 ) ;
insert into deleg values ( 'oschmidt', 'JP', 2 ) ;
insert into adreu values ( 'oschmidt', 'European Parliament; Bât. Altiero Spinelli; 10G157; 60, rue Wiertz / Wiertzstraat 60; B-1047 Bruxelles/Brussel' ) ;
insert into adreu values ( 'oschmidt', 'European Parliament; Bât. Louise Weiss; T11043; Allée du Printemps; BP 10024/F; F-67070 Strasbourg Cedex' ) ;
insert into fax values ( 'oschmidt', '+32 (0)2 284 9548' ) ;
insert into fax values ( 'oschmidt', '+33 (0)3 88 17 9548' ) ;
insert into mail values ( 'oschmidt', 'o.schmidt@telia.com' ) ;
insert into adrna values ( 'oschmidt', 'Fläderbärsgatan 14 S-212 29  MALMÖ' ) ;

insert into pnom values ( 'pmayer', 'Herr Hans-Peter MAYER' ) ;
insert into euprt values ( 'pmayer', 'EUPP', 2 ) ;
insert into naprt values ( 'pmayer', 'CDU' ) ;
insert into land values ( 'pmayer', 'DE' ) ;
insert into komit values ( 'pmayer', 'ECON', 2 ) ;
insert into komit values ( 'pmayer', 'AGRI', 1 ) ;
insert into komit values ( 'pmayer', 'JURI', 1 ) ;
insert into deleg values ( 'pmayer', 'Balkan', 2 ) ;
insert into adreu values ( 'pmayer', 'European Parliament; Bât. Altiero Spinelli; 15E154; 60, rue Wiertz / Wiertzstraat 60; B-1047 Bruxelles/Brussel' ) ;
insert into adreu values ( 'pmayer', 'European Parliament; Bât. Louise Weiss; T10002; Allée du Printemps; BP 10024/F; F-67070 Strasbourg Cedex' ) ;
insert into fax values ( 'pmayer', '+32 (0)2 284 9994' ) ;
insert into fax values ( 'pmayer', '<TR><TD colspan="2"><HR></TD></TR>' ) ;
insert into mail values ( 'pmayer', 'europa-mayer@t-online.de' ) ;
insert into http values ( 'pmayer', 'http://www.cdu-csu-ep.de' ) ;
insert into adrna values ( 'pmayer', 'Felix-Oberborbeck-Straße 15 D-49377 VECHTA' ) ;

insert into pnom values ( 'awijkman', 'Hr Anders WIJKMAN' ) ;
insert into euprt values ( 'awijkman', 'EUPP', 2 ) ;
insert into naprt values ( 'awijkman', 'Kristdemokraterna' ) ;
insert into land values ( 'awijkman', 'SE' ) ;
insert into komit values ( 'awijkman', 'DEVE', 8 ) ;
insert into komit values ( 'awijkman', 'ITRE', 1 ) ;
insert into adreu values ( 'awijkman', 'European Parliament; Bât. Altiero Spinelli; 07F265; 60, rue Wiertz / Wiertzstraat 60; B-1047 Bruxelles/Brussel' ) ;
insert into adreu values ( 'awijkman', 'European Parliament; Bât. Louise Weiss; T09052; Allée du Printemps; BP 10024/F; F-67070 Strasbourg Cedex' ) ;
insert into fax values ( 'awijkman', '+32 (0)2 284 9401' ) ;
insert into fax values ( 'awijkman', '+33 (0)3 88 17 9401' ) ;
insert into adrna values ( 'awijkman', 'Artillerigatan, 46 S-114 45 STOCKHOLM' ) ;

insert into pnom values ( 'eklamt', 'Frau Ewa KLAMT' ) ;
insert into euprt values ( 'eklamt', 'EUPP', 2 ) ;
insert into naprt values ( 'eklamt', 'CDU' ) ;
insert into land values ( 'eklamt', 'DE' ) ;
insert into komit values ( 'eklamt', 'LIBE', 2 ) ;
insert into komit values ( 'eklamt', 'BUDG', 1 ) ;
insert into deleg values ( 'eklamt', 'AuNz', 2 ) ;
insert into adreu values ( 'eklamt', 'European Parliament; Bât. Altiero Spinelli; 15E146; 60, rue Wiertz / Wiertzstraat 60; B-1047 Bruxelles/Brussel' ) ;
insert into adreu values ( 'eklamt', 'European Parliament; Bât. Louise Weiss; T10082; Allée du Printemps; BP 10024/F; F-67070 Strasbourg Cedex' ) ;
insert into fax values ( 'eklamt', '+32 (0)2 284 9971' ) ;
insert into fax values ( 'eklamt', '+33 (0)3 88 17 9971' ) ;
insert into http values ( 'eklamt', 'http://www.cdu-csu-ep.de' ) ;
insert into adrna values ( 'eklamt', 'Europa-Büro Hamburger Straße 37 D-38518 GIFHORN' ) ;

insert into pnom values ( 'rhieronymi', 'Frau Ruth HIERONYMI' ) ;
insert into euprt values ( 'rhieronymi', 'EUPP', 2 ) ;
insert into naprt values ( 'rhieronymi', 'CDU' ) ;
insert into land values ( 'rhieronymi', 'DE' ) ;
insert into komit values ( 'rhieronymi', 'CULT', 2 ) ;
insert into komit values ( 'rhieronymi', 'EMPL', 1 ) ;
insert into deleg values ( 'rhieronymi', 'PL', 2 ) ;
insert into deleg values ( 'rhieronymi', 'LT', 1 ) ;
insert into adreu values ( 'rhieronymi', 'European Parliament; Bât. Altiero Spinelli; 15E261; 60, rue Wiertz / Wiertzstraat 60; B-1047 Bruxelles/Brussel' ) ;
insert into adreu values ( 'rhieronymi', 'European Parliament; Bât. Louise Weiss; T10078; Allée du Printemps; BP 10024/F; F-67070 Strasbourg Cedex' ) ;
insert into fax values ( 'rhieronymi', '+32 (0)2 284 9859' ) ;
insert into fax values ( 'rhieronymi', '+33 (0)3 88 17 9859' ) ;
insert into mail values ( 'rhieronymi', 'rhieronymi@europarl.eu.int' ) ;
insert into http values ( 'rhieronymi', 'http://www.cdu-csu-ep.de' ) ;
insert into adrna values ( 'rhieronymi', 'Marienstraße 8 D-53225 BONN' ) ;

insert into pnom values ( 'alaschet', 'Herr Armin LASCHET' ) ;
insert into euprt values ( 'alaschet', 'EUPP', 2 ) ;
insert into naprt values ( 'alaschet', 'CDU' ) ;
insert into land values ( 'alaschet', 'DE' ) ;
insert into komit values ( 'alaschet', 'AFET', 2 ) ;
insert into komit values ( 'alaschet', 'BUDG', 1 ) ;
insert into deleg values ( 'alaschet', 'EE', 2 ) ;
insert into deleg values ( 'alaschet', 'PL', 1 ) ;
insert into adreu values ( 'alaschet', 'European Parliament; Bât. Altiero Spinelli; 10E146; 60, rue Wiertz / Wiertzstraat 60; B-1047 Bruxelles/Brussel' ) ;
insert into adreu values ( 'alaschet', 'European Parliament; Bât. Louise Weiss; T10086; Allée du Printemps; BP 10024/F; F-67070 Strasbourg Cedex' ) ;
insert into fax values ( 'alaschet', '+32 (0)2 284 9567' ) ;
insert into fax values ( 'alaschet', '+33 (0)3 88 17 9567' ) ;
insert into mail values ( 'alaschet', 'alaschet@europarl.eu.int' ) ;
insert into http values ( 'alaschet', 'http://www.cdu-csu-ep.de' ) ;
insert into adrna values ( 'alaschet', 'Jakobstraße 117 D-52064 AACHEN' ) ;

insert into pnom values ( 'rzimmerling', 'Herr Jürgen ZIMMERLING' ) ;
insert into euprt values ( 'rzimmerling', 'EUPP', 2 ) ;
insert into naprt values ( 'rzimmerling', 'CDU' ) ;
insert into land values ( 'rzimmerling', 'DE' ) ;
insert into komit values ( 'rzimmerling', 'DEVE', 2 ) ;
insert into komit values ( 'rzimmerling', 'ITRE', 1 ) ;
insert into deleg values ( 'rzimmerling', 'CY', 1 ) ;
insert into adreu values ( 'rzimmerling', 'European Parliament; Bât. Altiero Spinelli; 15E116; 60, rue Wiertz / Wiertzstraat 60; B-1047 Bruxelles/Brussel' ) ;
insert into adreu values ( 'rzimmerling', 'European Parliament; Bât. Louise Weiss; T10018; Allée du Printemps; BP 10024/F; F-67070 Strasbourg Cedex' ) ;
insert into fax values ( 'rzimmerling', '+32 (0)2 284 9868' ) ;
insert into fax values ( 'rzimmerling', '+33 (0)3 88 17 9868' ) ;
insert into http values ( 'rzimmerling', 'http://www.cdu-csu-ep.de' ) ;
insert into adrna values ( 'rzimmerling', 'Hagmanngarten 3 D-45246 ESSEN' ) ;

insert into pnom values ( 'rsommer', 'Frau Renate SOMMER' ) ;
insert into euprt values ( 'rsommer', 'EUPP', 2 ) ;
insert into naprt values ( 'rsommer', 'CDU' ) ;
insert into land values ( 'rsommer', 'DE' ) ;
insert into komit values ( 'rsommer', 'RETT', 2 ) ;
insert into komit values ( 'rsommer', 'ENVI', 1 ) ;
insert into deleg values ( 'rsommer', 'TR', 2 ) ;
insert into adreu values ( 'rsommer', 'European Parliament; Bât. Altiero Spinelli; 10E154; 60, rue Wiertz / Wiertzstraat 60; B-1047 Bruxelles/Brussel' ) ;
insert into adreu values ( 'rsommer', 'European Parliament; Bât. Louise Weiss; T10012; Allée du Printemps; BP 10024/F; F-67070 Strasbourg Cedex' ) ;
insert into fax values ( 'rsommer', '+32 (0)2 284 9383' ) ;
insert into fax values ( 'rsommer', '+33 (0)3 88 17 9383' ) ;
insert into mail values ( 'rsommer', 'rsommer@europarl.eu.int' ) ;
insert into http values ( 'rsommer', 'http://www.cdu-csu-ep.de' ) ;
insert into adrna values ( 'rsommer', 'Schulstraße 28 D-44623 HERNE' ) ;

insert into pnom values ( 'klechner', 'Herr Kurt LECHNER' ) ;
insert into euprt values ( 'klechner', 'EUPP', 2 ) ;
insert into naprt values ( 'klechner', 'CDU' ) ;
insert into land values ( 'klechner', 'DE' ) ;
insert into komit values ( 'klechner', 'JURI', 2 ) ;
insert into komit values ( 'klechner', 'LIBE', 1 ) ;
insert into deleg values ( 'klechner', 'UA', 2 ) ;
insert into adreu values ( 'klechner', 'European Parliament; Bât. Altiero Spinelli; 15E253; 60, rue Wiertz / Wiertzstraat 60; B-1047 Bruxelles/Brussel' ) ;
insert into adreu values ( 'klechner', 'European Parliament; Bât. Louise Weiss; T10088; Allée du Printemps; BP 10024/F; F-67070 Strasbourg Cedex' ) ;
insert into fax values ( 'klechner', '+32 (0)2 284 9826' ) ;
insert into fax values ( 'klechner', '+33 (0)3 88 17 9826' ) ;
insert into mail values ( 'klechner', 'klechner@europarl.eu.int' ) ;
insert into http values ( 'klechner', 'http://www.cdu-csu-ep.de' ) ;
insert into adrna values ( 'klechner', 'Hauptstraße 52 D-67714 WALDFISCHBACH-BURGALBEN' ) ;

insert into pnom values ( 'szissener', 'Frau Sabine ZISSENER' ) ;
insert into euprt values ( 'szissener', 'EUPP', 2 ) ;
insert into naprt values ( 'szissener', 'CDU' ) ;
insert into land values ( 'szissener', 'DE' ) ;
insert into komit values ( 'szissener', 'CULT', 2 ) ;
insert into komit values ( 'szissener', 'FEMM', 2 ) ;
insert into komit values ( 'szissener', 'EMPL', 1 ) ;
insert into deleg values ( 'szissener', 'PLC', 2 ) ;
insert into deleg values ( 'szissener', 'AmGeAz', 2 ) ;
insert into adreu values ( 'szissener', 'European Parliament; Bât. Altiero Spinelli; 10E218; 60, rue Wiertz / Wiertzstraat 60; B-1047 Bruxelles/Brussel' ) ;
insert into adreu values ( 'szissener', 'European Parliament; Bât. Louise Weiss; T10020; Allée du Printemps; BP 10024/F; F-67070 Strasbourg Cedex' ) ;
insert into fax values ( 'szissener', '+32 (0)2 284 9708' ) ;
insert into fax values ( 'szissener', '+33 (0)3 88 17 9708' ) ;
insert into http values ( 'szissener', 'http://www.cdu-csu-ep.de' ) ;
insert into adrna values ( 'szissener', 'Schulstraße 5 D-57580 GEBHARDSHAIN' ) ;

insert into pnom values ( 'kknolle', 'Herr Karsten KNOLLE' ) ;
insert into euprt values ( 'kknolle', 'EUPP', 2 ) ;
insert into naprt values ( 'kknolle', 'CDU' ) ;
insert into land values ( 'kknolle', 'DE' ) ;
insert into komit values ( 'kknolle', 'DEVE', 2 ) ;
insert into komit values ( 'kknolle', 'RETT', 1 ) ;
insert into deleg values ( 'kknolle', 'CZ', 2 ) ;
insert into adreu values ( 'kknolle', 'European Parliament; Bât. Altiero Spinelli; 10E254; 60, rue Wiertz / Wiertzstraat 60; B-1047 Bruxelles/Brussel' ) ;
insert into adreu values ( 'kknolle', 'European Parliament; Bât. Louise Weiss; T10084; Allée du Printemps; BP 10024/F; F-67070 Strasbourg Cedex' ) ;
insert into fax values ( 'kknolle', '+32 (0)2 284 9772' ) ;
insert into fax values ( 'kknolle', '+33 (0)3 88 17 9772' ) ;
insert into http values ( 'kknolle', 'http://www.cdu-csu-ep.de' ) ;
insert into adrna values ( 'kknolle', 'Postfach 30 D-06484 QUEDLINBURG' ) ;

insert into pnom values ( 'snair', 'M. Sami NAIR' ) ;
insert into euprt values ( 'snair', 'LEFT', 2 ) ;
insert into naprt values ( 'snair', 'Mouvement des citoyens' ) ;
insert into land values ( 'snair', 'FR' ) ;
insert into komit values ( 'snair', 'AFET', 2 ) ;
insert into komit values ( 'snair', 'LIBE', 1 ) ;
insert into deleg values ( 'snair', 'Mashreq', 9 ) ;
insert into adreu values ( 'snair', 'European Parliament; Bât. Altiero Spinelli; 14G152; 60, rue Wiertz / Wiertzstraat 60; B-1047 Bruxelles/Brussel' ) ;
insert into adreu values ( 'snair', 'European Parliament; Bât. Louise Weiss; T08078; Allée du Printemps; BP 10024/F; F-67070 Strasbourg Cedex' ) ;
insert into fax values ( 'snair', '+32 (0)2 284 9129' ) ;
insert into fax values ( 'snair', '+33 (0)3 88 17 9129' ) ;
insert into adrna values ( 'snair', 'Parlement européen Rue Wiertz ASP 14G152  B-1047 BRUXELLES' ) ;

insert into pnom values ( 'cvonboetticher', 'Herr Christian Ulrik von BOETTICHER' ) ;
insert into euprt values ( 'cvonboetticher', 'EUPP', 2 ) ;
insert into naprt values ( 'cvonboetticher', 'CDU' ) ;
insert into land values ( 'cvonboetticher', 'DE' ) ;
insert into komit values ( 'cvonboetticher', 'LIBE', 2 ) ;
insert into komit values ( 'cvonboetticher', 'PETI', 2 ) ;
insert into komit values ( 'cvonboetticher', 'RETT', 1 ) ;
insert into deleg values ( 'cvonboetticher', 'LV', 2 ) ;
insert into deleg values ( 'cvonboetticher', 'JP', 2 ) ;
insert into adreu values ( 'cvonboetticher', 'European Parliament; Bât. Altiero Spinelli; 10E210; 60, rue Wiertz / Wiertzstraat 60; B-1047 Bruxelles/Brussel' ) ;
insert into adreu values ( 'cvonboetticher', 'European Parliament; Bât. Louise Weiss; T10076; Allée du Printemps; BP 10024/F; F-67070 Strasbourg Cedex' ) ;
insert into fax values ( 'cvonboetticher', '+32 (0)2 284 9244' ) ;
insert into fax values ( 'cvonboetticher', '+33 (0)3 88 17 9244' ) ;
insert into mail values ( 'cvonboetticher', 'cvonboetticher@europarl.eu.int' ) ;
insert into http values ( 'cvonboetticher', 'http://www.cdu-csu-ep.de' ) ;
insert into adrna values ( 'cvonboetticher', 'Oberer Ehmschen 67 a D-25462 RELLINGEN' ) ;

insert into pnom values ( 'aniebler', 'Frau Angelika NIEBLER' ) ;
insert into euprt values ( 'aniebler', 'EUPP', 5 ) ;
insert into naprt values ( 'aniebler', 'CSU' ) ;
insert into land values ( 'aniebler', 'DE' ) ;
insert into komit values ( 'aniebler', 'ITRE', 2 ) ;
insert into komit values ( 'aniebler', 'JURI', 1 ) ;
insert into deleg values ( 'aniebler', 'ZA', 2 ) ;
insert into adreu values ( 'aniebler', 'European Parliament; Bât. Altiero Spinelli; 15E254; 60, rue Wiertz / Wiertzstraat 60; B-1047 Bruxelles/Brussel' ) ;
insert into adreu values ( 'aniebler', 'European Parliament; Bât. Louise Weiss; T10006; Allée du Printemps; BP 10024/F; F-67070 Strasbourg Cedex' ) ;
insert into fax values ( 'aniebler', '+32 (0)2 284 9390' ) ;
insert into fax values ( 'aniebler', '+33 (0)3 88 17 9390' ) ;
insert into http values ( 'aniebler', 'http://www.cdu-csu-ep.de' ) ;
insert into adrna values ( 'aniebler', 'CSU-Kreisgeschäftsstelle Münchener Straße 2 D-85560 EBERSBERG' ) ;

insert into pnom values ( 'efmueller', 'Frau Emilia Franziska MÜLLER' ) ;
insert into euprt values ( 'efmueller', 'EUPP', 2 ) ;
insert into naprt values ( 'efmueller', 'CSU' ) ;
insert into land values ( 'efmueller', 'DE' ) ;
insert into komit values ( 'efmueller', 'FEMM', 2 ) ;
insert into komit values ( 'efmueller', 'ENVI', 2 ) ;
insert into komit values ( 'efmueller', 'AGRI', 1 ) ;
insert into deleg values ( 'efmueller', 'SK', 8 ) ;
insert into adreu values ( 'efmueller', 'European Parliament; Bât. Altiero Spinelli; 15E258; 60, rue Wiertz / Wiertzstraat 60; B-1047 Bruxelles/Brussel' ) ;
insert into adreu values ( 'efmueller', 'European Parliament; Bât. Louise Weiss; T10004; Allée du Printemps; BP 10024/F; F-67070 Strasbourg Cedex' ) ;
insert into fax values ( 'efmueller', '+32 (0)2 284 9337' ) ;
insert into mail values ( 'efmueller', 'efmueller@europarl.eu.int' ) ;
insert into http values ( 'efmueller', 'http://www.emilia-mueller.de' ) ;
insert into adrna values ( 'efmueller', 'Hinterrandsberg 7 D-92436 BRUCK i.d.OPF.' ) ;

insert into pnom values ( 'jwuermeling', 'Herr Joachim WUERMELING' ) ;
insert into euprt values ( 'jwuermeling', 'EUPP', 2 ) ;
insert into naprt values ( 'jwuermeling', 'CSU' ) ;
insert into land values ( 'jwuermeling', 'DE' ) ;
insert into komit values ( 'jwuermeling', 'JURI', 2 ) ;
insert into komit values ( 'jwuermeling', 'AFCO', 1 ) ;
insert into deleg values ( 'jwuermeling', 'MT', 2 ) ;
insert into adreu values ( 'jwuermeling', 'European Parliament; Bât. Altiero Spinelli; 15E210; 60, rue Wiertz / Wiertzstraat 60; B-1047 Bruxelles/Brussel' ) ;
insert into adreu values ( 'jwuermeling', 'European Parliament; Bât. Louise Weiss; T10016; Allée du Printemps; BP 10024/F; F-67070 Strasbourg Cedex' ) ;
insert into fax values ( 'jwuermeling', '+32 (0)2 284 9711' ) ;
insert into fax values ( 'jwuermeling', '+33 (0)3 88 17 9711' ) ;
insert into mail values ( 'jwuermeling', 'jwuermeling@europarl.eu.int' ) ;
insert into http values ( 'jwuermeling', 'http://www.wuermeling.net' ) ;
insert into adrna values ( 'jwuermeling', 'CSU-Europabüro Oberfranken Wölfelstraße  6 D-95444 BAYREUTH' ) ;

insert into pnom values ( 'aradwan', 'Herr Alexander RADWAN' ) ;
insert into euprt values ( 'aradwan', 'EUPP', 2 ) ;
insert into naprt values ( 'aradwan', 'CSU' ) ;
insert into land values ( 'aradwan', 'DE' ) ;
insert into komit values ( 'aradwan', 'ECON', 2 ) ;
insert into komit values ( 'aradwan', 'ITRE', 1 ) ;
insert into deleg values ( 'aradwan', 'Mashreq', 2 ) ;
insert into adreu values ( 'aradwan', 'European Parliament; Bât. Altiero Spinelli; 15E218; 60, rue Wiertz / Wiertzstraat 60; B-1047 Bruxelles/Brussel' ) ;
insert into adreu values ( 'aradwan', 'European Parliament; Bât. Louise Weiss; T10008; Allée du Printemps; BP 10024/F; F-67070 Strasbourg Cedex' ) ;
insert into fax values ( 'aradwan', '+32 (0)2 284 9538' ) ;
insert into fax values ( 'aradwan', '+33 (0)3 88 17 9538' ) ;
insert into mail values ( 'aradwan', 'aradwan@europarl.eu.int' ) ;
insert into mail values ( 'aradwan', 'europabuero@alexander-radwan.de' ) ;
insert into http values ( 'aradwan', 'http://www.cdu-csu-ep.de' ) ;
insert into adrna values ( 'aradwan', 'Europäisches Parlament Rue Wiertz ASP 15E218  B-1047 BRÜSSEL' ) ;

insert into pnom values ( 'gstauner', 'Frau Gabriele STAUNER' ) ;
insert into euprt values ( 'gstauner', 'EUPP', 2 ) ;
insert into naprt values ( 'gstauner', 'CSU' ) ;
insert into land values ( 'gstauner', 'DE' ) ;
insert into komit values ( 'gstauner', 'CONT', 2 ) ;
insert into komit values ( 'gstauner', 'EMPL', 1 ) ;
insert into deleg values ( 'gstauner', 'BG', 1 ) ;
insert into deleg values ( 'gstauner', 'RU', 2 ) ;
insert into adreu values ( 'gstauner', 'European Parliament; Bât. Altiero Spinelli; 15E209; 60, rue Wiertz / Wiertzstraat 60; B-1047 Bruxelles/Brussel' ) ;
insert into adreu values ( 'gstauner', 'European Parliament; Bât. Louise Weiss; T10014; Allée du Printemps; BP 10024/F; F-67070 Strasbourg Cedex' ) ;
insert into fax values ( 'gstauner', '+32 (0)2 284 9890' ) ;
insert into fax values ( 'gstauner', '+33 (0)3 88 17 9890' ) ;
insert into mail values ( 'gstauner', 'info@stauner.de' ) ;
insert into http values ( 'gstauner', 'http://www.stauner.de' ) ;
insert into adrna values ( 'gstauner', 'CSU-Europabüro Moosbauerweg 1 D-82515 WOLFRATSHAUSEN' ) ;

insert into pnom values ( 'hruehle', 'Frau Heide RÜHLE' ) ;
insert into euprt values ( 'hruehle', 'VERD', 8 ) ;
insert into naprt values ( 'hruehle', 'B90G' ) ;
insert into land values ( 'hruehle', 'DE' ) ;
insert into komit values ( 'hruehle', 'LIBE', 2 ) ;
insert into komit values ( 'hruehle', 'CONT', 1 ) ;
insert into deleg values ( 'hruehle', 'CZ', 1 ) ;
insert into deleg values ( 'hruehle', 'Balkan', 2 ) ;
insert into adreu values ( 'hruehle', 'European Parliament; Bât. Altiero Spinelli; 08G165; 60, rue Wiertz / Wiertzstraat 60; B-1047 Bruxelles/Brussel' ) ;
insert into adreu values ( 'hruehle', 'European Parliament; Bât. Louise Weiss; T05129; Allée du Printemps; BP 10024/F; F-67070 Strasbourg Cedex' ) ;
insert into fax values ( 'hruehle', '+32 (0)2 284 9609' ) ;
insert into fax values ( 'hruehle', '+33 (0)3 88 17 9609' ) ;
insert into mail values ( 'hruehle', 'h.ruehle@eurogruene.de' ) ;
insert into mail values ( 'hruehle', 'hruehle@europarl.eu.int' ) ;
insert into http values ( 'hruehle', 'http://www.eurogruene.de' ) ;
insert into adrna values ( 'hruehle', 'Europabüro Friedrichstraße 95 D-10117 BERLIN' ) ;

insert into pnom values ( 'mhgillig', 'Mme Marie-Hélène GILLIG' ) ;
insert into euprt values ( 'mhgillig', 'PSE', 2 ) ;
insert into naprt values ( 'mhgillig', 'Parti socialiste' ) ;
insert into land values ( 'mhgillig', 'FR' ) ;
insert into komit values ( 'mhgillig', 'EMPL', 8 ) ;
insert into komit values ( 'mhgillig', 'CULT', 1 ) ;
insert into komit values ( 'mhgillig', 'FEMM', 1 ) ;
insert into deleg values ( 'mhgillig', 'MT', 1 ) ;
insert into deleg values ( 'mhgillig', 'MERCOSUR', 2 ) ;
insert into adreu values ( 'mhgillig', 'European Parliament; Bât. Altiero Spinelli; 14G103; 60, rue Wiertz / Wiertzstraat 60; B-1047 Bruxelles/Brussel' ) ;
insert into adreu values ( 'mhgillig', 'European Parliament; Bât. Louise Weiss; T08072; Allée du Printemps; BP 10024/F; F-67070 Strasbourg Cedex' ) ;
insert into fax values ( 'mhgillig', '+32 (0)2 284 9113' ) ;
insert into fax values ( 'mhgillig', '+33 (0)3 88 17 9113' ) ;
insert into mail values ( 'mhgillig', 'mhgillig@europarl.eu.int' ) ;
insert into adrna values ( 'mhgillig', 'Centre Administratif Place de l\'Etoile F-67000 STRASBOURG' ) ;

insert into pnom values ( 'ischroeder', 'Frau Ilka SCHRÖDER' ) ;
insert into euprt values ( 'ischroeder', 'LEFT', 2 ) ;
insert into naprt values ( 'ischroeder', 'B90G' ) ;
insert into land values ( 'ischroeder', 'DE' ) ;
insert into komit values ( 'ischroeder', 'LIBE', 2 ) ;
insert into komit values ( 'ischroeder', 'ITRE', 1 ) ;
insert into deleg values ( 'ischroeder', 'Balkan', 2 ) ;
insert into adreu values ( 'ischroeder', 'European Parliament; Bât. Altiero Spinelli; 08G253; 60, rue Wiertz / Wiertzstraat 60; B-1047 Bruxelles/Brussel' ) ;
insert into adreu values ( 'ischroeder', 'European Parliament; Bât. Louise Weiss; T05069; Allée du Printemps; BP 10024/F; F-67070 Strasbourg Cedex' ) ;
insert into fax values ( 'ischroeder', '+32 (0)2 284 9449' ) ;
insert into fax values ( 'ischroeder', '+33 (0)3 88 17 9449' ) ;
insert into mail values ( 'ischroeder', 'ischroeder@europarl.eu.int' ) ;
insert into mail values ( 'ischroeder', 'bruxelles@ilka.org' ) ;
insert into mail values ( 'ischroeder', 'berlin@ilka.org' ) ;
insert into http values ( 'ischroeder', 'http://www.ilka.org' ) ;
insert into adrna values ( 'ischroeder', 'Europäisches Parlament Rue Wiertz ASP 8G253  B-1047 BRÜSSEL' ) ;

insert into pnom values ( 'cfruteau', 'M. Jean-Claude FRUTEAU' ) ;
insert into euprt values ( 'cfruteau', 'PSE', 2 ) ;
insert into naprt values ( 'cfruteau', 'Parti socialiste' ) ;
insert into land values ( 'cfruteau', 'FR' ) ;
insert into komit values ( 'cfruteau', 'AGRI', 2 ) ;
insert into komit values ( 'cfruteau', 'RETT', 1 ) ;
insert into deleg values ( 'cfruteau', 'SAARC', 2 ) ;
insert into adreu values ( 'cfruteau', 'European Parliament; Bât. Altiero Spinelli; 14G253; 60, rue Wiertz / Wiertzstraat 60; B-1047 Bruxelles/Brussel' ) ;
insert into adreu values ( 'cfruteau', 'European Parliament; Bât. Louise Weiss; T08086; Allée du Printemps; BP 10024/F; F-67070 Strasbourg Cedex' ) ;
insert into fax values ( 'cfruteau', '+32 (0)2 284 9745' ) ;
insert into fax values ( 'cfruteau', '+33 (0)3 88 17 9745' ) ;
insert into adrna values ( 'cfruteau', 'Parlement européen Rue Wiertz ASP 14G253  B-1047 BRUXELLES' ) ;

insert into pnom values ( 'abrie', 'Herr André BRIE' ) ;
insert into euprt values ( 'abrie', 'LEFT', 2 ) ;
insert into naprt values ( 'abrie', 'Partei des Demokratischen Sozialismus' ) ;
insert into land values ( 'abrie', 'DE' ) ;
insert into komit values ( 'abrie', 'AFET', 2 ) ;
insert into komit values ( 'abrie', 'EMPL', 1 ) ;
insert into komit values ( 'abrie', 'PETI', 1 ) ;
insert into deleg values ( 'abrie', 'IL', 2 ) ;
insert into adreu values ( 'abrie', 'European Parliament; Bât. Altiero Spinelli; 09G157; 60, rue Wiertz / Wiertzstraat 60; B-1047 Bruxelles/Brussel' ) ;
insert into adreu values ( 'abrie', 'European Parliament; Bât. Louise Weiss; T05149; Allée du Printemps; BP 10024/F; F-67070 Strasbourg Cedex' ) ;
insert into fax values ( 'abrie', '+32 (0)2 284 9403' ) ;
insert into fax values ( 'abrie', '+33 (0)3 88 17 9403' ) ;
insert into http values ( 'abrie', 'http://www.andrebrie.de' ) ;
insert into adrna values ( 'abrie', 'Europabüro Martinstraße 1 D-19053 SCHWERIN' ) ;

insert into pnom values ( 'ahazan', 'Mme Adeline HAZAN' ) ;
insert into euprt values ( 'ahazan', 'PSE', 2 ) ;
insert into naprt values ( 'ahazan', 'Parti socialiste' ) ;
insert into land values ( 'ahazan', 'FR' ) ;
insert into komit values ( 'ahazan', 'LIBE', 2 ) ;
insert into komit values ( 'ahazan', 'AFCO', 1 ) ;
insert into adreu values ( 'ahazan', 'European Parliament; Bât. Altiero Spinelli; 14G153; 60, rue Wiertz / Wiertzstraat 60; B-1047 Bruxelles/Brussel' ) ;
insert into adreu values ( 'ahazan', 'European Parliament; Bât. Louise Weiss; T08084; Allée du Printemps; BP 10024/F; F-67070 Strasbourg Cedex' ) ;
insert into fax values ( 'ahazan', '+32 (0)2 284 9158' ) ;
insert into fax values ( 'ahazan', '+33 (0)3 88 17 9158' ) ;
insert into mail values ( 'ahazan', 'ahazan@wanadoo.fr' ) ;
insert into mail values ( 'ahazan', 'ahazan@europarl.eu.int' ) ;
insert into adrna values ( 'ahazan', 'Permanence parlementaire 31, rue du Général Sarrail BP 477  F-51066 REIMS REIMS Cédex' ) ;

insert into pnom values ( 'cfiebiger', 'Frau Christel FIEBIGER' ) ;
insert into euprt values ( 'cfiebiger', 'LEFT', 2 ) ;
insert into naprt values ( 'cfiebiger', 'Partei des Demokratischen Sozialismus' ) ;
insert into land values ( 'cfiebiger', 'DE' ) ;
insert into komit values ( 'cfiebiger', 'AGRI', 2 ) ;
insert into komit values ( 'cfiebiger', 'ENVI', 1 ) ;
insert into deleg values ( 'cfiebiger', 'PL', 1 ) ;
insert into deleg values ( 'cfiebiger', 'UA', 2 ) ;
insert into adreu values ( 'cfiebiger', 'European Parliament; Bât. Altiero Spinelli; 09G218; 60, rue Wiertz / Wiertzstraat 60; B-1047 Bruxelles/Brussel' ) ;
insert into adreu values ( 'cfiebiger', 'European Parliament; Bât. Louise Weiss; T05020; Allée du Printemps; BP 10024/F; F-67070 Strasbourg Cedex' ) ;
insert into fax values ( 'cfiebiger', '+32 (0)2 284 9619' ) ;
insert into fax values ( 'cfiebiger', '+33 (0)3 88 17 9619' ) ;
insert into adrna values ( 'cfiebiger', 'Dorfstraße 36 a D-19357 GROSS WARNOW' ) ;

insert into pnom values ( 'hmodrow', 'Herr Hans MODROW' ) ;
insert into euprt values ( 'hmodrow', 'LEFT', 2 ) ;
insert into naprt values ( 'hmodrow', 'Partei des Demokratischen Sozialismus' ) ;
insert into land values ( 'hmodrow', 'DE' ) ;
insert into komit values ( 'hmodrow', 'DEVE', 2 ) ;
insert into komit values ( 'hmodrow', 'AFET', 1 ) ;
insert into deleg values ( 'hmodrow', 'CZ', 8 ) ;
insert into adreu values ( 'hmodrow', 'European Parliament; Bât. Altiero Spinelli; 09G210; 60, rue Wiertz / Wiertzstraat 60; B-1047 Bruxelles/Brussel' ) ;
insert into adreu values ( 'hmodrow', 'European Parliament; Bât. Louise Weiss; T05017; Allée du Printemps; BP 10024/F; F-67070 Strasbourg Cedex' ) ;
insert into fax values ( 'hmodrow', '+32 (0)2 284 9444' ) ;
insert into fax values ( 'hmodrow', '+33 (0)3 88 17 9444' ) ;
insert into adrna values ( 'hmodrow', '1, Rue de Malbeck 7/69 B-1000 BRUXELLES' ) ;

insert into pnom values ( 'fuca', 'Frau Feleknas UCA' ) ;
insert into euprt values ( 'fuca', 'LEFT', 2 ) ;
insert into naprt values ( 'fuca', 'Partei des Demokratischen Sozialismus' ) ;
insert into land values ( 'fuca', 'DE' ) ;
insert into komit values ( 'fuca', 'CULT', 2 ) ;
insert into komit values ( 'fuca', 'FEMM', 2 ) ;
insert into komit values ( 'fuca', 'DEVE', 1 ) ;
insert into deleg values ( 'fuca', 'TR', 2 ) ;
insert into adreu values ( 'fuca', 'European Parliament; Bât. Altiero Spinelli; 09G169; 60, rue Wiertz / Wiertzstraat 60; B-1047 Bruxelles/Brussel' ) ;
insert into adreu values ( 'fuca', 'European Parliament; Bât. Louise Weiss; T05018; Allée du Printemps; BP 10024/F; F-67070 Strasbourg Cedex' ) ;
insert into fax values ( 'fuca', '+32 (0)2 284 9419' ) ;
insert into fax values ( 'fuca', '+33 (0)3 88 17 9419' ) ;
insert into adrna values ( 'fuca', 'Europäisches Parlament Rue Wiertz ASP 9G169  B-1047 BRÜSSEL' ) ;

insert into pnom values ( 'hmarkov', 'Herr Helmuth MARKOV' ) ;
insert into euprt values ( 'hmarkov', 'LEFT', 7 ) ;
insert into naprt values ( 'hmarkov', 'Partei des Demokratischen Sozialismus' ) ;
insert into land values ( 'hmarkov', 'DE' ) ;
insert into komit values ( 'hmarkov', 'RETT', 8 ) ;
insert into komit values ( 'hmarkov', 'ECON', 1 ) ;
insert into deleg values ( 'hmarkov', 'SI', 2 ) ;
insert into deleg values ( 'hmarkov', 'RU', 2 ) ;
insert into adreu values ( 'hmarkov', 'European Parliament; Bât. Altiero Spinelli; 09G165; 60, rue Wiertz / Wiertzstraat 60; B-1047 Bruxelles/Brussel' ) ;
insert into adreu values ( 'hmarkov', 'European Parliament; Bât. Louise Weiss; T05016; Allée du Printemps; BP 10024/F; F-67070 Strasbourg Cedex' ) ;
insert into fax values ( 'hmarkov', '+32 (0)2 284 9980' ) ;
insert into fax values ( 'hmarkov', '+33 (0)3 88 17 9980' ) ;
insert into adrna values ( 'hmarkov', 'Marwitzer Straße 62 D-16761 HENNIGSDORF' ) ;

insert into pnom values ( 'hschmid', 'Hr Herman SCHMID' ) ;
insert into euprt values ( 'hschmid', 'LEFT', 2 ) ;
insert into naprt values ( 'hschmid', 'Vänsterpartiet' ) ;
insert into land values ( 'hschmid', 'SE' ) ;
insert into komit values ( 'hschmid', 'EMPL', 2 ) ;
insert into komit values ( 'hschmid', 'ECON', 1 ) ;
insert into deleg values ( 'hschmid', 'US', 2 ) ;
insert into adreu values ( 'hschmid', 'European Parliament; Bât. Altiero Spinelli; 08H259; 60, rue Wiertz / Wiertzstraat 60; B-1047 Bruxelles/Brussel' ) ;
insert into adreu values ( 'hschmid', 'European Parliament; Bât. Louise Weiss; T05006; Allée du Printemps; BP 10024/F; F-67070 Strasbourg Cedex' ) ;
insert into fax values ( 'hschmid', '+32 (0)2 284 9722' ) ;
insert into fax values ( 'hschmid', '+33 (0)3 88 17 9722' ) ;
insert into adrna values ( 'hschmid', 'Sønderborggade 3 DK-2100 KØBENHAVN Ø' ) ;

insert into pnom values ( 'lsacredeus', 'Hr Lennart SACRÉDEUS') ;
insert into euprt values ( 'lsacredeus', 'EUPP', 2 ) ;
insert into naprt values ( 'lsacredeus', 'Kristdemokraterna' ) ;
insert into land values ( 'lsacredeus', 'SE' ) ;
insert into komit values ( 'lsacredeus', 'EMPL', 2 ) ;
insert into komit values ( 'lsacredeus', 'AFET', 1 ) ;
insert into deleg values ( 'lsacredeus', 'UA', 2 ) ;
insert into adreu values ( 'lsacredeus', 'European Parliament; Bât. Altiero Spinelli; 07F258; 60, rue Wiertz / Wiertzstraat 60; B-1047 Bruxelles/Brussel' ) ;
insert into adreu values ( 'lsacredeus', 'European Parliament; Bât. Louise Weiss; T09050; Allée du Printemps; BP 10024/F; F-67070 Strasbourg Cedex' ) ;
insert into fax values ( 'lsacredeus', '+32 (0)2 284 9536' ) ;
insert into fax values ( 'lsacredeus', '+33 (0)3 88 17 9536' ) ;
insert into adrna values ( 'lsacredeus', 'Älvgatan 28A S-792 32 MORA' ) ;

insert into pnom values ( 'gsavary', 'M. Gilles SAVARY' ) ;
insert into euprt values ( 'gsavary', 'PSE', 2 ) ;
insert into naprt values ( 'gsavary', 'Parti socialiste' ) ;
insert into land values ( 'gsavary', 'FR' ) ;
insert into komit values ( 'gsavary', 'RETT', 8 ) ;
insert into komit values ( 'gsavary', 'ITRE', 1 ) ;
insert into deleg values ( 'gsavary', 'CZ', 1 ) ;
insert into deleg values ( 'gsavary', 'KaKgUz', 2 ) ;
insert into adreu values ( 'gsavary', 'European Parliament; Bât. Altiero Spinelli; 14G116; 60, rue Wiertz / Wiertzstraat 60; B-1047 Bruxelles/Brussel' ) ;
insert into adreu values ( 'gsavary', 'European Parliament; Bât. Louise Weiss; T08082; Allée du Printemps; BP 10024/F; F-67070 Strasbourg Cedex' ) ;
insert into fax values ( 'gsavary', '+32 (0)2 284 9420' ) ;
insert into fax values ( 'gsavary', '+33 (0)3 88 17 9420' ) ;
insert into mail values ( 'gsavary', 'gsavary@europarl.eu.int' ) ;
insert into mail values ( 'gsavary', 'gilles-savary@wanadoo.fr' ) ;
insert into http values ( 'gsavary', 'http://www.gilles-savary.com' ) ;
insert into adrna values ( 'gsavary', 'Parlement européen Rue Wiertz ASP 14G116  B-1047 BRUXELLES' ) ;

insert into pnom values ( 'avidal', 'Sr. Alejo VIDAL-QUADRAS ROCA' ) ;
insert into euprt values ( 'avidal', 'EUPP', 5 ) ;
insert into naprt values ( 'avidal', 'Partido Popular' ) ;
insert into land values ( 'avidal', 'ES' ) ;
insert into komit values ( 'avidal', 'ITRE', 2 ) ;
insert into komit values ( 'avidal', 'BUDG', 1 ) ;
insert into adreu values ( 'avidal', 'European Parliament; Bât. Altiero Spinelli; 11E205; 60, rue Wiertz / Wiertzstraat 60; B-1047 Bruxelles/Brussel' ) ;
insert into adreu values ( 'avidal', 'European Parliament; Bât. Louise Weiss; T12039; Allée du Printemps; BP 10024/F; F-67070 Strasbourg Cedex' ) ;
insert into fax values ( 'avidal', '+32 (0)2 284 9322' ) ;
insert into fax values ( 'avidal', '+33 (0)3 88 17 9322' ) ;
insert into mail values ( 'avidal', 'avidal@europarl.eu.int' ) ;
insert into adrna values ( 'avidal', 'Parlamento Europeo Rue Wiertz ASP 11E205  B-1047 BRUSELAS' ) ;

insert into pnom values ( 'bpatrie', 'Mme Béatrice PATRIE' ) ;
insert into euprt values ( 'bpatrie', 'PSE', 2 ) ;
insert into naprt values ( 'bpatrie', 'Mouvement des citoyens' ) ;
insert into land values ( 'bpatrie', 'FR' ) ;
insert into komit values ( 'bpatrie', 'ENVI', 2 ) ;
insert into komit values ( 'bpatrie', 'JURI', 1 ) ;
insert into deleg values ( 'bpatrie', 'UA', 2 ) ;
insert into adreu values ( 'bpatrie', 'European Parliament; Bât. Altiero Spinelli; 14G115; 60, rue Wiertz / Wiertzstraat 60; B-1047 Bruxelles/Brussel' ) ;
insert into adreu values ( 'bpatrie', 'European Parliament; Bât. Louise Weiss; T08080; Allée du Printemps; BP 10024/F; F-67070 Strasbourg Cedex' ) ;
insert into fax values ( 'bpatrie', '+32 (0)2 284 9883' ) ;
insert into fax values ( 'bpatrie', '+33 (0)3 88 17 9883' ) ;
insert into adrna values ( 'bpatrie', '7 bis, rue Foix-de-Candalle F-24700 MONTPON-MENESTEROL' ) ;

insert into pnom values ( 'nridruejo', 'Sra. Mónica RIDRUEJO' ) ;
insert into euprt values ( 'nridruejo', 'EUPP', 2 ) ;
insert into naprt values ( 'nridruejo', 'Partido Popular (Indepediente)' ) ;
insert into land values ( 'nridruejo', 'ES' ) ;
insert into komit values ( 'nridruejo', 'ECON', 2 ) ;
insert into deleg values ( 'nridruejo', 'PL', 1 ) ;
insert into deleg values ( 'nridruejo', 'Balkan', 2 ) ;
insert into adreu values ( 'nridruejo', 'European Parliament; Bât. Altiero Spinelli; 11E246; 60, rue Wiertz / Wiertzstraat 60; B-1047 Bruxelles/Brussel' ) ;
insert into adreu values ( 'nridruejo', 'European Parliament; Bât. Louise Weiss; T09013; Allée du Printemps; BP 10024/F; F-67070 Strasbourg Cedex' ) ;
insert into fax values ( 'nridruejo', '+32 (0)2 284 9949' ) ;
insert into fax values ( 'nridruejo', '+33 (0)3 88 17 9949' ) ;
insert into adrna values ( 'nridruejo', 'Parlamento Europeo Rue Wiertz ASP 11E246  B-1047 BRUSELAS' ) ;

insert into pnom values ( 'bpoignant', 'M. Bernard POIGNANT' ) ;
insert into euprt values ( 'bpoignant', 'PSE', 2 ) ;
insert into naprt values ( 'bpoignant', 'Parti socialiste' ) ;
insert into land values ( 'bpoignant', 'FR' ) ;
insert into komit values ( 'bpoignant', 'PECH', 2 ) ;
insert into komit values ( 'bpoignant', 'RETT', 2 ) ;
insert into komit values ( 'bpoignant', 'BUDG', 1 ) ;
insert into deleg values ( 'bpoignant', 'Balkan', 2 ) ;
insert into adreu values ( 'bpoignant', 'European Parliament; Bât. Altiero Spinelli; 14G246; 60, rue Wiertz / Wiertzstraat 60; B-1047 Bruxelles/Brussel' ) ;
insert into adreu values ( 'bpoignant', 'European Parliament; Bât. Louise Weiss; T08141; Allée du Printemps; BP 10024/F; F-67070 Strasbourg Cedex' ) ;
insert into fax values ( 'bpoignant', '+32 (0)2 284 9405' ) ;
insert into fax values ( 'bpoignant', '+33 (0)3 88 17 9405' ) ;
insert into mail values ( 'bpoignant', 'bernard.poignant@wanadoo.fr' ) ;
insert into adrna values ( 'bpoignant', '13, rue Laënnec F-29000 QUIMPER' ) ;

insert into pnom values ( 'tzabell', 'Sra. Theresa ZABELL' ) ;
insert into euprt values ( 'tzabell', 'EUPP', 5 ) ;
insert into naprt values ( 'tzabell', 'Partido Popular' ) ;
insert into land values ( 'tzabell', 'ES' ) ;
insert into komit values ( 'tzabell', 'CULT', 8 ) ;
insert into komit values ( 'tzabell', 'ENVI', 1 ) ;
insert into deleg values ( 'tzabell', 'MT', 2 ) ;
insert into adreu values ( 'tzabell', 'European Parliament; Bât. Altiero Spinelli; 11E254; 60, rue Wiertz / Wiertzstraat 60; B-1047 Bruxelles/Brussel' ) ;
insert into adreu values ( 'tzabell', 'European Parliament; Bât. Louise Weiss; T09015; Allée du Printemps; BP 10024/F; F-67070 Strasbourg Cedex' ) ;
insert into fax values ( 'tzabell', '+32 (0)2 284 9427' ) ;
insert into fax values ( 'tzabell', '+33 (0)3 88 17 9427' ) ;
insert into mail values ( 'tzabell', 'tzabell@europarl.eu.int' ) ;
insert into http values ( 'tzabell', 'http://www.tzabell.org' ) ;
insert into adrna values ( 'tzabell', 'Parlamento Europeo Rue Wiertz ASP 11E254  B-1047 BRUSELAS' ) ;

insert into pnom values ( 'mroure', 'Mme Martine ROURE' ) ;
insert into euprt values ( 'mroure', 'PSE', 5 ) ;
insert into naprt values ( 'mroure', 'Parti socialiste' ) ;
insert into land values ( 'mroure', 'FR' ) ;
insert into komit values ( 'mroure', 'LIBE', 2 ) ;
insert into komit values ( 'mroure', 'CULT', 1 ) ;
insert into deleg values ( 'mroure', 'CN', 2 ) ;
insert into adreu values ( 'mroure', 'European Parliament; Bât. Altiero Spinelli; 14G169; 60, rue Wiertz / Wiertzstraat 60; B-1047 Bruxelles/Brussel' ) ;
insert into adreu values ( 'mroure', 'European Parliament; Bât. Louise Weiss; T08070; Allée du Printemps; BP 10024/F; F-67070 Strasbourg Cedex' ) ;
insert into fax values ( 'mroure', '+32 (0)2 284 9138' ) ;
insert into fax values ( 'mroure', '+33 (0)3 88 17 9138' ) ;
insert into mail values ( 'mroure', 'martine.roure.deputee@wanadoo.fr' ) ;
insert into http values ( 'mroure', 'http://www.martineroure-europe.com' ) ;
insert into adrna values ( 'mroure', '35, rue de la Bannière F-69003 LYON' ) ;

insert into pnom values ( 'gquint', 'Mme Catherine GUY-QUINT' ) ;
insert into euprt values ( 'gquint', 'PSE', 2 ) ;
insert into naprt values ( 'gquint', 'Parti socialiste' ) ;
insert into land values ( 'gquint', 'FR' ) ;
insert into komit values ( 'gquint', 'BUDG', 2 ) ;
insert into komit values ( 'gquint', 'RETT', 1 ) ;
insert into deleg values ( 'gquint', 'BG', 8 ) ;
insert into deleg values ( 'gquint', 'RO', 1 ) ;
insert into adreu values ( 'gquint', 'European Parliament; Bât. Altiero Spinelli; 14G210; 60, rue Wiertz / Wiertzstraat 60; B-1047 Bruxelles/Brussel' ) ;
insert into adreu values ( 'gquint', 'European Parliament; Bât. Louise Weiss; T08133; Allée du Printemps; BP 10024/F; F-67070 Strasbourg Cedex' ) ;
insert into fax values ( 'gquint', '+32 (0)2 284 9931' ) ;
insert into fax values ( 'gquint', '+33 (0)3 88 17 9931' ) ;
insert into mail values ( 'gquint', 'c.guyquint@wanadoo.fr' ) ;
insert into adrna values ( 'gquint', '6, avenue Michel-Ange F-63000 CLERMONT-FERRAND' ) ;

insert into pnom values ( 'osanz', 'Sr. Juan OJEDA SANZ' ) ;
insert into euprt values ( 'osanz', 'EUPP', 2 ) ;
insert into naprt values ( 'osanz', 'Partido Popular' ) ;
insert into land values ( 'osanz', 'ES' ) ;
insert into komit values ( 'osanz', 'CULT', 2 ) ;
insert into komit values ( 'osanz', 'PECH', 1 ) ;
insert into deleg values ( 'osanz', 'Balkan', 2 ) ;
insert into adreu values ( 'osanz', 'European Parliament; Bât. Altiero Spinelli; 11E115; 60, rue Wiertz / Wiertzstraat 60; B-1047 Bruxelles/Brussel' ) ;
insert into adreu values ( 'osanz', 'European Parliament; Bât. Louise Weiss; T09011; Allée du Printemps; BP 10024/F; F-67070 Strasbourg Cedex' ) ;
insert into fax values ( 'osanz', '+32 (0)2 284 9239' ) ;
insert into fax values ( 'osanz', '+33 (0)3 88 17 9239' ) ;
insert into adrna values ( 'osanz', 'Parlamento Europeo Rue Wiertz ASP 11E115  B-1047 BRUSELAS' ) ;

insert into pnom values ( 'ozimeray', 'M. François ZIMERAY' ) ;
insert into euprt values ( 'ozimeray', 'PSE', 2 ) ;
insert into naprt values ( 'ozimeray', 'Parti socialiste' ) ;
insert into land values ( 'ozimeray', 'FR' ) ;
insert into komit values ( 'ozimeray', 'JURI', 2 ) ;
insert into komit values ( 'ozimeray', 'AFET', 1 ) ;
insert into deleg values ( 'ozimeray', 'IL', 2 ) ;
insert into adreu values ( 'ozimeray', 'European Parliament; Bât. Altiero Spinelli; 14G157; 60, rue Wiertz / Wiertzstraat 60; B-1047 Bruxelles/Brussel' ) ;
insert into adreu values ( 'ozimeray', 'European Parliament; Bât. Louise Weiss; T08074; Allée du Printemps; BP 10024/F; F-67070 Strasbourg Cedex' ) ;
insert into fax values ( 'ozimeray', '+32 (0)2 284 9360' ) ;
insert into fax values ( 'ozimeray', '+33 (0)3 88 17 9360' ) ;
insert into adrna values ( 'ozimeray', 'Hôtel de Ville F-76140 PETIT-QUEVILLY' ) ;

insert into pnom values ( 'hdesir', 'M. Harlem DÉSIR') ;
insert into euprt values ( 'hdesir', 'PSE', 2 ) ;
insert into naprt values ( 'hdesir', 'Parti socialiste' ) ;
insert into land values ( 'hdesir', 'FR' ) ;
insert into komit values ( 'hdesir', 'ITRE', 2 ) ;
insert into komit values ( 'hdesir', 'EMPL', 1 ) ;
insert into deleg values ( 'hdesir', 'US', 8 ) ;
insert into adreu values ( 'hdesir', 'European Parliament; Bât. Altiero Spinelli; 14G165; 60, rue Wiertz / Wiertzstraat 60; B-1047 Bruxelles/Brussel' ) ;
insert into adreu values ( 'hdesir', 'European Parliament; Bât. Louise Weiss; T08149; Allée du Printemps; BP 10024/F; F-67070 Strasbourg Cedex' ) ;
insert into fax values ( 'hdesir', '+32 (0)2 284 9853' ) ;
insert into fax values ( 'hdesir', '+33 (0)3 88 17 9853' ) ;
insert into adrna values ( 'hdesir', 'Parlement européen Rue Wiertz ASP 14G165  B-1047 BRUXELLES' ) ;

insert into pnom values ( 'mpayusog', 'Sra. María del Pilar AYUSO GONZÁLEZ') ;
insert into euprt values ( 'mpayusog', 'EUPP', 2 ) ;
insert into naprt values ( 'mpayusog', 'Partido Popular' ) ;
insert into land values ( 'mpayusog', 'ES' ) ;
insert into komit values ( 'mpayusog', 'ENVI', 2 ) ;
insert into komit values ( 'mpayusog', 'AGRI', 1 ) ;
insert into komit values ( 'mpayusog', 'ITRE', 1 ) ;
insert into komit values ( 'mpayusog', 'FEMM', 1 ) ;
insert into deleg values ( 'mpayusog', 'CZ', 1 ) ;
insert into adreu values ( 'mpayusog', 'European Parliament; Bât. Altiero Spinelli; 11E165; 60, rue Wiertz / Wiertzstraat 60; B-1047 Bruxelles/Brussel' ) ;
insert into adreu values ( 'mpayusog', 'European Parliament; Bât. Louise Weiss; T09145; Allée du Printemps; BP 10024/F; F-67070 Strasbourg Cedex' ) ;
insert into fax values ( 'mpayusog', '+32 (0)2 284 9398' ) ;
insert into fax values ( 'mpayusog', '+33 (0)3 88 17 9398' ) ;
insert into adrna values ( 'mpayusog', 'Parlamento Europeo Rue Wiertz ASP 11E165  B-1047 BRUSELAS' ) ;

insert into pnom values ( 'mperezalv', 'Sr. Manuel PÉREZ ÁLVAREZ') ;
insert into euprt values ( 'mperezalv', 'EUPP', 2 ) ;
insert into naprt values ( 'mperezalv', 'Partido Popular' ) ;
insert into land values ( 'mperezalv', 'ES' ) ;
insert into komit values ( 'mperezalv', 'EMPL', 2 ) ;
insert into komit values ( 'mperezalv', 'PECH', 2 ) ;
insert into komit values ( 'mperezalv', 'ITRE', 1 ) ;
insert into deleg values ( 'mperezalv', 'CA', 2 ) ;
insert into adreu values ( 'mperezalv', 'European Parliament; Bât. Altiero Spinelli; 11E218; 60, rue Wiertz / Wiertzstraat 60; B-1047 Bruxelles/Brussel' ) ;
insert into adreu values ( 'mperezalv', 'European Parliament; Bât. Louise Weiss; T09139; Allée du Printemps; BP 10024/F; F-67070 Strasbourg Cedex' ) ;
insert into fax values ( 'mperezalv', '+32 (0)2 284 9965' ) ;
insert into fax values ( 'mperezalv', '+33 (0)3 88 17 9965' ) ;
insert into adrna values ( 'mperezalv', 'Parlamento Europeo Rue Wiertz ASP 11E218  B-1047 BRUSELAS' ) ;

insert into pnom values ( 'otormo', 'Sra. Cristina GARCÍA-ORCOYEN TORMO' ) ;
insert into euprt values ( 'otormo', 'EUPP', 2 ) ;
insert into naprt values ( 'otormo', 'Partido Popular' ) ;
insert into land values ( 'otormo', 'ES' ) ;
insert into komit values ( 'otormo', 'ENVI', 2 ) ;
insert into komit values ( 'otormo', 'ITRE', 1 ) ;
insert into deleg values ( 'otormo', 'EEA', 2 ) ;
insert into deleg values ( 'otormo', 'TR', 1 ) ;
insert into adreu values ( 'otormo', 'European Parliament; Bât. Altiero Spinelli; 11E217; 60, rue Wiertz / Wiertzstraat 60; B-1047 Bruxelles/Brussel' ) ;
insert into adreu values ( 'otormo', 'European Parliament; Bât. Louise Weiss; T09078; Allée du Printemps; BP 10024/F; F-67070 Strasbourg Cedex' ) ;
insert into fax values ( 'otormo', '+32 (0)2 284 9858' ) ;
insert into fax values ( 'otormo', '+33 (0)3 88 17 9858' ) ;
insert into adrna values ( 'otormo', 'Parlamento Europeo Rue Wiertz ASP 11E217  B-1047 BRUSELAS' ) ;

insert into pnom values ( 'sperea', 'Sra. María Antonia AVILÉS PEREA' ) ;
insert into euprt values ( 'sperea', 'EUPP', 2 ) ;
insert into naprt values ( 'sperea', 'Partido Popular' ) ;
insert into land values ( 'sperea', 'ES' ) ;
insert into komit values ( 'sperea', 'CONT', 2 ) ;
insert into komit values ( 'sperea', 'FEMM', 2 ) ;
insert into komit values ( 'sperea', 'EMPL', 1 ) ;
insert into deleg values ( 'sperea', 'PLC', 2 ) ;
insert into adreu values ( 'sperea', 'European Parliament; Bât. Altiero Spinelli; 11E209; 60, rue Wiertz / Wiertzstraat 60; B-1047 Bruxelles/Brussel' ) ;
insert into adreu values ( 'sperea', 'European Parliament; Bât. Louise Weiss; T09076; Allée du Printemps; BP 10024/F; F-67070 Strasbourg Cedex' ) ;
insert into fax values ( 'sperea', '+32 (0)2 284 9430' ) ;
insert into fax values ( 'sperea', '+33 (0)3 88 17 9430' ) ;
insert into adrna values ( 'sperea', 'Parlamento Europeo Rue Wiertz ASP 11E209  B-1047 BRUSELAS' ) ;

insert into pnom values ( 'cripollymdb', 'Sr. Carlos RIPOLL Y MARTÍNEZ DE  BEDOYA') ;
insert into euprt values ( 'cripollymdb', 'EUPP', 2 ) ;
insert into naprt values ( 'cripollymdb', 'Partido Popular' ) ;
insert into land values ( 'cripollymdb', 'ES' ) ;
insert into komit values ( 'cripollymdb', 'RETT', 2 ) ;
insert into komit values ( 'cripollymdb', 'JURI', 1 ) ;
insert into deleg values ( 'cripollymdb', 'CAMx', 2 ) ;
insert into adreu values ( 'cripollymdb', 'European Parliament; Bât. Altiero Spinelli; 11E153; 60, rue Wiertz / Wiertzstraat 60; B-1047 Bruxelles/Brussel' ) ;
insert into adreu values ( 'cripollymdb', 'European Parliament; Bât. Louise Weiss; TO9009; Allée du Printemps; BP 10024/F; F-67070 Strasbourg Cedex' ) ;
insert into fax values ( 'cripollymdb', '+32 (0)2 284 9713' ) ;
insert into fax values ( 'cripollymdb', '+33 (0)3 88 17 9713' ) ;
insert into adrna values ( 'cripollymdb', 'Parlamento Europeo Rue Wiertz ASP 11E153  B-1047 BRUSELAS' ) ;

insert into pnom values ( 'rcortines', 'Sra. Cristina GUTIÉRREZ-CORTINES' ) ;
insert into euprt values ( 'rcortines', 'EUPP', 2 ) ;
insert into naprt values ( 'rcortines', 'Partido Popular' ) ;
insert into land values ( 'rcortines', 'ES' ) ;
insert into komit values ( 'rcortines', 'ENVI', 2 ) ;
insert into komit values ( 'rcortines', 'CULT', 1 ) ;
insert into komit values ( 'rcortines', 'EMPL', 1 ) ;
insert into deleg values ( 'rcortines', 'TR', 1 ) ;
insert into deleg values ( 'rcortines', 'IL', 8 ) ;
insert into adreu values ( 'rcortines', 'European Parliament; Bât. Altiero Spinelli; 11E258; 60, rue Wiertz / Wiertzstraat 60; B-1047 Bruxelles/Brussel' ) ;
insert into adreu values ( 'rcortines', 'European Parliament; Bât. Louise Weiss; T09072; Allée du Printemps; BP 10024/F; F-67070 Strasbourg Cedex' ) ;
insert into fax values ( 'rcortines', '+32 (0)2 284 9594' ) ;
insert into fax values ( 'rcortines', '+33 (0)3 88 17 9594' ) ;
insert into adrna values ( 'rcortines', 'Parlamento Europeo Rue Wiertz ASP 11E258  B-1047 BRUSELAS' ) ;

insert into pnom values ( 'rmdiezg', 'Sra. Rosa M. DÍEZ GONZÁLEZ') ;
insert into euprt values ( 'rmdiezg', 'PSE', 5 ) ;
insert into naprt values ( 'rmdiezg', 'Partido Socialista Obrero Español' ) ;
insert into land values ( 'rmdiezg', 'ES' ) ;
insert into komit values ( 'rmdiezg', 'AFET', 2 ) ;
insert into komit values ( 'rmdiezg', 'LIBE', 1 ) ;
insert into deleg values ( 'rmdiezg', 'Maghreb', 2 ) ;
insert into adreu values ( 'rmdiezg', 'European Parliament; Bât. Altiero Spinelli; 11G203; 60, rue Wiertz / Wiertzstraat 60; B-1047 Bruxelles/Brussel' ) ;
insert into adreu values ( 'rmdiezg', 'European Parliament; Bât. Louise Weiss; T07131; Allée du Printemps; BP 10024/F; F-67070 Strasbourg Cedex' ) ;
insert into fax values ( 'rmdiezg', '+32 (0)2 284 9864' ) ;
insert into fax values ( 'rmdiezg', '+33 (0)3 88 17 9864' ) ;
insert into http values ( 'rmdiezg', 'http://www.psoe-pe.org' ) ;
insert into adrna values ( 'rmdiezg', 'Parlamento Europeo Rue Wiertz ASP 11G201/205  B-1047 BRUXELLES' ) ;

insert into pnom values ( 'robiolsig', 'Sr. Raimon OBIOLS i GERMÀ') ;
insert into euprt values ( 'robiolsig', 'PSE', 8 ) ;
insert into naprt values ( 'robiolsig', 'Partido Socialista Obrero Español' ) ;
insert into land values ( 'robiolsig', 'ES' ) ;
insert into komit values ( 'robiolsig', 'AFET', 2 ) ;
insert into komit values ( 'robiolsig', 'CULT', 1 ) ;
insert into deleg values ( 'robiolsig', 'CAMx', 9 ) ;
insert into adreu values ( 'robiolsig', 'European Parliament; Bât. Altiero Spinelli; 11G303; 60, rue Wiertz / Wiertzstraat 60; B-1047 Bruxelles/Brussel' ) ;
insert into adreu values ( 'robiolsig', 'European Parliament; Bât. Louise Weiss; T07129; Allée du Printemps; BP 10024/F; F-67070 Strasbourg Cedex' ) ;
insert into fax values ( 'robiolsig', '+32 (0)2 284 9592' ) ;
insert into fax values ( 'robiolsig', '+33 (0)3 88 17 9592' ) ;
insert into http values ( 'robiolsig', 'http://www.psoe-pe.org' ) ;
insert into adrna values ( 'robiolsig', 'C/ Nicaragua, 75 E-08029 BARCELONA' ) ;

insert into pnom values ( 'cmorterero', 'Sra. Carmen CERDEIRA MORTERERO' ) ;
insert into euprt values ( 'cmorterero', 'PSE', 2 ) ;
insert into naprt values ( 'cmorterero', 'Partido Socialista Obrero Español' ) ;
insert into land values ( 'cmorterero', 'ES' ) ;
insert into komit values ( 'cmorterero', 'LIBE', 2 ) ;
insert into komit values ( 'cmorterero', 'DEVE', 1 ) ;
insert into deleg values ( 'cmorterero', 'MERCOSUR', 2 ) ;
insert into adreu values ( 'cmorterero', 'European Parliament; Bât. Altiero Spinelli; 11G269; 60, rue Wiertz / Wiertzstraat 60; B-1047 Bruxelles/Brussel' ) ;
insert into adreu values ( 'cmorterero', 'European Parliament; Bât. Louise Weiss; T07145; Allée du Printemps; BP 10024/F; F-67070 Strasbourg Cedex' ) ;
insert into fax values ( 'cmorterero', '+32 (0)2 284 9165' ) ;
insert into fax values ( 'cmorterero', '+33 (0)3 88 17 9165' ) ;
insert into http values ( 'cmorterero', 'http://www.psoe-pe.org' ) ;
insert into adrna values ( 'cmorterero', 'Ferraz, 70 E-28008 MADRID' ) ;

insert into pnom values ( 'ycabeza', 'Sr. Carlos WESTENDORP Y CABEZA' ) ;
insert into euprt values ( 'ycabeza', 'PSE', 2 ) ;
insert into naprt values ( 'ycabeza', 'Partido Socialista Obrero Español' ) ;
insert into land values ( 'ycabeza', 'ES' ) ;
insert into komit values ( 'ycabeza', 'ITRE', 9 ) ;
insert into komit values ( 'ycabeza', 'AFCO', 1 ) ;
insert into deleg values ( 'ycabeza', 'US', 2 ) ;
insert into adreu values ( 'ycabeza', 'European Parliament; Bât. Altiero Spinelli; 11G304; 60, rue Wiertz / Wiertzstraat 60; B-1047 Bruxelles/Brussel' ) ;
insert into adreu values ( 'ycabeza', 'European Parliament; Bât. Louise Weiss; T06021; Allée du Printemps; BP 10024/F; F-67070 Strasbourg Cedex' ) ;
insert into fax values ( 'ycabeza', '+32 (0)2 284 9529' ) ;
insert into fax values ( 'ycabeza', '+33 (0)3 88 17 9529' ) ;
insert into http values ( 'ycabeza', 'http://www.psoe-pe.org' ) ;
insert into adrna values ( 'ycabeza', 'Parlamento Europeo Rue Wiertz ASP 11G304  B-1047 BRUSELAS' ) ;

insert into pnom values ( 'pmorillon', 'M. Philippe MORILLON' ) ;
insert into euprt values ( 'pmorillon', 'EUPP', 5 ) ;
insert into naprt values ( 'pmorillon', 'Union pour la démocratie française' ) ;
insert into land values ( 'pmorillon', 'FR' ) ;
insert into komit values ( 'pmorillon', 'AFET', 2 ) ;
insert into komit values ( 'pmorillon', 'DEVE', 1 ) ;
insert into deleg values ( 'pmorillon', 'NATO', 9 ) ;
insert into adreu values ( 'pmorillon', 'European Parliament; Bât. Altiero Spinelli; 13E258; 60, rue Wiertz / Wiertzstraat 60; B-1047 Bruxelles/Brussel' ) ;
insert into adreu values ( 'pmorillon', 'European Parliament; Bât. Louise Weiss; T08020; Allée du Printemps; BP 10024/F; F-67070 Strasbourg Cedex' ) ;
insert into fax values ( 'pmorillon', '+32 (0)2 284 9506' ) ;
insert into fax values ( 'pmorillon', '+33 (0)3 88 17 9506' ) ;
insert into adrna values ( 'pmorillon', '133bis, rue de l\'Université F-75007 PARIS' ) ;

insert into pnom values ( 'bfuster', 'Sr. Luis BERENGUER FUSTER' ) ;
insert into euprt values ( 'bfuster', 'PSE', 2 ) ;
insert into naprt values ( 'bfuster', 'Partido Socialista Obrero Español' ) ;
insert into land values ( 'bfuster', 'ES' ) ;
insert into komit values ( 'bfuster', 'ITRE', 2 ) ;
insert into komit values ( 'bfuster', 'ECON', 1 ) ;
insert into komit values ( 'bfuster', 'JURI', 1 ) ;
insert into deleg values ( 'bfuster', 'ASEAN', 2 ) ;
insert into adreu values ( 'bfuster', 'European Parliament; Bât. Altiero Spinelli; 11G218; 60, rue Wiertz / Wiertzstraat 60; B-1047 Bruxelles/Brussel' ) ;
insert into adreu values ( 'bfuster', 'European Parliament; Bât. Louise Weiss; T07064; Allée du Printemps; BP 10024/F; F-67070 Strasbourg Cedex' ) ;
insert into fax values ( 'bfuster', '+32 (0)2 284 9341' ) ;
insert into fax values ( 'bfuster', '+33 (0)3 88 17 9341' ) ;
insert into mail values ( 'bfuster', 'ana@hpr2.es' ) ;
insert into http values ( 'bfuster', 'http://www.psoe-pe.org' ) ;
insert into adrna values ( 'bfuster', 'Calle Virgen del Socorro, 35 E-03002 ALICANTE' ) ;

insert into pnom values ( 'evalenciano', 'Sra. María Elena VALENCIANO MARTÍNEZ-OROZCO' ) ;
insert into euprt values ( 'evalenciano', 'PSE', 2 ) ;
insert into naprt values ( 'evalenciano', 'Partido Socialista Obrero Español' ) ;
insert into land values ( 'evalenciano', 'ES' ) ;
insert into komit values ( 'evalenciano', 'FEMM', 2 ) ;
insert into komit values ( 'evalenciano', 'ENVI', 2 ) ;
insert into komit values ( 'evalenciano', 'DEVE', 1 ) ;
insert into adreu values ( 'evalenciano', 'European Parliament; Bât. Altiero Spinelli; 11G169; 60, rue Wiertz / Wiertzstraat 60; B-1047 Bruxelles/Brussel' ) ;
insert into adreu values ( 'evalenciano', 'European Parliament; Bât. Louise Weiss; T07080; Allée du Printemps; BP 10024/F; F-67070 Strasbourg Cedex' ) ;
insert into fax values ( 'evalenciano', '+32 (0)2 284 9440' ) ;
insert into fax values ( 'evalenciano', '+33 (0)3 88 17 9440' ) ;
insert into mail values ( 'evalenciano', 'fund_mujeres@infornet.es' ) ;
insert into mail values ( 'evalenciano', 'evalenciano@europarl.eu.int' ) ;
insert into http values ( 'evalenciano', 'http://www.psoe-pe.org' ) ;
insert into adrna values ( 'evalenciano', 'c/ Pº Castellana, 113 E-28046 MADRID' ) ;

insert into pnom values ( 'dsarnez', 'Mme Marielle DE SARNEZ' ) ;
insert into euprt values ( 'dsarnez', 'EUPP', 5 ) ;
insert into naprt values ( 'dsarnez', 'Union pour la démocratie française' ) ;
insert into land values ( 'dsarnez', 'FR' ) ;
insert into komit values ( 'dsarnez', 'CULT', 2 ) ;
insert into komit values ( 'dsarnez', 'FEMM', 2 ) ;
insert into komit values ( 'dsarnez', 'AFET', 1 ) ;
insert into deleg values ( 'dsarnez', 'Maghreb', 2 ) ;
insert into adreu values ( 'dsarnez', 'European Parliament; Bât. Altiero Spinelli; 13E242; 60, rue Wiertz / Wiertzstraat 60; B-1047 Bruxelles/Brussel' ) ;
insert into adreu values ( 'dsarnez', 'European Parliament; Bât. Louise Weiss; T08029; Allée du Printemps; BP 10024/F; F-67070 Strasbourg Cedex' ) ;
insert into fax values ( 'dsarnez', '+32 (0)2 284 9297' ) ;
insert into fax values ( 'dsarnez', '+33 (0)3 88 17 9297' ) ;
insert into adrna values ( 'dsarnez', 'Parlement européen Rue Wiertz ASP 13E242  B-1047 BRUXELLES' ) ;

insert into pnom values ( 'jfourtou', 'Mme Janelly FOURTOU' ) ;
insert into euprt values ( 'jfourtou', 'EUPP', 2 ) ;
insert into naprt values ( 'jfourtou', 'Union pour la démocratie française' ) ;
insert into land values ( 'jfourtou', 'FR' ) ;
insert into komit values ( 'jfourtou', 'JURI', 2 ) ;
insert into komit values ( 'jfourtou', 'PETI', 2 ) ;
insert into komit values ( 'jfourtou', 'CULT', 1 ) ;
insert into deleg values ( 'jfourtou', 'CZ', 1 ) ;
insert into deleg values ( 'jfourtou', 'CAMx', 2 ) ;
insert into adreu values ( 'jfourtou', 'European Parliament; Bât. Altiero Spinelli; 13E146; 60, rue Wiertz / Wiertzstraat 60; B-1047 Bruxelles/Brussel' ) ;
insert into adreu values ( 'jfourtou', 'European Parliament; Bât. Louise Weiss; T08026; Allée du Printemps; BP 10024/F; F-67070 Strasbourg Cedex' ) ;
insert into fax values ( 'jfourtou', '+32 (0)2 284 9150' ) ;
insert into fax values ( 'jfourtou', '+33 (0)3 88 17 9150' ) ;
insert into adrna values ( 'jfourtou', 'Parlement européen Rue Wiertz ASP 13E146  B-1047 BRUXELLES' ) ;

insert into pnom values ( 'acercas', 'Sr. Alejandro CERCAS' ) ;
insert into euprt values ( 'acercas', 'PSE', 2 ) ;
insert into naprt values ( 'acercas', 'Partido Socialista Obrero Español' ) ;
insert into land values ( 'acercas', 'ES' ) ;
insert into komit values ( 'acercas', 'EMPL', 2 ) ;
insert into komit values ( 'acercas', 'AGRI', 1 ) ;
insert into deleg values ( 'acercas', 'IL', 2 ) ;
insert into adreu values ( 'acercas', 'European Parliament; Bât. Altiero Spinelli; 11G210; 60, rue Wiertz / Wiertzstraat 60; B-1047 Bruxelles/Brussel' ) ;
insert into adreu values ( 'acercas', 'European Parliament; Bât. Louise Weiss; T07072; Allée du Printemps; BP 10024/F; F-67070 Strasbourg Cedex' ) ;
insert into fax values ( 'acercas', '+32 (0)2 284 9455' ) ;
insert into fax values ( 'acercas', '+33 (0)3 88 17 9455' ) ;
insert into http values ( 'acercas', 'http://www.psoe-pe.org' ) ;
insert into adrna values ( 'acercas', 'Plaza de los Cortes, 9 E-28014 MADRID' ) ;

insert into pnom values ( 'tcornillet', 'M. Thierry CORNILLET' ) ;
insert into euprt values ( 'tcornillet', 'EUPP', 2 ) ;
insert into naprt values ( 'tcornillet', 'Union pour la démocratie française' ) ;
insert into land values ( 'tcornillet', 'FR' ) ;
insert into komit values ( 'tcornillet', 'LIBE', 2 ) ;
insert into komit values ( 'tcornillet', 'ITRE', 1 ) ;
insert into deleg values ( 'tcornillet', 'AuNz', 2 ) ;
insert into adreu values ( 'tcornillet', 'European Parliament; Bât. Altiero Spinelli; 13E154; 60, rue Wiertz / Wiertzstraat 60; B-1047 Bruxelles/Brussel' ) ;
insert into adreu values ( 'tcornillet', 'European Parliament; Bât. Louise Weiss; T08028; Allée du Printemps; BP 10024/F; F-67070 Strasbourg Cedex' ) ;
insert into fax values ( 'tcornillet', '+32 (0)2 284 9579' ) ;
insert into fax values ( 'tcornillet', '+33 (0)3 88 17 9579' ) ;
insert into adrna values ( 'tcornillet', 'Parlement européen Rue Wiertz ASP 13E154  B-1047 BRUXELLES' ) ;

insert into pnom values ( 'msudre', 'Mme Margie SUDRE' ) ;
insert into euprt values ( 'msudre', 'EUPP', 5 ) ;
insert into naprt values ( 'msudre', 'Rassemblement pour la République' ) ;
insert into land values ( 'msudre', 'FR' ) ;
insert into komit values ( 'msudre', 'RETT', 2 ) ;
insert into komit values ( 'msudre', 'PECH', 1 ) ;
insert into deleg values ( 'msudre', 'Mashreq', 8 ) ;
insert into adreu values ( 'msudre', 'European Parliament; Bât. Altiero Spinelli; 13E217; 60, rue Wiertz / Wiertzstraat 60; B-1047 Bruxelles/Brussel' ) ;
insert into adreu values ( 'msudre', 'European Parliament; Bât. Louise Weiss; T08008; Allée du Printemps; BP 10024/F; F-67070 Strasbourg Cedex' ) ;
insert into fax values ( 'msudre', '+32 (0)2 284 9473' ) ;
insert into fax values ( 'msudre', '+33 (0)3 88 17 9473' ) ;
insert into adrna values ( 'msudre', 'Parlement européen Rue Wiertz ASP 13E217  B-1047 BRUXELLES' ) ;

insert into pnom values ( 'hmartin', 'M. Hugues MARTIN' ) ;
insert into euprt values ( 'hmartin', 'EUPP', 2 ) ;
insert into naprt values ( 'hmartin', 'Rassemblement pour la République' ) ;
insert into land values ( 'hmartin', 'FR' ) ;
insert into komit values ( 'hmartin', 'PECH', 8 ) ;
insert into komit values ( 'hmartin', 'AFET', 2 ) ;
insert into deleg values ( 'hmartin', 'Maghreb', 2 ) ;
insert into adreu values ( 'hmartin', 'European Parliament; Bât. Altiero Spinelli; 13E169; 60, rue Wiertz / Wiertzstraat 60; B-1047 Bruxelles/Brussel' ) ;
insert into adreu values ( 'hmartin', 'European Parliament; Bât. Louise Weiss; T08012; Allée du Printemps; BP 10024/F; F-67070 Strasbourg Cedex' ) ;
insert into fax values ( 'hmartin', '+32 (0)2 284 9700' ) ;
insert into fax values ( 'hmartin', '+33 (0)3 88 17 9700' ) ;
insert into http values ( 'hmartin', 'http://www.huguesmartin.com' ) ;
insert into adrna values ( 'hmartin', 'Hôtel de Ville F-33077 BORDEAUX' ) ;

insert into pnom values ( 'jdaul', 'M. Joseph DAUL' ) ;
insert into euprt values ( 'jdaul', 'EUPP', 5 ) ;
insert into naprt values ( 'jdaul', 'Rassemblement pour la République' ) ;
insert into land values ( 'jdaul', 'FR' ) ;
insert into komit values ( 'jdaul', 'AGRI', 9 ) ;
insert into komit values ( 'jdaul', 'AFET', 1 ) ;
insert into deleg values ( 'jdaul', 'LV', 2 ) ;
insert into deleg values ( 'jdaul', 'RO', 1 ) ;
insert into adreu values ( 'jdaul', 'European Parliament; Bât. Altiero Spinelli; 13E261; 60, rue Wiertz / Wiertzstraat 60; B-1047 Bruxelles/Brussel' ) ;
insert into adreu values ( 'jdaul', 'European Parliament; Bât. Louise Weiss; T08013; Allée du Printemps; BP 10024/F; F-67070 Strasbourg Cedex' ) ;
insert into fax values ( 'jdaul', '+32 (0)2 284 9525' ) ;
insert into fax values ( 'jdaul', '+33 (0)3 88 17 9525' ) ;
insert into adrna values ( 'jdaul', '2, Rue de Berstett F-67370 PFETTISHEIM' ) ;

insert into pnom values ( 'gramos', 'Sra. María RODRÍGUEZ RAMOS' ) ;
insert into euprt values ( 'gramos', 'PSE', 2 ) ;
insert into naprt values ( 'gramos', 'Partido Socialista Obrero Español' ) ;
insert into land values ( 'gramos', 'ES' ) ;
insert into komit values ( 'gramos', 'AGRI', 8 ) ;
insert into komit values ( 'gramos', 'FEMM', 2 ) ;
insert into komit values ( 'gramos', 'ENVI', 1 ) ;
insert into deleg values ( 'gramos', 'CA', 2 ) ;
insert into adreu values ( 'gramos', 'European Parliament; Bât. Altiero Spinelli; 11G115; 60, rue Wiertz / Wiertzstraat 60; B-1047 Bruxelles/Brussel' ) ;
insert into adreu values ( 'gramos', 'European Parliament; Bât. Louise Weiss; T07143; Allée du Printemps; BP 10024/F; F-67070 Strasbourg Cedex' ) ;
insert into fax values ( 'gramos', '+32 (0)2 284 9508' ) ;
insert into fax values ( 'gramos', '+33 (0)3 88 17 9508' ) ;
insert into http values ( 'gramos', 'http://www.psoe-pe.org' ) ;
insert into adrna values ( 'gramos', 'Parlamento Europeo Rue Wiertz ASP 11G115  B-1047 BRUSELAS' ) ;

insert into pnom values ( 'mamarmar', 'Sr. Miguel Angel MARTÍNEZ MARTÍNEZ') ;
insert into euprt values ( 'mamarmar', 'PSE', 2 ) ;
insert into naprt values ( 'mamarmar', 'Partido Socialista Obrero Español' ) ;
insert into land values ( 'mamarmar', 'ES' ) ;
insert into komit values ( 'mamarmar', 'DEVE', 2 ) ;
insert into komit values ( 'mamarmar', 'AFET', 1 ) ;
insert into deleg values ( 'mamarmar', 'PL', 1 ) ;
insert into adreu values ( 'mamarmar', 'European Parliament; Bât. Altiero Spinelli; 11G354; 60, rue Wiertz / Wiertzstraat 60; B-1047 Bruxelles/Brussel' ) ;
insert into adreu values ( 'mamarmar', 'European Parliament; Bât. Louise Weiss; T07078; Allée du Printemps; BP 10024/F; F-67070 Strasbourg Cedex' ) ;
insert into fax values ( 'mamarmar', '+32 (0)2 284 9269' ) ;
insert into fax values ( 'mamarmar', '+33 (0)3 88 17 9269' ) ;
insert into http values ( 'mamarmar', 'http://www.psoe-pe.org' ) ;
insert into adrna values ( 'mamarmar', 'Urb. Montepríncipe, parcela A/4 Chalet n° 41 E-28660 BOADILLA DEL MONTE' ) ;

insert into pnom values ( 'dveyrac', 'Mme Christine DE VEYRAC' ) ;
insert into euprt values ( 'dveyrac', 'EUPP', 2 ) ;
insert into naprt values ( 'dveyrac', 'sans étiquette' ) ;
insert into land values ( 'dveyrac', 'FR' ) ;
insert into komit values ( 'dveyrac', 'RETT', 2 ) ;
insert into komit values ( 'dveyrac', 'CULT', 1 ) ;
insert into adreu values ( 'dveyrac', 'European Parliament; Bât. Altiero Spinelli; 13E210; 60, rue Wiertz / Wiertzstraat 60; B-1047 Bruxelles/Brussel' ) ;
insert into adreu values ( 'dveyrac', 'European Parliament; Bât. Louise Weiss; T08015; Allée du Printemps; BP 10024/F; F-67070 Strasbourg Cedex' ) ;
insert into fax values ( 'dveyrac', '+32 (0)2 284 9739' ) ;
insert into fax values ( 'dveyrac', '+33 (0)3 88 17 9739' ) ;
insert into adrna values ( 'dveyrac', 'Parlement européen Rue Wiertz ASP 13E210  B-1047 BRUXELLES' ) ;

insert into pnom values ( 'dvalle', 'Sr. Emilio MENÉNDEZ del VALLE' ) ;
insert into euprt values ( 'dvalle', 'PSE', 2 ) ;
insert into naprt values ( 'dvalle', 'Partido Socialista Obrero Español' ) ;
insert into land values ( 'dvalle', 'ES' ) ;
insert into komit values ( 'dvalle', 'AFET', 2 ) ;
insert into komit values ( 'dvalle', 'RETT', 1 ) ;
insert into deleg values ( 'dvalle', 'PLC', 8 ) ;
insert into adreu values ( 'dvalle', 'European Parliament; Bât. Altiero Spinelli; 11G346; 60, rue Wiertz / Wiertzstraat 60; B-1047 Bruxelles/Brussel' ) ;
insert into adreu values ( 'dvalle', 'European Parliament; Bât. Louise Weiss; T07084; Allée du Printemps; BP 10024/F; F-67070 Strasbourg Cedex' ) ;
insert into fax values ( 'dvalle', '+32 (0)2 284 9752' ) ;
insert into fax values ( 'dvalle', '+33 (0)3 88 17 9752' ) ;
insert into http values ( 'dvalle', 'http://www.psoe-pe.org' ) ;
insert into adrna values ( 'dvalle', 'Parlamento Europeo Rue Wiertz ASP 11G346  B-1047 BRUSELAS' ) ;

insert into pnom values ( 'lramos', 'Sra. Rosa MIGUÉLEZ RAMOS' ) ;
insert into euprt values ( 'lramos', 'PSE', 2 ) ;
insert into naprt values ( 'lramos', 'Partido Socialista Obrero Español' ) ;
insert into land values ( 'lramos', 'ES' ) ;
insert into komit values ( 'lramos', 'PECH', 8 ) ;
insert into komit values ( 'lramos', 'RETT', 2 ) ;
insert into komit values ( 'lramos', 'EMPL', 1 ) ;
insert into deleg values ( 'lramos', 'ChIsNo', 2 ) ;
insert into adreu values ( 'lramos', 'European Parliament; Bât. Altiero Spinelli; 11G318; 60, rue Wiertz / Wiertzstraat 60; B-1047 Bruxelles/Brussel' ) ;
insert into adreu values ( 'lramos', 'European Parliament; Bât. Louise Weiss; T07082; Allée du Printemps; BP 10024/F; F-67070 Strasbourg Cedex' ) ;
insert into fax values ( 'lramos', '+32 (0)2 284 9532' ) ;
insert into fax values ( 'lramos', '+33 (0)3 88 17 9532' ) ;
insert into http values ( 'lramos', 'http://www.psoe-pe.org' ) ;
insert into adrna values ( 'lramos', 'Parlamento Europeo Rue Wiertz ASP 11G318  B-1047 BRUSELAS' ) ;

insert into pnom values ( 'pesteve', 'Sr. Pere ESTEVE' ) ;
insert into euprt values ( 'pesteve', 'ELDR', 2 ) ;
insert into naprt values ( 'pesteve', 'Convergència Democràtica Catalunya' ) ;
insert into land values ( 'pesteve', 'ES' ) ;
insert into komit values ( 'pesteve', 'AFET', 2 ) ;
insert into komit values ( 'pesteve', 'AFCO', 1 ) ;
insert into deleg values ( 'pesteve', 'BG', 2 ) ;
insert into adreu values ( 'pesteve', 'European Parliament; Bât. Altiero Spinelli; 10G146; 60, rue Wiertz / Wiertzstraat 60; B-1047 Bruxelles/Brussel' ) ;
insert into adreu values ( 'pesteve', 'European Parliament; Bât. Louise Weiss; T11030; Allée du Printemps; BP 10024/F; F-67070 Strasbourg Cedex' ) ;
insert into fax values ( 'pesteve', '+32 (0)2 284 9367' ) ;
insert into fax values ( 'pesteve', '+33 (0)3 88 17 9367' ) ;
insert into mail values ( 'pesteve', 'pesteve@europarl.eu.int' ) ;
insert into mail values ( 'pesteve', 'p.esteve@convergencia.org' ) ;
insert into adrna values ( 'pesteve', 'Rbla. De Catalunya, 47 E-08007  BARCELONA' ) ;

insert into pnom values ( 'gfraisse', 'Mme Geneviève FRAISSE' ) ;
insert into euprt values ( 'gfraisse', 'LEFT', 2 ) ;
insert into naprt values ( 'gfraisse', 'Indépendant' ) ;
insert into land values ( 'gfraisse', 'FR' ) ;
insert into komit values ( 'gfraisse', 'CULT', 2 ) ;
insert into komit values ( 'gfraisse', 'FEMM', 2 ) ;
insert into deleg values ( 'gfraisse', 'EE', 2 ) ;
insert into adreu values ( 'gfraisse', 'European Parliament; Bât. Altiero Spinelli; 09G116; 60, rue Wiertz / Wiertzstraat 60; B-1047 Bruxelles/Brussel' ) ;
insert into adreu values ( 'gfraisse', 'European Parliament; Bât. Louise Weiss; T05145; Allée du Printemps; BP 10024/F; F-67070 Strasbourg Cedex' ) ;
insert into fax values ( 'gfraisse', '+32 (0)2 284 9555' ) ;
insert into fax values ( 'gfraisse', '+33 (0)3 88 17 9555' ) ;
insert into mail values ( 'gfraisse', 'gfraisse@europarl.eu.int' ) ;
insert into adrna values ( 'gfraisse', '64, Boulevard Blanqui F-75013 PARIS' ) ;

insert into pnom values ( 'yboudjenah', 'Mme Yasmine BOUDJENAH' ) ;
insert into euprt values ( 'yboudjenah', 'LEFT', 2 ) ;
insert into naprt values ( 'yboudjenah', 'PCF' ) ;
insert into land values ( 'yboudjenah', 'FR' ) ;
insert into komit values ( 'yboudjenah', 'DEVE', 2 ) ;
insert into komit values ( 'yboudjenah', 'EMPL', 1 ) ;
insert into deleg values ( 'yboudjenah', 'Maghreb', 2 ) ;
insert into adreu values ( 'yboudjenah', 'European Parliament; Bât. Altiero Spinelli; 09G153; 60, rue Wiertz / Wiertzstraat 60; B-1047 Bruxelles/Brussel' ) ;
insert into adreu values ( 'yboudjenah', 'European Parliament; Bât. Louise Weiss; T05086; Allée du Printemps; BP 10024/F; F-67070 Strasbourg Cedex' ) ;
insert into fax values ( 'yboudjenah', '+32 (0)2 284 9163' ) ;
insert into fax values ( 'yboudjenah', '+33 (0)3 88 17 9163' ) ;
insert into adrna values ( 'yboudjenah', '64, Boulevard Auguste Blanqui F-75013 PARIS' ) ;

insert into pnom values ( 'fsylla', 'M. Fodé SYLLA' ) ;
insert into euprt values ( 'fsylla', 'LEFT', 2 ) ;
insert into naprt values ( 'fsylla', 'Indépendant' ) ;
insert into land values ( 'fsylla', 'FR' ) ;
insert into komit values ( 'fsylla', 'LIBE', 2 ) ;
insert into komit values ( 'fsylla', 'DEVE', 1 ) ;
insert into adreu values ( 'fsylla', 'European Parliament; Bât. Altiero Spinelli; 09G107; 60, rue Wiertz / Wiertzstraat 60; B-1047 Bruxelles/Brussel' ) ;
insert into adreu values ( 'fsylla', 'European Parliament; Bât. Louise Weiss; T05088; Allée du Printemps; BP 10024/F; F-67070 Strasbourg Cedex' ) ;
insert into fax values ( 'fsylla', '+32 (0)2 284 9278' ) ;
insert into fax values ( 'fsylla', '+33 (0)3 88 17 9278' ) ;
insert into adrna values ( 'fsylla', 'Parlement européen Rue Wiertz ASP 09G107  B-1047 BRUXELLES' ) ;

insert into pnom values ( 'cpasqua', 'M. Charles PASQUA' ) ;
insert into euprt values ( 'cpasqua', 'NEUU', 9 ) ;
insert into naprt values ( 'cpasqua', 'Rassemblement pour la France' ) ;
insert into land values ( 'cpasqua', 'FR' ) ;
insert into komit values ( 'cpasqua', 'EMPL', 2 ) ;
insert into komit values ( 'cpasqua', 'CONT', 1 ) ;
insert into deleg values ( 'cpasqua', 'RU', 2 ) ;
insert into adreu values ( 'cpasqua', 'European Parliament; Bât. Altiero Spinelli; 06F158; 60, rue Wiertz / Wiertzstraat 60; B-1047 Bruxelles/Brussel' ) ;
insert into adreu values ( 'cpasqua', 'European Parliament; Bât. Louise Weiss; T06038; Allée du Printemps; BP 10024/F; F-67070 Strasbourg Cedex' ) ;
insert into fax values ( 'cpasqua', '+32 (0)2 284 9914' ) ;
insert into fax values ( 'cpasqua', '+33 (0)3 88 17 9914' ) ;
insert into adrna values ( 'cpasqua', '12-16, Bd. Soufflot F-92000 NAUTERRE' ) ;

insert into pnom values ( 'ogaraud', 'Mme Marie-Françoise GARAUD' ) ;
insert into euprt values ( 'ogaraud', 'NON', 2 ) ;
insert into naprt values ( 'ogaraud', 'sans étiquette' ) ;
insert into land values ( 'ogaraud', 'FR' ) ;
insert into komit values ( 'ogaraud', 'JURI', 2 ) ;
insert into komit values ( 'ogaraud', 'LIBE', 1 ) ;
insert into deleg values ( 'ogaraud', 'CY', 2 ) ;
insert into adreu values ( 'ogaraud', 'European Parliament; Bât. Altiero Spinelli; 11G206; 60, rue Wiertz / Wiertzstraat 60; B-1047 Bruxelles/Brussel' ) ;
insert into adreu values ( 'ogaraud', 'European Parliament; Bât. Louise Weiss; T07087; Allée du Printemps; BP 10024/F; F-67070 Strasbourg Cedex' ) ;
insert into fax values ( 'ogaraud', '+32 (0)2 284 9343' ) ;
insert into fax values ( 'ogaraud', '+33 (0)3 88 17 9343' ) ;
insert into mail values ( 'ogaraud', 'instit.geopol@wanadoo.fr' ) ;
insert into adrna values ( 'ogaraud', '27, Quai Anatole France F-75007 PARIS' ) ;

insert into pnom values ( 'wabitbol', 'M. William ABITBOL' ) ;
insert into euprt values ( 'wabitbol', 'DIV', 2 ) ;
insert into naprt values ( 'wabitbol', 'Rassemblement pour la France' ) ;
insert into land values ( 'wabitbol', 'FR' ) ;
insert into komit values ( 'wabitbol', 'AFCO', 8 ) ;
insert into komit values ( 'wabitbol', 'ECON', 1 ) ;
insert into deleg values ( 'wabitbol', 'Balkan', 2 ) ;
insert into adreu values ( 'wabitbol', 'European Parliament; Bât. Altiero Spinelli; 06F167; 60, rue Wiertz / Wiertzstraat 60; B-1047 Bruxelles/Brussel' ) ;
insert into adreu values ( 'wabitbol', 'European Parliament; Bât. Louise Weiss; T13033; Allée du Printemps; BP 10024/F; F-67070 Strasbourg Cedex' ) ;
insert into fax values ( 'wabitbol', '+32 (0)2 284 9224' ) ;
insert into fax values ( 'wabitbol', '+33 (0)3 88 17 9224' ) ;
insert into adrna values ( 'wabitbol', 'Rassemblement pour la France 159, rue Charles de Gaulle F-92200 NEUILLY' ) ;

insert into pnom values ( 'emontfort', 'Mme Elizabeth MONTFORT' ) ;
insert into euprt values ( 'emontfort', 'NON', 2 ) ;
insert into naprt values ( 'emontfort', 'Mouvement pour la France' ) ;
insert into land values ( 'emontfort', 'FR' ) ;
insert into komit values ( 'emontfort', 'ITRE', 2 ) ;
insert into komit values ( 'emontfort', 'LIBE', 1 ) ;
insert into deleg values ( 'emontfort', 'LV', 2 ) ;
insert into adreu values ( 'emontfort', 'European Parliament; Bât. Altiero Spinelli; 06F247; 60, rue Wiertz / Wiertzstraat 60; B-1047 Bruxelles/Brussel' ) ;
insert into adreu values ( 'emontfort', 'European Parliament; Bât. Louise Weiss; T13023; Allée du Printemps; BP 10024/F; F-67070 Strasbourg Cedex' ) ;
insert into fax values ( 'emontfort', '+32 (0)2 284 9530' ) ;
insert into fax values ( 'emontfort', '+33 (0)3 88 17 9530' ) ;
insert into adrna values ( 'emontfort', 'Parlement européen 288, bd. Saint Germain F-75007 PARIS' ) ;

insert into pnom values ( 'icaullery', 'Mme Isabelle CAULLERY' ) ;
insert into euprt values ( 'icaullery', 'NEUU', 2 ) ;
insert into naprt values ( 'icaullery', 'Rassemblement pour la France' ) ;
insert into land values ( 'icaullery', 'FR' ) ;
insert into komit values ( 'icaullery', 'DEVE', 2 ) ;
insert into komit values ( 'icaullery', 'JURI', 1 ) ;
insert into deleg values ( 'icaullery', 'UA', 8 ) ;
insert into adreu values ( 'icaullery', 'European Parliament; Bât. Altiero Spinelli; 06F255; 60, rue Wiertz / Wiertzstraat 60; B-1047 Bruxelles/Brussel' ) ;
insert into adreu values ( 'icaullery', 'European Parliament; Bât. Louise Weiss; T13025; Allée du Printemps; BP 10024/F; F-67070 Strasbourg Cedex' ) ;
insert into fax values ( 'icaullery', '+32 (0)2 284 9263' ) ;
insert into fax values ( 'icaullery', '+33 (0)3 88 17 9263' ) ;
insert into adrna values ( 'icaullery', '129, rue Charles de Gaulle F-92200 NEUILLY-SUR- SEINE' ) ;

insert into pnom values ( 'cmarchiani', 'M. Jean-Charles MARCHIANI' ) ;
insert into euprt values ( 'cmarchiani', 'NEUU', 2 ) ;
insert into naprt values ( 'cmarchiani', 'Rassemblement pour la France' ) ;
insert into land values ( 'cmarchiani', 'FR' ) ;
insert into komit values ( 'cmarchiani', 'AFET', 2 ) ;
insert into komit values ( 'cmarchiani', 'LIBE', 1 ) ;
insert into deleg values ( 'cmarchiani', 'Maghreb', 2 ) ;
insert into adreu values ( 'cmarchiani', 'European Parliament; Bât. Altiero Spinelli; 06F266; 60, rue Wiertz / Wiertzstraat 60; B-1047 Bruxelles/Brussel' ) ;
insert into adreu values ( 'cmarchiani', 'European Parliament; Bât. Louise Weiss; T13027; Allée du Printemps; BP 10024/F; F-67070 Strasbourg Cedex' ) ;
insert into fax values ( 'cmarchiani', '+32 (0)2 284 9533' ) ;
insert into fax values ( 'cmarchiani', '+33 (0)3 88 17 9533' ) ;
insert into adrna values ( 'cmarchiani', '3018, avenue de la Résistance F-83100 TOULON' ) ;

insert into pnom values ( 'lperriere', 'M. Thierry de LA PERRIERE' ) ;
insert into euprt values ( 'lperriere', 'NON', 2 ) ;
insert into naprt values ( 'lperriere', 'Mouvement pour la France' ) ;
insert into land values ( 'lperriere', 'FR' ) ;
insert into komit values ( 'lperriere', 'CULT', 2 ) ;
insert into komit values ( 'lperriere', 'ITRE', 1 ) ;
insert into deleg values ( 'lperriere', 'AmGeAz', 2 ) ;
insert into adreu values ( 'lperriere', 'European Parliament; Bât. Altiero Spinelli; 06F254; 60, rue Wiertz / Wiertzstraat 60; B-1047 Bruxelles/Brussel' ) ;
insert into adreu values ( 'lperriere', 'European Parliament; Bât. Louise Weiss; T13017; Allée du Printemps; BP 10024/F; F-67070 Strasbourg Cedex' ) ;
insert into fax values ( 'lperriere', '+32 (0)2 284 9454' ) ;
insert into fax values ( 'lperriere', '+33 (0)3 88 17 9454' ) ;
insert into adrna values ( 'lperriere', '52, rue Rennequin F-75017 PARIS' ) ;

insert into pnom values ( 'fkuntz', 'Mme Florence KUNTZ' ) ;
insert into euprt values ( 'fkuntz', 'DIV', 2 ) ;
insert into naprt values ( 'fkuntz', 'Rassemblement pour la France' ) ;
insert into land values ( 'fkuntz', 'FR' ) ;
insert into komit values ( 'fkuntz', 'CULT', 2 ) ;
insert into komit values ( 'fkuntz', 'AFCO', 1 ) ;
insert into deleg values ( 'fkuntz', 'Maghreb', 2 ) ;
insert into adreu values ( 'fkuntz', 'European Parliament; Bât. Altiero Spinelli; 06F258; 60, rue Wiertz / Wiertzstraat 60; B-1047 Bruxelles/Brussel' ) ;
insert into adreu values ( 'fkuntz', 'European Parliament; Bât. Louise Weiss; T13029; Allée du Printemps; BP 10024/F; F-67070 Strasbourg Cedex' ) ;
insert into fax values ( 'fkuntz', '+32 (0)2 284 9753' ) ;
insert into fax values ( 'fkuntz', '+33 (0)3 88 17 9753' ) ;
insert into adrna values ( 'fkuntz', '11, rue Emile Zola F-69002 LYON' ) ;

insert into pnom values ( 'bojeda', 'Sr. Carlos BAUTISTA OJEDA' ) ;
insert into euprt values ( 'bojeda', 'VERD', 2 ) ;
insert into naprt values ( 'bojeda', 'Partido Andalucista' ) ;
insert into land values ( 'bojeda', 'ES' ) ;
insert into komit values ( 'bojeda', 'AGRI', 2 ) ;
insert into komit values ( 'bojeda', 'RETT', 1 ) ;
insert into deleg values ( 'bojeda', 'Maghreb', 2 ) ;
insert into adreu values ( 'bojeda', 'European Parliament; Bât. Altiero Spinelli; 08H161; 60, rue Wiertz / Wiertzstraat 60; B-1047 Bruxelles/Brussel' ) ;
insert into adreu values ( 'bojeda', 'European Parliament; Bât. Louise Weiss; T05082; Allée du Printemps; BP 10024/F; F-67070 Strasbourg Cedex' ) ;
insert into fax values ( 'bojeda', '+32 (0)2 284 9339' ) ;
insert into fax values ( 'bojeda', '+33 (0)3 88 17 9339' ) ;
insert into adrna values ( 'bojeda', 'Parlamento Europeo Rue Wiertz ASP 8H161  B-1047 BRUSELAS' ) ;

insert into pnom values ( 'jortuondo', 'Sr. Josu ORTUONDO LARREA' ) ;
insert into euprt values ( 'jortuondo', 'VERD', 2 ) ;
insert into naprt values ( 'jortuondo', 'Partido Nacionalista Vasco' ) ;
insert into land values ( 'jortuondo', 'ES' ) ;
insert into komit values ( 'jortuondo', 'RETT', 2 ) ;
insert into komit values ( 'jortuondo', 'ITRE', 1 ) ;
insert into deleg values ( 'jortuondo', 'US', 2 ) ;
insert into adreu values ( 'jortuondo', 'European Parliament; Bât. Altiero Spinelli; 08H247; 60, rue Wiertz / Wiertzstraat 60; B-1047 Bruxelles/Brussel' ) ;
insert into adreu values ( 'jortuondo', 'European Parliament; Bât. Louise Weiss; T05059; Allée du Printemps; BP 10024/F; F-67070 Strasbourg Cedex' ) ;
insert into fax values ( 'jortuondo', '+32 (0)2 284 9267' ) ;
insert into fax values ( 'jortuondo', '+33 (0)3 88 17 9267' ) ;
insert into mail values ( 'jortuondo', 'jortuondo@europarl.eu.int' ) ;
insert into http values ( 'jortuondo', 'http://www.eaj-pnv.com' ) ;
insert into adrna values ( 'jortuondo', 'C/ Ibañez de Bilbao, 16 E-48001 BILBAO' ) ;

insert into pnom values ( 'gatxalandabaso', 'Sr. Koldo GOROSTIAGA ATXALANDABASO' ) ;
insert into euprt values ( 'gatxalandabaso', 'NON', 2 ) ;
insert into naprt values ( 'gatxalandabaso', 'Euskal Herritarrok' ) ;
insert into land values ( 'gatxalandabaso', 'ES' ) ;
insert into komit values ( 'gatxalandabaso', 'EMPL', 2 ) ;
insert into komit values ( 'gatxalandabaso', 'FEMM', 2 ) ;
insert into komit values ( 'gatxalandabaso', 'ENVI', 1 ) ;
insert into deleg values ( 'gatxalandabaso', 'CAMx', 2 ) ;
insert into adreu values ( 'gatxalandabaso', 'European Parliament; Bât. Altiero Spinelli; 15G269; 60, rue Wiertz / Wiertzstraat 60; B-1047 Bruxelles/Brussel' ) ;
insert into adreu values ( 'gatxalandabaso', 'European Parliament; Bât. Louise Weiss; T06034; Allée du Printemps; BP 10024/F; F-67070 Strasbourg Cedex' ) ;
insert into fax values ( 'gatxalandabaso', '+32 (0)2 284 9881' ) ;
insert into fax values ( 'gatxalandabaso', '+33 (0)3 88 17 9881' ) ;
insert into adrna values ( 'gatxalandabaso', '3, rue de l\'Enclume apt 3 Saint Josse B-1210 BRUXELLES' ) ;

insert into pnom values ( 'cnoguierar', 'Sr. Camilo NOGUEIRA ROMÁN') ;
insert into euprt values ( 'cnoguierar', 'VERD', 2 ) ;
insert into naprt values ( 'cnoguierar', 'Bloque Nacionalista Galego' ) ;
insert into land values ( 'cnoguierar', 'ES' ) ;
insert into komit values ( 'cnoguierar', 'RETT', 2 ) ;
insert into komit values ( 'cnoguierar', 'AFCO', 1 ) ;
insert into komit values ( 'cnoguierar', 'PECH', 1 ) ;
insert into deleg values ( 'cnoguierar', 'MERCOSUR', 2 ) ;
insert into adreu values ( 'cnoguierar', 'European Parliament; Bât. Altiero Spinelli; 08H243; 60, rue Wiertz / Wiertzstraat 60; B-1047 Bruxelles/Brussel' ) ;
insert into adreu values ( 'cnoguierar', 'European Parliament; Bât. Louise Weiss; T05084; Allée du Printemps; BP 10024/F; F-67070 Strasbourg Cedex' ) ;
insert into fax values ( 'cnoguierar', '+32 (0)2 284 9299' ) ;
insert into fax values ( 'cnoguierar', '+33 (0)3 88 17 9299' ) ;
insert into adrna values ( 'cnoguierar', 'Parlamento Europeo Rue Wiertz ASP 8H243  B-1047 BRUSELAS' ) ;

insert into pnom values ( 'tmauro', 'Mme Nicole THOMAS-MAURO' ) ;
insert into euprt values ( 'tmauro', 'NON', 2 ) ;
insert into naprt values ( 'tmauro', 'Mouvement pour la France' ) ;
insert into land values ( 'tmauro', 'FR' ) ;
insert into komit values ( 'tmauro', 'FEMM', 2 ) ;
insert into komit values ( 'tmauro', 'ENVI', 2 ) ;
insert into komit values ( 'tmauro', 'EMPL', 1 ) ;
insert into deleg values ( 'tmauro', 'LT', 2 ) ;
insert into deleg values ( 'tmauro', 'HU', 1 ) ;
insert into adreu values ( 'tmauro', 'European Parliament; Bât. Altiero Spinelli; 06F259; 60, rue Wiertz / Wiertzstraat 60; B-1047 Bruxelles/Brussel' ) ;
insert into adreu values ( 'tmauro', 'European Parliament; Bât. Louise Weiss; T13021; Allée du Printemps; BP 10024/F; F-67070 Strasbourg Cedex' ) ;
insert into fax values ( 'tmauro', '+32 (0)2 284 9573' ) ;
insert into fax values ( 'tmauro', '+33 (0)3 88 17 9573' ) ;
insert into adrna values ( 'tmauro', 'Parlement européen Rue Wiertz ASP 6F259  B-1047 BRUXELLES' ) ;

insert into pnom values ( 'adoyle', 'Mrs Avril DOYLE' ) ;
insert into euprt values ( 'adoyle', 'EUPP', 5 ) ;
insert into naprt values ( 'adoyle', 'Fine Gael Party' ) ;
insert into land values ( 'adoyle', 'IE' ) ;
insert into komit values ( 'adoyle', 'ENVI', 2 ) ;
insert into komit values ( 'adoyle', 'AGRI', 1 ) ;
insert into deleg values ( 'adoyle', 'ZA', 2 ) ;
insert into adreu values ( 'adoyle', 'European Parliament; Bât. Altiero Spinelli; 08F349; 60, rue Wiertz / Wiertzstraat 60; B-1047 Bruxelles/Brussel' ) ;
insert into adreu values ( 'adoyle', 'European Parliament; Bât. Louise Weiss; T09036; Allée du Printemps; BP 10024/F; F-67070 Strasbourg Cedex' ) ;
insert into fax values ( 'adoyle', '+32 (0)2 284 9784' ) ;
insert into fax values ( 'adoyle', '+33 (0)3 88 17 9784' ) ;
insert into adrna values ( 'adoyle', 'Kitestown  WEXFORD' ) ;

insert into pnom values ( 'pcouteaux', 'M. Paul COUTEAUX' ) ;
insert into euprt values ( 'pcouteaux', 'DIV', 5 ) ;
insert into naprt values ( 'pcouteaux', 'Rassemblement pour la France' ) ;
insert into land values ( 'pcouteaux', 'FR' ) ;
insert into komit values ( 'pcouteaux', 'AFET', 2 ) ;
insert into komit values ( 'pcouteaux', 'DEVE', 1 ) ;
insert into adreu values ( 'pcouteaux', 'European Parliament; Bât. Altiero Spinelli; 06F243; 60, rue Wiertz / Wiertzstraat 60; B-1047 Bruxelles/Brussel' ) ;
insert into adreu values ( 'pcouteaux', 'European Parliament; Bât. Louise Weiss; T13031; Allée du Printemps; BP 10024/F; F-67070 Strasbourg Cedex' ) ;
insert into fax values ( 'pcouteaux', '+32 (0)2 284 9206' ) ;
insert into fax values ( 'pcouteaux', '+33 (0)3 88 17 9206' ) ;
insert into adrna values ( 'pcouteaux', 'Le Fournay F-18320 JOUET SUR L\'AUBOIS' ) ;

insert into pnom values ( 'alipietz', 'M. Alain LIPIETZ' ) ;
insert into euprt values ( 'alipietz', 'VERD', 2 ) ;
insert into naprt values ( 'alipietz', 'Les Verts-Europe-Ecologie' ) ;
insert into land values ( 'alipietz', 'FR' ) ;
insert into komit values ( 'alipietz', 'ECON', 2 ) ;
insert into komit values ( 'alipietz', 'EMPL', 1 ) ;
insert into deleg values ( 'alipietz', 'MERCOSUR', 2 ) ;
insert into adreu values ( 'alipietz', 'European Parliament; Bât. Altiero Spinelli; 08G242; 60, rue Wiertz / Wiertzstraat 60; B-1047 Bruxelles/Brussel' ) ;
insert into adreu values ( 'alipietz', 'European Parliament; Bât. Louise Weiss; T05050; Allée du Printemps; BP 10024/F; F-67070 Strasbourg Cedex' ) ;
insert into fax values ( 'alipietz', '+32 (0)2 284 9207' ) ;
insert into fax values ( 'alipietz', '+33 (0)3 88 17 9207' ) ;
insert into adrna values ( 'alipietz', '22 rue du XI Novembre F-94800 VILLEJUIF' ) ;

insert into pnom values ( 'nflautre', 'Mme Hélène FLAUTRE' ) ;
insert into euprt values ( 'nflautre', 'VERD', 2 ) ;
insert into naprt values ( 'nflautre', 'Les Verts-Europe-Ecologie' ) ;
insert into land values ( 'nflautre', 'FR' ) ;
insert into komit values ( 'nflautre', 'EMPL', 2 ) ;
insert into komit values ( 'nflautre', 'AFET', 1 ) ;
insert into deleg values ( 'nflautre', 'TR', 1 ) ;
insert into deleg values ( 'nflautre', 'Maghreb', 2 ) ;
insert into adreu values ( 'nflautre', 'European Parliament; Bât. Altiero Spinelli; 08G169; 60, rue Wiertz / Wiertzstraat 60; B-1047 Bruxelles/Brussel' ) ;
insert into adreu values ( 'nflautre', 'European Parliament; Bât. Louise Weiss; T05058; Allée du Printemps; BP 10024/F; F-67070 Strasbourg Cedex' ) ;
insert into fax values ( 'nflautre', '+32 (0)2 284 9364' ) ;
insert into fax values ( 'nflautre', '+33 (0)3 88 17 9364' ) ;
insert into adrna values ( 'nflautre', 'Parlement européen Rue Wiertz ASP 8G169  B-1047 BRUXELLES' ) ;

insert into pnom values ( 'dauroi', 'Mme Danielle AUROI' ) ;
insert into euprt values ( 'dauroi', 'VERD', 2 ) ;
insert into naprt values ( 'dauroi', 'Les Verts-Europe-Ecologie' ) ;
insert into land values ( 'dauroi', 'FR' ) ;
insert into komit values ( 'dauroi', 'AGRI', 2 ) ;
insert into komit values ( 'dauroi', 'ITRE', 1 ) ;
insert into komit values ( 'dauroi', 'FEMM', 1 ) ;
insert into deleg values ( 'dauroi', 'PLC', 8 ) ;
insert into adreu values ( 'dauroi', 'European Parliament; Bât. Altiero Spinelli; 08G210; 60, rue Wiertz / Wiertzstraat 60; B-1047 Bruxelles/Brussel' ) ;
insert into adreu values ( 'dauroi', 'European Parliament; Bât. Louise Weiss; T05115; Allée du Printemps; BP 10024/F; F-67070 Strasbourg Cedex' ) ;
insert into fax values ( 'dauroi', '+32 (0)2 284 9754' ) ;
insert into fax values ( 'dauroi', '+33 (0)3 88 17 9754' ) ;
insert into adrna values ( 'dauroi', '20, place d\'Espagne F-63000 CLERMONT-FERRAND' ) ;

insert into pnom values ( 'drod', 'M. Didier ROD' ) ;
insert into euprt values ( 'drod', 'VERD', 2 ) ;
insert into naprt values ( 'drod', 'Les Verts-Europe-Ecologie' ) ;
insert into land values ( 'drod', 'FR' ) ;
insert into komit values ( 'drod', 'DEVE', 2 ) ;
insert into komit values ( 'drod', 'ENVI', 1 ) ;
insert into adreu values ( 'drod', 'European Parliament; Bât. Altiero Spinelli; 08G246; 60, rue Wiertz / Wiertzstraat 60; B-1047 Bruxelles/Brussel' ) ;
insert into adreu values ( 'drod', 'European Parliament; Bât. Louise Weiss; T05056; Allée du Printemps; BP 10024/F; F-67070 Strasbourg Cedex' ) ;
insert into fax values ( 'drod', '+32 (0)2 284 9437' ) ;
insert into fax values ( 'drod', '<TR><TD width="100%" bgcolor="#ffffff" colspan="2"><HR></TD></TR>' ) ;
insert into adrna values ( 'drod', 'Parlement européen Rue Wiertz ASP 8G246  B-1047 BRUXELLES' ) ;

insert into pnom values ( 'bthiery', 'Mme Alima BOUMEDIENE-THIERY' ) ;
insert into euprt values ( 'bthiery', 'VERD', 2 ) ;
insert into naprt values ( 'bthiery', 'Les Verts-Europe-Ecologie' ) ;
insert into land values ( 'bthiery', 'FR' ) ;
insert into komit values ( 'bthiery', 'LIBE', 2 ) ;
insert into deleg values ( 'bthiery', 'Mashreq', 2 ) ;
insert into adreu values ( 'bthiery', 'European Parliament; Bât. Altiero Spinelli; 08G258; 60, rue Wiertz / Wiertzstraat 60; B-1047 Bruxelles/Brussel' ) ;
insert into adreu values ( 'bthiery', 'European Parliament; Bât. Louise Weiss; T05054; Allée du Printemps; BP 10024/F; F-67070 Strasbourg Cedex' ) ;
insert into fax values ( 'bthiery', '+32 (0)2 284 9574' ) ;
insert into fax values ( 'bthiery', '+33 (0)3 88 17 9574' ) ;
insert into adrna values ( 'bthiery', '2, place d\'Alembert F-95100 ARGENTEUIL' ) ;

insert into pnom values ( 'rscallon', 'Mrs Dana Rosemary SCALLON' ) ;
insert into euprt values ( 'rscallon', 'EUPP', 2 ) ;
insert into naprt values ( 'rscallon', 'Independent' ) ;
insert into land values ( 'rscallon', 'IE' ) ;
insert into komit values ( 'rscallon', 'RETT', 2 ) ;
insert into komit values ( 'rscallon', 'CULT', 1 ) ;
insert into adreu values ( 'rscallon', 'European Parliament; Bât. Altiero Spinelli; 08F265; 60, rue Wiertz / Wiertzstraat 60; B-1047 Bruxelles/Brussel' ) ;
insert into adreu values ( 'rscallon', 'European Parliament; Bât. Louise Weiss; T09034; Allée du Printemps; BP 10024/F; F-67070 Strasbourg Cedex' ) ;
insert into fax values ( 'rscallon', '+32 (0)2 284 9570' ) ;
insert into fax values ( 'rscallon', '+33 (0)3 88 17 9570' ) ;
insert into adrna values ( 'rscallon', 'European Parliament Rue Wiertz ASP  8F265  B-1047 BRUSSELS' ) ;

insert into pnom values ( 'ypietrasanta', 'M. Yves PIÉTRASANTA') ;
insert into euprt values ( 'ypietrasanta', 'VERD', 2 ) ;
insert into naprt values ( 'ypietrasanta', 'Les Verts-Europe-Ecologie' ) ;
insert into land values ( 'ypietrasanta', 'FR' ) ;
insert into komit values ( 'ypietrasanta', 'ITRE', 8 ) ;
insert into komit values ( 'ypietrasanta', 'PECH', 1 ) ;
insert into deleg values ( 'ypietrasanta', 'Mashreq', 2 ) ;
insert into adreu values ( 'ypietrasanta', 'European Parliament; Bât. Altiero Spinelli; 08G254; 60, rue Wiertz / Wiertzstraat 60; B-1047 Bruxelles/Brussel' ) ;
insert into adreu values ( 'ypietrasanta', 'European Parliament; Bât. Louise Weiss; T05052; Allée du Printemps; BP 10024/F; F-67070 Strasbourg Cedex' ) ;
insert into fax values ( 'ypietrasanta', '+32 (0)2 284 9475' ) ;
insert into fax values ( 'ypietrasanta', '+33 (0)3 88 17 9475' ) ;
insert into mail values ( 'ypietrasanta', 'mairie.meze@wanadoo.fr' ) ;
insert into adrna values ( 'ypietrasanta', 'Hôtel de Ville Place Aristide Briand F-34140 MEZE' ) ;

insert into pnom values ( 'rcosta', 'On. Raffaele COSTA' ) ;
insert into euprt values ( 'rcosta', 'EUPP', 2 ) ;
insert into naprt values ( 'rcosta', 'Forza Italia' ) ;
insert into land values ( 'rcosta', 'IT' ) ;
insert into komit values ( 'rcosta', 'ENVI', 2 ) ;
insert into komit values ( 'rcosta', 'BUDG', 1 ) ;
insert into deleg values ( 'rcosta', 'AmGeAz', 2 ) ;
insert into adreu values ( 'rcosta', 'European Parliament; Bât. Altiero Spinelli; 09E210; 60, rue Wiertz / Wiertzstraat 60; B-1047 Bruxelles/Brussel' ) ;
insert into adreu values ( 'rcosta', 'European Parliament; Bât. Louise Weiss; T10052; Allée du Printemps; BP 10024/F; F-67070 Strasbourg Cedex' ) ;
insert into fax values ( 'rcosta', '+32 (0)2 284 9331' ) ;
insert into fax values ( 'rcosta', '<TR><TD width="100%" bgcolor="#ffffff" colspan="2"><HR></TD></TR>' ) ;
insert into adrna values ( 'rcosta', 'Camera dei Deputati Palazzo Marini Via del Tritone , 17  I-00100 ROMA' ) ;

insert into pnom values ( 'mmauro', 'On. Mario MAURO' ) ;
insert into euprt values ( 'mmauro', 'EUPP', 2 ) ;
insert into naprt values ( 'mmauro', 'Forza Italia' ) ;
insert into land values ( 'mmauro', 'IT' ) ;
insert into komit values ( 'mmauro', 'CULT', 8 ) ;
insert into komit values ( 'mmauro', 'AFET', 1 ) ;
insert into deleg values ( 'mmauro', 'AuNz', 2 ) ;
insert into adreu values ( 'mmauro', 'European Parliament; Bât. Altiero Spinelli; 09E165; 60, rue Wiertz / Wiertzstraat 60; B-1047 Bruxelles/Brussel' ) ;
insert into adreu values ( 'mmauro', 'European Parliament; Bât. Louise Weiss; T10046; Allée du Printemps; BP 10024/F; F-67070 Strasbourg Cedex' ) ;
insert into fax values ( 'mmauro', '+32 (0)2 284 9387' ) ;
insert into fax values ( 'mmauro', '+33 (0)3 88 17 9387' ) ;
insert into http values ( 'mmauro', 'http://www.difendiamoilfuturo.it' ) ;
insert into adrna values ( 'mmauro', 'Via Trau, 2 I-20159  MILANO' ) ;

insert into pnom values ( 'mdellutri', 'On. Marcello DELL\'UTRI') ;
insert into euprt values ( 'mdellutri', 'EUPP', 2 ) ;
insert into naprt values ( 'mdellutri', 'Forza Italia' ) ;
insert into land values ( 'mdellutri', 'IT' ) ;
insert into komit values ( 'mdellutri', 'LIBE', 2 ) ;
insert into komit values ( 'mdellutri', 'CULT', 1 ) ;
insert into deleg values ( 'mdellutri', 'UA', 2 ) ;
insert into adreu values ( 'mdellutri', 'European Parliament; Bât. Altiero Spinelli; 09E169; 60, rue Wiertz / Wiertzstraat 60; B-1047 Bruxelles/Brussel' ) ;
insert into adreu values ( 'mdellutri', 'European Parliament; Bât. Louise Weiss; T10067; Allée du Printemps; BP 10024/F; F-67070 Strasbourg Cedex' ) ;
insert into fax values ( 'mdellutri', '+32 (0)2 284 9178' ) ;
insert into fax values ( 'mdellutri', '+33 (0)3 88 17 9178' ) ;
insert into adrna values ( 'mdellutri', 'Via Senato, 12 I-20121 MILANO' ) ;

insert into pnom values ( 'mmantovani', 'On. Mario MANTOVANI' ) ;
insert into euprt values ( 'mmantovani', 'EUPP', 2 ) ;
insert into naprt values ( 'mmantovani', 'Forza Italia' ) ;
insert into land values ( 'mmantovani', 'IT' ) ;
insert into komit values ( 'mmantovani', 'EMPL', 2 ) ;
insert into komit values ( 'mmantovani', 'DEVE', 1 ) ;
insert into deleg values ( 'mmantovani', 'RO', 1 ) ;
insert into deleg values ( 'mmantovani', 'CN', 2 ) ;
insert into adreu values ( 'mmantovani', 'European Parliament; Bât. Altiero Spinelli; 09E209; 60, rue Wiertz / Wiertzstraat 60; B-1047 Bruxelles/Brussel' ) ;
insert into adreu values ( 'mmantovani', 'European Parliament; Bât. Louise Weiss; T10087; Allée du Printemps; BP 10024/F; F-67070 Strasbourg Cedex' ) ;
insert into fax values ( 'mmantovani', '+32 (0)2 284 9422' ) ;
insert into fax values ( 'mmantovani', '+33 (0)3 88 17 9422' ) ;
insert into http values ( 'mmantovani', 'http://www.mariomantovani.it' ) ;
insert into adrna values ( 'mmantovani', 'Via Giolitti, 20 I-20020 ARCONATE (MI)' ) ;

insert into pnom values ( 'ffiori', 'On. Francesco FIORI' ) ;
insert into euprt values ( 'ffiori', 'EUPP', 8 ) ;
insert into naprt values ( 'ffiori', 'Forza Italia' ) ;
insert into land values ( 'ffiori', 'IT' ) ;
insert into komit values ( 'ffiori', 'AGRI', 2 ) ;
insert into komit values ( 'ffiori', 'ITRE', 1 ) ;
insert into deleg values ( 'ffiori', 'MERCOSUR', 2 ) ;
insert into adreu values ( 'ffiori', 'European Parliament; Bât. Altiero Spinelli; 09E146; 60, rue Wiertz / Wiertzstraat 60; B-1047 Bruxelles/Brussel' ) ;
insert into adreu values ( 'ffiori', 'European Parliament; Bât. Louise Weiss; T10069; Allée du Printemps; BP 10024/F; F-67070 Strasbourg Cedex' ) ;
insert into fax values ( 'ffiori', '+32 (0)2 284 9366' ) ;
insert into fax values ( 'ffiori', '+33 (0)3 88 17 9366' ) ;
insert into adrna values ( 'ffiori', 'Parlamento europeo Rue Wiertz ASP 09E146  B-1047 BRUXELLES' ) ;

insert into pnom values ( 'btrentin', 'On. Bruno TRENTIN' ) ;
insert into euprt values ( 'btrentin', 'PSE', 2 ) ;
insert into naprt values ( 'btrentin', 'Democratici di Sinistra' ) ;
insert into land values ( 'btrentin', 'IT' ) ;
insert into komit values ( 'btrentin', 'ECON', 2 ) ;
insert into komit values ( 'btrentin', 'EMPL', 1 ) ;
insert into deleg values ( 'btrentin', 'PLC', 2 ) ;
insert into adreu values ( 'btrentin', 'European Parliament; Bât. Altiero Spinelli; 15G253; 60, rue Wiertz / Wiertzstraat 60; B-1047 Bruxelles/Brussel' ) ;
insert into adreu values ( 'btrentin', 'European Parliament; Bât. Louise Weiss; T06119; Allée du Printemps; BP 10024/F; F-67070 Strasbourg Cedex' ) ;
insert into fax values ( 'btrentin', '+32 (0)2 284 9249' ) ;
insert into fax values ( 'btrentin', '+33 (0)3 88 17 9249' ) ;
insert into mail values ( 'btrentin', 'btrentineu@yahoo.it' ) ;
insert into mail values ( 'btrentin', 'btrentin@europarl.eu.int' ) ;
insert into adrna values ( 'btrentin', 'Via Palermo, 12 I-00184 ROMA' ) ;

insert into pnom values ( 'gvattimo', 'On. Gianni VATTIMO' ) ;
insert into euprt values ( 'gvattimo', 'PSE', 2 ) ;
insert into naprt values ( 'gvattimo', 'Democratici di Sinistra' ) ;
insert into land values ( 'gvattimo', 'IT' ) ;
insert into komit values ( 'gvattimo', 'CULT', 2 ) ;
insert into komit values ( 'gvattimo', 'LIBE', 1 ) ;
insert into deleg values ( 'gvattimo', 'ZA', 2 ) ;
insert into adreu values ( 'gvattimo', 'European Parliament; Bât. Altiero Spinelli; 15G165; 60, rue Wiertz / Wiertzstraat 60; B-1047 Bruxelles/Brussel' ) ;
insert into adreu values ( 'gvattimo', 'European Parliament; Bât. Louise Weiss; T06121; Allée du Printemps; BP 10024/F; F-67070 Strasbourg Cedex' ) ;
insert into fax values ( 'gvattimo', '+32 (0)2 284 9526' ) ;
insert into fax values ( 'gvattimo', '+33 (0)3 88 17 9526' ) ;
insert into adrna values ( 'gvattimo', 'Via S. Ottavio, 20 I-10124 TORINO' ) ;

insert into pnom values ( 'gbodrato', 'On. Guido BODRATO' ) ;
insert into euprt values ( 'gbodrato', 'EUPP', 5 ) ;
insert into naprt values ( 'gbodrato', 'Partito popolare italiano' ) ;
insert into land values ( 'gbodrato', 'IT' ) ;
insert into komit values ( 'gbodrato', 'ITRE', 2 ) ;
insert into komit values ( 'gbodrato', 'AFCO', 1 ) ;
insert into deleg values ( 'gbodrato', 'SK', 2 ) ;
insert into adreu values ( 'gbodrato', 'European Parliament; Bât. Altiero Spinelli; 12E261; 60, rue Wiertz / Wiertzstraat 60; B-1047 Bruxelles/Brussel' ) ;
insert into adreu values ( 'gbodrato', 'European Parliament; Bât. Louise Weiss; T10057; Allée du Printemps; BP 10024/F; F-67070 Strasbourg Cedex' ) ;
insert into fax values ( 'gbodrato', '+32 (0)2 284 9489' ) ;
insert into fax values ( 'gbodrato', '+33 (0)3 88 17 9489' ) ;
insert into adrna values ( 'gbodrato', 'Via Roaschia, 133 I-10023 CHIERI (TO)' ) ;

insert into pnom values ( 'gcelli', 'On. Giorgio CELLI' ) ;
insert into euprt values ( 'gcelli', 'VERD', 2 ) ;
insert into naprt values ( 'gcelli', 'Federazione dei Verdi' ) ;
insert into land values ( 'gcelli', 'IT' ) ;
insert into komit values ( 'gcelli', 'AGRI', 2 ) ;
insert into komit values ( 'gcelli', 'CULT', 1 ) ;
insert into deleg values ( 'gcelli', 'BG', 2 ) ;
insert into adreu values ( 'gcelli', 'European Parliament; Bât. Altiero Spinelli; 08G146; 60, rue Wiertz / Wiertzstraat 60; B-1047 Bruxelles/Brussel' ) ;
insert into adreu values ( 'gcelli', 'European Parliament; Bât. Louise Weiss; T05048; Allée du Printemps; BP 10024/F; F-67070 Strasbourg Cedex' ) ;
insert into fax values ( 'gcelli', '+32 (0)2 284 9645' ) ;
insert into fax values ( 'gcelli', '+33 (0)3 88 17 9645' ) ;
insert into mail values ( 'gcelli', 'gcelli@agrsci.unibo.it' ) ;
insert into adrna values ( 'gcelli', 'Via Filippo Re, 6 I-40126 BOLOGNA' ) ;

insert into pnom values ( 'acossutta', 'On. Armando COSSUTTA' ) ;
insert into euprt values ( 'acossutta', 'LEFT', 2 ) ;
insert into naprt values ( 'acossutta', 'Partito dei Comunisti Italiani' ) ;
insert into land values ( 'acossutta', 'IT' ) ;
insert into komit values ( 'acossutta', 'AFCO', 2 ) ;
insert into komit values ( 'acossutta', 'JURI', 1 ) ;
insert into deleg values ( 'acossutta', 'AuNz', 2 ) ;
insert into adreu values ( 'acossutta', 'European Parliament; Bât. Altiero Spinelli; 09G246; 60, rue Wiertz / Wiertzstraat 60; B-1047 Bruxelles/Brussel' ) ;
insert into adreu values ( 'acossutta', 'European Parliament; Bât. Louise Weiss; T05014; Allée du Printemps; BP 10024/F; F-67070 Strasbourg Cedex' ) ;
insert into fax values ( 'acossutta', '+32 (0)2 284 9958' ) ;
insert into fax values ( 'acossutta', '+33 (0)3 88 17 9958' ) ;
insert into adrna values ( 'acossutta', 'Piazza Augusto Imperatore, 32 I-00186 ROMA' ) ;

insert into pnom values ( 'alaguiller', 'Mme Arlette LAGUILLER' ) ;
insert into euprt values ( 'alaguiller', 'LEFT', 2 ) ;
insert into naprt values ( 'alaguiller', 'Lutte ouvrière' ) ;
insert into land values ( 'alaguiller', 'FR' ) ;
insert into komit values ( 'alaguiller', 'EMPL', 2 ) ;
insert into komit values ( 'alaguiller', 'CULT', 1 ) ;
insert into adreu values ( 'alaguiller', 'European Parliament; Bât. Altiero Spinelli; 08H342; 60, rue Wiertz / Wiertzstraat 60; B-1047 Bruxelles/Brussel' ) ;
insert into adreu values ( 'alaguiller', 'European Parliament; Bât. Louise Weiss; T05038; Allée du Printemps; BP 10024/F; F-67070 Strasbourg Cedex' ) ;
insert into fax values ( 'alaguiller', '+32 (0)2 284 9222' ) ;
insert into fax values ( 'alaguiller', '+33 (0)3 88 17 9222' ) ;
insert into mail values ( 'alaguiller', 'alaguiller@europarl.eu.int' ) ;
insert into adrna values ( 'alaguiller', 'Lutte Ouvrière B.P. 233 F-75865 PARIS PARIS Cedex 18' ) ;

insert into pnom values ( 'akrivine', 'M. Alain KRIVINE' ) ;
insert into euprt values ( 'akrivine', 'LEFT', 2 ) ;
insert into naprt values ( 'akrivine', 'Ligue Communiste Révolutionnaire' ) ;
insert into land values ( 'akrivine', 'FR' ) ;
insert into komit values ( 'akrivine', 'JURI', 2 ) ;
insert into komit values ( 'akrivine', 'LIBE', 1 ) ;
insert into deleg values ( 'akrivine', 'ASEAN', 2 ) ;
insert into adreu values ( 'akrivine', 'European Parliament; Bât. Altiero Spinelli; 08H354; 60, rue Wiertz / Wiertzstraat 60; B-1047 Bruxelles/Brussel' ) ;
insert into adreu values ( 'akrivine', 'European Parliament; Bât. Louise Weiss; T05034; Allée du Printemps; BP 10024/F; F-67070 Strasbourg Cedex' ) ;
insert into fax values ( 'akrivine', '+32 (0)2 284 9913' ) ;
insert into fax values ( 'akrivine', '+33 (0)3 88 17 9913' ) ;
insert into adrna values ( 'akrivine', '2, rue Richard Lenoir F-93100 MONTREUIL' ) ;

insert into pnom values ( 'dpietro', 'On. Antonio DI PIETRO' ) ;
insert into euprt values ( 'dpietro', 'ELDR', 2 ) ;
insert into naprt values ( 'dpietro', 'Italia dei Valori - Lista Di Pietro' ) ;
insert into land values ( 'dpietro', 'IT' ) ;
insert into komit values ( 'dpietro', 'CONT', 2 ) ;
insert into komit values ( 'dpietro', 'LIBE', 1 ) ;
insert into deleg values ( 'dpietro', 'KaKgUz', 9 ) ;
insert into adreu values ( 'dpietro', 'European Parliament; Bât. Altiero Spinelli; 10G306; 60, rue Wiertz / Wiertzstraat 60; B-1047 Bruxelles/Brussel' ) ;
insert into adreu values ( 'dpietro', 'European Parliament; Bât. Louise Weiss; T11016; Allée du Printemps; BP 10024/F; F-67070 Strasbourg Cedex' ) ;
insert into fax values ( 'dpietro', '+32 (0)2 284 9856' ) ;
insert into fax values ( 'dpietro', '+33 (0)3 88 17 9856' ) ;
insert into mail values ( 'dpietro', 'adpietro@tin.it' ) ;
insert into mail values ( 'dpietro', 'pietro.a@flashnet.it' ) ;
insert into adrna values ( 'dpietro', 'Via Milano, 14 I-21052 BUSTO ARSIZIO  (VA)' ) ;

insert into pnom values ( 'abordes', 'Mme Armonia BORDES' ) ;
insert into euprt values ( 'abordes', 'LEFT', 2 ) ;
insert into naprt values ( 'abordes', 'Lutte ouvrière' ) ;
insert into land values ( 'abordes', 'FR' ) ;
insert into komit values ( 'abordes', 'ECON', 2 ) ;
insert into komit values ( 'abordes', 'FEMM', 2 ) ;
insert into komit values ( 'abordes', 'ENVI', 1 ) ;
insert into deleg values ( 'abordes', 'KaKgUz', 2 ) ;
insert into adreu values ( 'abordes', 'European Parliament; Bât. Altiero Spinelli; 08H258; 60, rue Wiertz / Wiertzstraat 60; B-1047 Bruxelles/Brussel' ) ;
insert into adreu values ( 'abordes', 'European Parliament; Bât. Louise Weiss; T05036; Allée du Printemps; BP 10024/F; F-67070 Strasbourg Cedex' ) ;
insert into fax values ( 'abordes', '+32 (0)2 284 9945' ) ;
insert into fax values ( 'abordes', '+33 (0)3 88 17 9945' ) ;
insert into mail values ( 'abordes', 'abordes@europarl.eu.int' ) ;
insert into adrna values ( 'abordes', 'c/o Lutte Ouvrière BP 233 F-75865 PARIS PARIS Cedex 18' ) ;

insert into pnom values ( 'rvachetta', 'Mme Roseline VACHETTA' ) ;
insert into euprt values ( 'rvachetta', 'LEFT', 2 ) ;
insert into naprt values ( 'rvachetta', 'Ligue Communiste Révolutionnaire' ) ;
insert into land values ( 'rvachetta', 'FR' ) ;
insert into komit values ( 'rvachetta', 'ITRE', 2 ) ;
insert into komit values ( 'rvachetta', 'RETT', 1 ) ;
insert into komit values ( 'rvachetta', 'FEMM', 1 ) ;
insert into deleg values ( 'rvachetta', 'PLC', 2 ) ;
insert into adreu values ( 'rvachetta', 'European Parliament; Bât. Altiero Spinelli; 08H346; 60, rue Wiertz / Wiertzstraat 60; B-1047 Bruxelles/Brussel' ) ;
insert into adreu values ( 'rvachetta', 'European Parliament; Bât. Louise Weiss; T05032; Allée du Printemps; BP 10024/F; F-67070 Strasbourg Cedex' ) ;
insert into fax values ( 'rvachetta', '+32 (0)2 284 9497' ) ;
insert into fax values ( 'rvachetta', '+33 (0)3 88 17 9497' ) ;
insert into adrna values ( 'rvachetta', 'Parlement européen Rue Wiertz ASP 8H346  B-1047 BRUXELLES' ) ;

insert into pnom values ( 'ccauquil', 'Mme Chantal CAUQUIL' ) ;
insert into euprt values ( 'ccauquil', 'LEFT', 2 ) ;
insert into naprt values ( 'ccauquil', 'Lutte ouvrière' ) ;
insert into land values ( 'ccauquil', 'FR' ) ;
insert into komit values ( 'ccauquil', 'BUDG', 2 ) ;
insert into komit values ( 'ccauquil', 'EMPL', 1 ) ;
insert into adreu values ( 'ccauquil', 'European Parliament; Bât. Altiero Spinelli; 08H255; 60, rue Wiertz / Wiertzstraat 60; B-1047 Bruxelles/Brussel' ) ;
insert into adreu values ( 'ccauquil', 'European Parliament; Bât. Louise Weiss; T05040; Allée du Printemps; BP 10024/F; F-67070 Strasbourg Cedex' ) ;
insert into fax values ( 'ccauquil', '+32 (0)2 284 9445' ) ;
insert into fax values ( 'ccauquil', '+33 (0)3 88 17 9445' ) ;
insert into mail values ( 'ccauquil', 'ccauquil@europarl.eu.int' ) ;
insert into adrna values ( 'ccauquil', 'Lutte Ouvrière BP 233 F-75865 PARIS PARIS Cedex 18' ) ;

insert into pnom values ( 'sjosse', 'M. Jean SAINT-JOSSE' ) ;
insert into euprt values ( 'sjosse', 'DIV', 2 ) ;
insert into naprt values ( 'sjosse', 'Chasse, Pêche, Nature, Traditions' ) ;
insert into land values ( 'sjosse', 'FR' ) ;
insert into komit values ( 'sjosse', 'EMPL', 2 ) ;
insert into komit values ( 'sjosse', 'ENVI', 1 ) ;
insert into deleg values ( 'sjosse', 'EEA', 1 ) ;
insert into adreu values ( 'sjosse', 'European Parliament; Bât. Altiero Spinelli; 07H255; 60, rue Wiertz / Wiertzstraat 60; B-1047 Bruxelles/Brussel' ) ;
insert into adreu values ( 'sjosse', 'European Parliament; Bât. Louise Weiss; T11059; Allée du Printemps; BP 10024/F; F-67070 Strasbourg Cedex' ) ;
insert into fax values ( 'sjosse', '+32 (0)2 284 9844' ) ;
insert into fax values ( 'sjosse', '+33 (0)3 88 17 9844' ) ;
insert into adrna values ( 'sjosse', 'Mairie F-64800 COARRAZE' ) ;

insert into pnom values ( 'mraymond', 'M. Michel RAYMOND' ) ;
insert into euprt values ( 'mraymond', 'DIV', 2 ) ;
insert into naprt values ( 'mraymond', 'Chasse, Pêche, Nature, Traditions' ) ;
insert into land values ( 'mraymond', 'FR' ) ;
insert into komit values ( 'mraymond', 'BUDG', 2 ) ;
insert into komit values ( 'mraymond', 'AFET', 1 ) ;
insert into deleg values ( 'mraymond', 'EE', 2 ) ;
insert into adreu values ( 'mraymond', 'European Parliament; Bât. Altiero Spinelli; 07H258; 60, rue Wiertz / Wiertzstraat 60; B-1047 Bruxelles/Brussel' ) ;
insert into adreu values ( 'mraymond', 'European Parliament; Bât. Louise Weiss; T11034; Allée du Printemps; BP 10024/F; F-67070 Strasbourg Cedex' ) ;
insert into fax values ( 'mraymond', '+32 (0)2 284 9513' ) ;
insert into fax values ( 'mraymond', '+33 (0)3 88 17 9513' ) ;
insert into mail values ( 'mraymond', 'CRB.CPNT@wanadoo.fr' ) ;
insert into adrna values ( 'mraymond', '59, rue Devosge F-21000 DIJON' ) ;

insert into pnom values ( 'vmathieu', 'Mme Véronique MATHIEU' ) ;
insert into euprt values ( 'vmathieu', 'DIV', 2 ) ;
insert into naprt values ( 'vmathieu', 'Chasse, Pêche, Nature, Traditions' ) ;
insert into land values ( 'vmathieu', 'FR' ) ;
insert into komit values ( 'vmathieu', 'AGRI', 2 ) ;
insert into deleg values ( 'vmathieu', 'MT', 1 ) ;
insert into adreu values ( 'vmathieu', 'European Parliament; Bât. Altiero Spinelli; 07H246; 60, rue Wiertz / Wiertzstraat 60; B-1047 Bruxelles/Brussel' ) ;
insert into adreu values ( 'vmathieu', 'European Parliament; Bât. Louise Weiss; T11055; Allée du Printemps; BP 10024/F; F-67070 Strasbourg Cedex' ) ;
insert into fax values ( 'vmathieu', '+32 (0)2 284 9220' ) ;
insert into fax values ( 'vmathieu', '+33 (0)3 88 17 9220' ) ;
insert into adrna values ( 'vmathieu', 'Résidence Carnot 55, rue Carnot F-88700 RAMBERVILLERS' ) ;

insert into pnom values ( 'cfatuzzo', 'On. Carlo FATUZZO' ) ;
insert into euprt values ( 'cfatuzzo', 'EUPP', 2 ) ;
insert into naprt values ( 'cfatuzzo', 'Partito Pensionati' ) ;
insert into land values ( 'cfatuzzo', 'IT' ) ;
insert into komit values ( 'cfatuzzo', 'EMPL', 2 ) ;
insert into komit values ( 'cfatuzzo', 'ITRE', 1 ) ;
insert into deleg values ( 'cfatuzzo', 'BG', 2 ) ;
insert into adreu values ( 'cfatuzzo', 'European Parliament; Bât. Altiero Spinelli; 12E217; 60, rue Wiertz / Wiertzstraat 60; B-1047 Bruxelles/Brussel' ) ;
insert into adreu values ( 'cfatuzzo', 'European Parliament; Bât. Louise Weiss; T10058; Allée du Printemps; BP 10024/F; F-67070 Strasbourg Cedex' ) ;
insert into fax values ( 'cfatuzzo', '+32 (0)2 284 9219' ) ;
insert into fax values ( 'cfatuzzo', '+33 (0)3 88 17 9219' ) ;
insert into adrna values ( 'cfatuzzo', 'Parlamento Europeo Rue Wiertz ASP 12E217  B-1047 BRUXELLES' ) ;

insert into pnom values ( 'ybutel', 'M. Yves BUTEL' ) ;
insert into euprt values ( 'ybutel', 'DIV', 'cop' ) ;
insert into naprt values ( 'ybutel', 'Chasse, Pêche, Nature, Traditions' ) ;
insert into land values ( 'ybutel', 'FR' ) ;
insert into komit values ( 'ybutel', 'ITRE', 2 ) ;
insert into komit values ( 'ybutel', 'PECH', 1 ) ;
insert into komit values ( 'ybutel', 'RETT', 1 ) ;
insert into deleg values ( 'ybutel', 'UA', 2 ) ;
insert into adreu values ( 'ybutel', 'European Parliament; Bât. Altiero Spinelli; 07H254; 60, rue Wiertz / Wiertzstraat 60; B-1047 Bruxelles/Brussel' ) ;
insert into adreu values ( 'ybutel', 'European Parliament; Bât. Louise Weiss; T11057; Allée du Printemps; BP 10024/F; F-67070 Strasbourg Cedex' ) ;
insert into fax values ( 'ybutel', '+32 (0)2 284 9895' ) ;
insert into fax values ( 'ybutel', '+33 (0)3 88 17 9895' ) ;
insert into adrna values ( 'ybutel', '38, rue Dame Jeanne Appartement C 7 F-80000 AMIENS' ) ;

insert into pnom values ( 'epaciotti', 'Sig.Ra Elena Ornella PACIOTTI' ) ;
insert into euprt values ( 'epaciotti', 'PSE', 2 ) ;
insert into naprt values ( 'epaciotti', 'Democratici di Sinistra' ) ;
insert into land values ( 'epaciotti', 'IT' ) ;
insert into komit values ( 'epaciotti', 'LIBE', 2 ) ;
insert into komit values ( 'epaciotti', 'FEMM', 2 ) ;
insert into komit values ( 'epaciotti', 'JURI', 1 ) ;
insert into adreu values ( 'epaciotti', 'European Parliament; Bât. Altiero Spinelli; 15G209; 60, rue Wiertz / Wiertzstraat 60; B-1047 Bruxelles/Brussel' ) ;
insert into adreu values ( 'epaciotti', 'European Parliament; Bât. Louise Weiss; T06068; Allée du Printemps; BP 10024/F; F-67070 Strasbourg Cedex' ) ;
insert into fax values ( 'epaciotti', '+32 (0)2 284 9524' ) ;
insert into fax values ( 'epaciotti', '+33 (0)3 88 17 9524' ) ;
insert into mail values ( 'epaciotti', 'epaciotti@europarl.eu.int' ) ;
insert into adrna values ( 'epaciotti', 'Ufficio per l\'Italia - dott. Mauro Grande Fondazione Lelio e Lisli Basso Via della Dogana Vecchia, 5  I-00186 ROMA' ) ;

insert into pnom values ( 'jlbernie', 'M. Jean-Louis BERNIÉ') ;
insert into euprt values ( 'jlbernie', 'DIV', 5 ) ;
insert into naprt values ( 'jlbernie', 'Chasse, Pêche, Nature, Traditions' ) ;
insert into land values ( 'jlbernie', 'FR' ) ;
insert into komit values ( 'jlbernie', 'ENVI', 2 ) ;
insert into komit values ( 'jlbernie', 'RETT', 1 ) ;
insert into deleg values ( 'jlbernie', 'CN', 2 ) ;
insert into adreu values ( 'jlbernie', 'European Parliament; Bât. Altiero Spinelli; 07H259; 60, rue Wiertz / Wiertzstraat 60; B-1047 Bruxelles/Brussel' ) ;
insert into adreu values ( 'jlbernie', 'European Parliament; Bât. Louise Weiss; T11036; Allée du Printemps; BP 10024/F; F-67070 Strasbourg Cedex' ) ;
insert into fax values ( 'jlbernie', '+32 (0)2 284 9747' ) ;
insert into fax values ( 'jlbernie', '+33 (0)3 88 17 9747' ) ;
insert into adrna values ( 'jlbernie', '14, bd François Blancho F-44200 NANTES' ) ;

insert into pnom values ( 'mcarraro', 'On. Massimo CARRARO' ) ;
insert into euprt values ( 'mcarraro', 'PSE', 2 ) ;
insert into naprt values ( 'mcarraro', 'Democratici di Sinistra' ) ;
insert into land values ( 'mcarraro', 'IT' ) ;
insert into komit values ( 'mcarraro', 'ITRE', 2 ) ;
insert into komit values ( 'mcarraro', 'RETT', 1 ) ;
insert into komit values ( 'mcarraro', 'ENVI', 1 ) ;
insert into deleg values ( 'mcarraro', 'SI', 2 ) ;
insert into deleg values ( 'mcarraro', 'HU', 1 ) ;
insert into adreu values ( 'mcarraro', 'European Parliament; Bât. Altiero Spinelli; 15G169; 60, rue Wiertz / Wiertzstraat 60; B-1047 Bruxelles/Brussel' ) ;
insert into adreu values ( 'mcarraro', 'European Parliament; Bât. Louise Weiss; T06133; Allée du Printemps; BP 10024/F; F-67070 Strasbourg Cedex' ) ;
insert into fax values ( 'mcarraro', '+32 (0)2 284 9649' ) ;
insert into fax values ( 'mcarraro', '+33 (0)3 88 17 9649' ) ;
insert into adrna values ( 'mcarraro', 'c/o MORELLATO Via Commerciale, 29 I-35010 FRATTE DI S. GIUSTINA (PD)' ) ;

insert into pnom values ( 'dvolcic', 'On. Demetrio VOLCIC' ) ;
insert into euprt values ( 'dvolcic', 'PSE', 2 ) ;
insert into naprt values ( 'dvolcic', 'Democratici di Sinistra' ) ;
insert into land values ( 'dvolcic', 'IT' ) ;
insert into komit values ( 'dvolcic', 'AFET', 2 ) ;
insert into deleg values ( 'dvolcic', 'AmGeAz', 8 ) ;
insert into adreu values ( 'dvolcic', 'European Parliament; Bât. Altiero Spinelli; 15G265; 60, rue Wiertz / Wiertzstraat 60; B-1047 Bruxelles/Brussel' ) ;
insert into adreu values ( 'dvolcic', 'European Parliament; Bât. Louise Weiss; T07066; Allée du Printemps; BP 10024/F; F-67070 Strasbourg Cedex' ) ;
insert into fax values ( 'dvolcic', '+32 (0)2 284 9522' ) ;
insert into fax values ( 'dvolcic', '+33 (0)3 88 17 9522' ) ;
insert into mail values ( 'dvolcic', 'volcic@tmedia.it' ) ;
insert into adrna values ( 'dvolcic', 'Corso Italia, 17 I-34170 GORIZIA' ) ;

insert into pnom values ( 'rmessner', 'Herrn Reinhold MESSNER' ) ;
insert into euprt values ( 'rmessner', 'VERD', 2 ) ;
insert into naprt values ( 'rmessner', 'Federazione dei Verdi' ) ;
insert into land values ( 'rmessner', 'IT' ) ;
insert into komit values ( 'rmessner', 'AFET', 2 ) ;
insert into komit values ( 'rmessner', 'AGRI', 1 ) ;
insert into deleg values ( 'rmessner', 'SAARC', 2 ) ;
insert into adreu values ( 'rmessner', 'European Parliament; Bât. Altiero Spinelli; 08G108; 60, rue Wiertz / Wiertzstraat 60; B-1047 Bruxelles/Brussel' ) ;
insert into adreu values ( 'rmessner', 'European Parliament; Bât. Louise Weiss; T05125; Allée du Printemps; BP 10024/F; F-67070 Strasbourg Cedex' ) ;
insert into fax values ( 'rmessner', '+32 (0)2 284 9196' ) ;
insert into fax values ( 'rmessner', '+33 (0)3 88 17 9196' ) ;
insert into adrna values ( 'rmessner', 'Europa Allee, 2 I- MERAN-MERANO (BZ)' ) ;

insert into pnom values ( 'aesclope', 'M. Alain ESCLOPÉ') ;
insert into euprt values ( 'aesclope', 'DIV', 2 ) ;
insert into naprt values ( 'aesclope', 'Chasse, Pêche, Nature, Traditions' ) ;
insert into land values ( 'aesclope', 'FR' ) ;
insert into komit values ( 'aesclope', 'RETT', 2 ) ;
insert into komit values ( 'aesclope', 'CULT', 1 ) ;
insert into deleg values ( 'aesclope', 'RO', 8 ) ;
insert into adreu values ( 'aesclope', 'European Parliament; Bât. Altiero Spinelli; 07H247; 60, rue Wiertz / Wiertzstraat 60; B-1047 Bruxelles/Brussel' ) ;
insert into adreu values ( 'aesclope', 'European Parliament; Bât. Louise Weiss; T11061; Allée du Printemps; BP 10024/F; F-67070 Strasbourg Cedex' ) ;
insert into fax values ( 'aesclope', '+32 (0)2 284 9133' ) ;
insert into fax values ( 'aesclope', '+33 (0)3 88 17 9133' ) ;
insert into adrna values ( 'aesclope', '3,  Chemin de Pessigue F-66220 ST PAUL DE FENOUILLET' ) ;

insert into pnom values ( 'rbrunetta', 'On. Renato BRUNETTA' ) ;
insert into euprt values ( 'rbrunetta', 'EUPP', 2 ) ;
insert into naprt values ( 'rbrunetta', 'Forza Italia' ) ;
insert into land values ( 'rbrunetta', 'IT' ) ;
insert into komit values ( 'rbrunetta', 'ECON', 2 ) ;
insert into komit values ( 'rbrunetta', 'AFET', 1 ) ;
insert into deleg values ( 'rbrunetta', 'Balkan', 2 ) ;
insert into adreu values ( 'rbrunetta', 'European Parliament; Bât. Altiero Spinelli; 09E103; 60, rue Wiertz / Wiertzstraat 60; B-1047 Bruxelles/Brussel' ) ;
insert into adreu values ( 'rbrunetta', 'European Parliament; Bât. Louise Weiss; T10085; Allée du Printemps; BP 10024/F; F-67070 Strasbourg Cedex' ) ;
insert into fax values ( 'rbrunetta', '+32 (0)2 284 9393' ) ;
insert into fax values ( 'rbrunetta', '+33 (0)3 88 17 9393' ) ;
insert into mail values ( 'rbrunetta', 'rbrunetta@europarl.eu.int' ) ;
insert into http values ( 'rbrunetta', 'http://www.brunetta.net' ) ;
insert into adrna values ( 'rbrunetta', 'Via dell\'Umiltà, 36 I-00187 ROMA' ) ;

insert into pnom values ( 'asartori', 'Sig.Ra Amalia SARTORI' ) ;
insert into euprt values ( 'asartori', 'EUPP', 2 ) ;
insert into naprt values ( 'asartori', 'Forza Italia' ) ;
insert into land values ( 'asartori', 'IT' ) ;
insert into komit values ( 'asartori', 'AFET', 2 ) ;
insert into komit values ( 'asartori', 'FEMM', 2 ) ;
insert into komit values ( 'asartori', 'BUDG', 1 ) ;
insert into deleg values ( 'asartori', 'BG', 8 ) ;
insert into deleg values ( 'asartori', 'RO', 1 ) ;
insert into adreu values ( 'asartori', 'European Parliament; Bât. Altiero Spinelli; 09E157; 60, rue Wiertz / Wiertzstraat 60; B-1047 Bruxelles/Brussel' ) ;
insert into adreu values ( 'asartori', 'European Parliament; Bât. Louise Weiss; T10093; Allée du Printemps; BP 10024/F; F-67070 Strasbourg Cedex' ) ;
insert into fax values ( 'asartori', '+32 (0)2 284 9556' ) ;
insert into fax values ( 'asartori', '+33 (0)3 88 17 9556' ) ;
insert into adrna values ( 'asartori', 'Parlamento europeo Rue Wiertz ASP 9E157  B-1047 BRUXELLES' ) ;

insert into pnom values ( 'wveltroni', 'On. Walter VELTRONI' ) ;
insert into euprt values ( 'wveltroni', 'PSE', 2 ) ;
insert into naprt values ( 'wveltroni', 'Democratici di Sinistra' ) ;
insert into land values ( 'wveltroni', 'IT' ) ;
insert into komit values ( 'wveltroni', 'LIBE', 2 ) ;
insert into komit values ( 'wveltroni', 'CULT', 1 ) ;
insert into adreu values ( 'wveltroni', 'European Parliament; Bât. Altiero Spinelli; 15G210; 60, rue Wiertz / Wiertzstraat 60; B-1047 Bruxelles/Brussel' ) ;
insert into adreu values ( 'wveltroni', 'European Parliament; Bât. Louise Weiss; T07062; Allée du Printemps; BP 10024/F; F-67070 Strasbourg Cedex' ) ;
insert into fax values ( 'wveltroni', '+32 (0)2 284 9345' ) ;
insert into fax values ( 'wveltroni', '+33 (0)3 88 17 9345' ) ;
insert into mail values ( 'wveltroni', 'wveltroni@europarl.eu.int' ) ;
insert into mail values ( 'wveltroni', 'w.veltroni@democraticidisinistra.it' ) ;
insert into http values ( 'wveltroni', 'http://www.dspe.net' ) ;
insert into adrna values ( 'wveltroni', 'Segreteria Particolare del Sindaco Piazza del Campidoglio 1 I-00186 ROMA' ) ;

insert into pnom values ( 'gsacconi', 'On. Guido SACCONI' ) ;
insert into euprt values ( 'gsacconi', 'PSE', 2 ) ;
insert into naprt values ( 'gsacconi', 'Democratici di Sinistra' ) ;
insert into land values ( 'gsacconi', 'IT' ) ;
insert into komit values ( 'gsacconi', 'PETI', 2 ) ;
insert into komit values ( 'gsacconi', 'ENVI', 2 ) ;
insert into deleg values ( 'gsacconi', 'TR', 2 ) ;
insert into adreu values ( 'gsacconi', 'European Parliament; Bât. Altiero Spinelli; 15G257; 60, rue Wiertz / Wiertzstraat 60; B-1047 Bruxelles/Brussel' ) ;
insert into adreu values ( 'gsacconi', 'European Parliament; Bât. Louise Weiss; T06123; Allée du Printemps; BP 10024/F; F-67070 Strasbourg Cedex' ) ;
insert into fax values ( 'gsacconi', '+32 (0)2 284 9776' ) ;
insert into fax values ( 'gsacconi', '+33 (0)3 88 17 9776' ) ;
insert into mail values ( 'gsacconi', 'gsacconi@europarl.eu.int' ) ;
insert into mail values ( 'gsacconi', 'sacconi@toscanaeuropa.it' ) ;
insert into http values ( 'gsacconi', 'http://www.toscanaeuropa.it' ) ;
insert into adrna values ( 'gsacconi', 'c/o Toscanaeuropa Via degli Artisti, 8c I-50132 FIRENZE' ) ;

insert into pnom values ( 'fmarini', 'On. Franco MARINI' ) ;
insert into euprt values ( 'fmarini', 'EUPP', 2 ) ;
insert into naprt values ( 'fmarini', 'Partito popolare italiano' ) ;
insert into land values ( 'fmarini', 'IT' ) ;
insert into komit values ( 'fmarini', 'AFET', 2 ) ;
insert into komit values ( 'fmarini', 'ECON', 1 ) ;
insert into deleg values ( 'fmarini', 'TR', 2 ) ;
insert into adreu values ( 'fmarini', 'European Parliament; Bât. Altiero Spinelli; 12E218; 60, rue Wiertz / Wiertzstraat 60; B-1047 Bruxelles/Brussel' ) ;
insert into adreu values ( 'fmarini', 'European Parliament; Bât. Louise Weiss; T10063; Allée du Printemps; BP 10024/F; F-67070 Strasbourg Cedex' ) ;
insert into fax values ( 'fmarini', '+32 (0)2 284 9418' ) ;
insert into fax values ( 'fmarini', '+33 (0)3 88 17 9418' ) ;
insert into adrna values ( 'fmarini', 'Via Lima, 34 I-00198 ROMA' ) ;

insert into pnom values ( 'jpoos', 'M. Jacques F. POOS' ) ;
insert into euprt values ( 'jpoos', 'PSE', 5 ) ;
insert into naprt values ( 'jpoos', 'Parti ouvrier socialiste luxembourgeois' ) ;
insert into land values ( 'jpoos', 'LU' ) ;
insert into komit values ( 'jpoos', 'AFET', 2 ) ;
insert into komit values ( 'jpoos', 'AFCO', 1 ) ;
insert into deleg values ( 'jpoos', 'Maghreb', 2 ) ;
insert into adreu values ( 'jpoos', 'European Parliament; Bât. Paul-Henri Spaak; 08B029; 60, rue Wiertz / Wiertzstraat 60; B-1047 Bruxelles/Brussel' ) ;
insert into adreu values ( 'jpoos', 'European Parliament; Bât. Louise Weiss; T12015; Allée du Printemps; BP 10024/F; F-67070 Strasbourg Cedex' ) ;
insert into fax values ( 'jpoos', '+32 (0)2 284 9141' ) ;
insert into fax values ( 'jpoos', '+33 (0)3 88 17 9141' ) ;
insert into mail values ( 'jpoos', 'jpoos@europarl.eu.int' ) ;
insert into adrna values ( 'jpoos', '34, rue Marché-aux-Herbes L-1728 LUXEMBOURG' ) ;

insert into pnom values ( 'lsbarbati', 'Sig.Ra Luciana SBARBATI' ) ;
insert into euprt values ( 'lsbarbati', 'ELDR', 5 ) ;
insert into naprt values ( 'lsbarbati', 'Partito repubblicano italiano' ) ;
insert into land values ( 'lsbarbati', 'IT' ) ;
insert into komit values ( 'lsbarbati', 'BUDG', 2 ) ;
insert into komit values ( 'lsbarbati', 'PETI', 2 ) ;
insert into komit values ( 'lsbarbati', 'EMPL', 1 ) ;
insert into komit values ( 'lsbarbati', 'ENVI', 1 ) ;
insert into deleg values ( 'lsbarbati', 'IL', 2 ) ;
insert into adreu values ( 'lsbarbati', 'European Parliament; Bât. Altiero Spinelli; 09G351; 60, rue Wiertz / Wiertzstraat 60; B-1047 Bruxelles/Brussel' ) ;
insert into adreu values ( 'lsbarbati', 'European Parliament; Bât. Louise Weiss; T11010; Allée du Printemps; BP 10024/F; F-67070 Strasbourg Cedex' ) ;
insert into fax values ( 'lsbarbati', '+32 (0)2 284 9910' ) ;
insert into fax values ( 'lsbarbati', '+33 (0)3 88 17 9910' ) ;
insert into adrna values ( 'lsbarbati', 'Parlamento europeo Rue Wiertz ASP 9G351  B-1047 BRUXELLES' ) ;

insert into pnom values ( 'rgoebbels', 'M. Robert GOEBBELS' ) ;
insert into euprt values ( 'rgoebbels', 'PSE', 8 ) ;
insert into naprt values ( 'rgoebbels', 'Parti ouvrier socialiste luxembourgeois' ) ;
insert into land values ( 'rgoebbels', 'LU' ) ;
insert into komit values ( 'rgoebbels', 'ECON', 2 ) ;
insert into komit values ( 'rgoebbels', 'EMPL', 1 ) ;
insert into adreu values ( 'rgoebbels', 'European Parliament; Bât. Altiero Spinelli; 11G103; 60, rue Wiertz / Wiertzstraat 60; B-1047 Bruxelles/Brussel' ) ;
insert into adreu values ( 'rgoebbels', 'European Parliament; Bât. Louise Weiss; T06047-049; Allée du Printemps; BP 10024/F; F-67070 Strasbourg Cedex' ) ;
insert into fax values ( 'rgoebbels', '+32 (0)2 284 9648' ) ;
insert into fax values ( 'rgoebbels', '+33 (0)3 88 17 9648' ) ;
insert into mail values ( 'rgoebbels', 'rgoebbels@europarl.eu.int' ) ;
insert into adrna values ( 'rgoebbels', 'Groupe Parlementaire Socialiste 34, Rue Marché aux Herbes L-1728 LUXEMBOURG' ) ;

insert into pnom values ( 'frutelli', 'On. Francesco RUTELLI' ) ;
insert into euprt values ( 'frutelli', 'ELDR', 2 ) ;
insert into naprt values ( 'frutelli', 'I Democratici' ) ;
insert into land values ( 'frutelli', 'IT' ) ;
insert into komit values ( 'frutelli', 'LIBE', 2 ) ;
insert into komit values ( 'frutelli', 'AFET', 1 ) ;
insert into deleg values ( 'frutelli', 'US', 2 ) ;
insert into adreu values ( 'frutelli', 'European Parliament; Bât. Altiero Spinelli; 09G258; 60, rue Wiertz / Wiertzstraat 60; B-1047 Bruxelles/Brussel' ) ;
insert into adreu values ( 'frutelli', 'European Parliament; Bât. Louise Weiss; T11020; Allée du Printemps; BP 10024/F; F-67070 Strasbourg Cedex' ) ;
insert into fax values ( 'frutelli', '+32 (0)2 284 9112' ) ;
insert into fax values ( 'frutelli', '+33 (0)3 88 17 9112' ) ;
insert into adrna values ( 'frutelli', 'Piazza SS. Apostoli, 55 I-00187 ROMA' ) ;

insert into pnom values ( 'cturmes', 'M. Claude TURMES' ) ;
insert into euprt values ( 'cturmes', 'VERD', 8 ) ;
insert into naprt values ( 'cturmes', 'Les Verts' ) ;
insert into land values ( 'cturmes', 'LU' ) ;
insert into komit values ( 'cturmes', 'ITRE', 2 ) ;
insert into komit values ( 'cturmes', 'EMPL', 1 ) ;
insert into deleg values ( 'cturmes', 'MT', 1 ) ;
insert into deleg values ( 'cturmes', 'RU', 2 ) ;
insert into adreu values ( 'cturmes', 'European Parliament; Bât. Altiero Spinelli; 08G116; 60, rue Wiertz / Wiertzstraat 60; B-1047 Bruxelles/Brussel' ) ;
insert into adreu values ( 'cturmes', 'European Parliament; Bât. Louise Weiss; T05071; Allée du Printemps; BP 10024/F; F-67070 Strasbourg Cedex' ) ;
insert into fax values ( 'cturmes', '+32 (0)2 284 9246' ) ;
insert into fax values ( 'cturmes', '+33 (0)3 88 17 9246' ) ;
insert into mail values ( 'cturmes', 'cturmes@europarl.eu.int' ) ;
insert into http values ( 'cturmes', 'http://www.greng.lu' ) ;
insert into adrna values ( 'cturmes', 'Bureau au Luxembourg DÉI GRÉNG 31, Grand-Rue  L-1661 LUXEMBOURG' ) ;

insert into pnom values ( 'szappala', 'On. Stefano ZAPPALA' ) ;
insert into euprt values ( 'szappala', 'EUPP', 2 ) ;
insert into naprt values ( 'szappala', 'Forza Italia' ) ;
insert into land values ( 'szappala', 'IT' ) ;
insert into komit values ( 'szappala', 'JURI', 2 ) ;
insert into komit values ( 'szappala', 'ENVI', 1 ) ;
insert into deleg values ( 'szappala', 'NATO', 8 ) ;
insert into adreu values ( 'szappala', 'European Parliament; Bât. Altiero Spinelli; 09E246; 60, rue Wiertz / Wiertzstraat 60; B-1047 Bruxelles/Brussel' ) ;
insert into adreu values ( 'szappala', 'European Parliament; Bât. Louise Weiss; T10044; Allée du Printemps; BP 10024/F; F-67070 Strasbourg Cedex' ) ;
insert into fax values ( 'szappala', '+32 (0)2 284 9208' ) ;
insert into fax values ( 'szappala', '+33 (0)3 88 17 9208' ) ;
insert into http values ( 'szappala', 'http://www.zappalaonline.org' ) ;
insert into adrna values ( 'szappala', 'Via Petrarca, 12 I-04100 LATINA' ) ;

insert into pnom values ( 'tlund', 'Hr. Torben LUND' ) ;
insert into euprt values ( 'tlund', 'PSE', 8 ) ;
insert into naprt values ( 'tlund', 'Socialdemokratiet' ) ;
insert into land values ( 'tlund', 'DK' ) ;
insert into komit values ( 'tlund', 'ENVI', 2 ) ;
insert into komit values ( 'tlund', 'LIBE', 1 ) ;
insert into deleg values ( 'tlund', 'PL', 8 ) ;
insert into adreu values ( 'tlund', 'European Parliament; Bât. Altiero Spinelli; 12G305; 60, rue Wiertz / Wiertzstraat 60; B-1047 Bruxelles/Brussel' ) ;
insert into adreu values ( 'tlund', 'European Parliament; Bât. Louise Weiss; T07149; Allée du Printemps; BP 10024/F; F-67070 Strasbourg Cedex' ) ;
insert into fax values ( 'tlund', '+32 (0)2 284 9491' ) ;
insert into fax values ( 'tlund', '+33 (0)3 88 17 9491' ) ;
insert into adrna values ( 'tlund', 'Europa-Parlamentet Rue Wiertz ASP 12G305  B-1047 BRUXELLES' ) ;

insert into pnom values ( 'hthorning', 'Fru Helle THORNING-SCHMIDT' ) ;
insert into euprt values ( 'hthorning', 'PSE', 2 ) ;
insert into naprt values ( 'hthorning', 'Socialdemokratiet' ) ;
insert into land values ( 'hthorning', 'DK' ) ;
insert into komit values ( 'hthorning', 'EMPL', 2 ) ;
insert into komit values ( 'hthorning', 'AFCO', 1 ) ;
insert into deleg values ( 'hthorning', 'LV', 8 ) ;
insert into adreu values ( 'hthorning', 'European Parliament; Bât. Altiero Spinelli; 12G309; 60, rue Wiertz / Wiertzstraat 60; B-1047 Bruxelles/Brussel' ) ;
insert into adreu values ( 'hthorning', 'European Parliament; Bât. Louise Weiss; 07086; Allée du Printemps; BP 10024/F; F-67070 Strasbourg Cedex' ) ;
insert into fax values ( 'hthorning', '+32 (0)2 284 9771' ) ;
insert into fax values ( 'hthorning', '+33 (0)3 88 17 9771' ) ;
insert into mail values ( 'hthorning', 'hthorning@europarl.eu.int' ) ;
insert into adrna values ( 'hthorning', 'Socialdemokratiet Thorvaldsensvej 2 DK-1780 KØBENHAVN' ) ;

insert into pnom values ( 'gpittella', 'On. Giovanni PITTELLA' ) ;
insert into euprt values ( 'gpittella', 'PSE', 2 ) ;
insert into naprt values ( 'gpittella', 'Democratici di Sinistra' ) ;
insert into land values ( 'gpittella', 'IT' ) ;
insert into komit values ( 'gpittella', 'BUDG', 2 ) ;
insert into komit values ( 'gpittella', 'PETI', 1 ) ;
insert into komit values ( 'gpittella', 'RETT', 1 ) ;
insert into deleg values ( 'gpittella', 'AuNz', 2 ) ;
insert into adreu values ( 'gpittella', 'European Parliament; Bât. Altiero Spinelli; 15G116; 60, rue Wiertz / Wiertzstraat 60; B-1047 Bruxelles/Brussel' ) ;
insert into adreu values ( 'gpittella', 'European Parliament; Bât. Louise Weiss; T06129; Allée du Printemps; BP 10024/F; F-67070 Strasbourg Cedex' ) ;
insert into fax values ( 'gpittella', '+32 (0)2 284 9159' ) ;
insert into fax values ( 'gpittella', '+33 (0)3 88 17 9159' ) ;
insert into mail values ( 'gpittella', 'pit@income.it' ) ;
insert into adrna values ( 'gpittella', 'Contrada Rosa, 400 I-85045 LAURIA (PZ)' ) ;

insert into pnom values ( 'pfrahm', 'Fru Pernille FRAHM' ) ;
insert into euprt values ( 'pfrahm', 'LEFT', 8 ) ;
insert into naprt values ( 'pfrahm', 'Socialistisk Folkeparti' ) ;
insert into land values ( 'pfrahm', 'DK' ) ;
insert into komit values ( 'pfrahm', 'ENVI', 2 ) ;
insert into komit values ( 'pfrahm', 'AFET', 1 ) ;
insert into deleg values ( 'pfrahm', 'PL', 8 ) ;
insert into adreu values ( 'pfrahm', 'European Parliament; Bât. Altiero Spinelli; 08H353; 60, rue Wiertz / Wiertzstraat 60; B-1047 Bruxelles/Brussel' ) ;
insert into adreu values ( 'pfrahm', 'European Parliament; Bât. Louise Weiss; T05027; Allée du Printemps; BP 10024/F; F-67070 Strasbourg Cedex' ) ;
insert into fax values ( 'pfrahm', '+32 (0)2 284 9238' ) ;
insert into fax values ( 'pfrahm', '+33 (0)3 88 17 9238' ) ;
insert into mail values ( 'pfrahm', 'pfrahm@europarl.eu.int' ) ;
insert into adrna values ( 'pfrahm', 'Folketinget DK-1240 KØBENHAVN K' ) ;

insert into pnom values ( 'jokking', 'Hr. Jens Dyhr OKKING' ) ;
insert into euprt values ( 'jokking', 'LEFT', 2 ) ;
insert into naprt values ( 'jokking', 'JuniBevægelsen' ) ;
insert into land values ( 'jokking', 'DK' ) ;
insert into komit values ( 'jokking', 'PETI', 2 ) ;
insert into komit values ( 'jokking', 'CONT', 1 ) ;
insert into deleg values ( 'jokking', 'CA', 2 ) ;
insert into adreu values ( 'jokking', 'European Parliament; Bât. Altiero Spinelli; 07H267; 60, rue Wiertz / Wiertzstraat 60; B-1047 Bruxelles/Brussel' ) ;
insert into adreu values ( 'jokking', 'European Parliament; Bât. Louise Weiss; T11040; Allée du Printemps; BP 10024/F; F-67070 Strasbourg Cedex' ) ;
insert into fax values ( 'jokking', '+32 (0)2 284 9598' ) ;
insert into fax values ( 'jokking', '+33 (0)3 88 17 9598' ) ;
insert into mail values ( 'jokking', 'jokking@europarl.eu.int' ) ;
insert into adrna values ( 'jokking', 'Europa-Parlamentet Rue Wiertz ASP 07H267  B-1047 BRUXELLES' ) ;

insert into pnom values ( 'mcamre', 'Hr. Mogens N.J. CAMRE' ) ;
insert into euprt values ( 'mcamre', 'NEUU', 8 ) ;
insert into naprt values ( 'mcamre', 'Dansk Folkeparti' ) ;
insert into land values ( 'mcamre', 'DK' ) ;
insert into komit values ( 'mcamre', 'CONT', 2 ) ;
insert into komit values ( 'mcamre', 'LIBE', 1 ) ;
insert into deleg values ( 'mcamre', 'Maghreb', 2 ) ;
insert into adreu values ( 'mcamre', 'European Parliament; Bât. Altiero Spinelli; 06F265; 60, rue Wiertz / Wiertzstraat 60; B-1047 Bruxelles/Brussel' ) ;
insert into adreu values ( 'mcamre', 'European Parliament; Bât. Louise Weiss; T13035; Allée du Printemps; BP 10024/F; F-67070 Strasbourg Cedex' ) ;
insert into fax values ( 'mcamre', '+32 (0)2 284 9205' ) ;
insert into fax values ( 'mcamre', '+33 (0)3 88 17 9205' ) ;
insert into mail values ( 'mcamre', 'mcamre@europarl.eu.int' ) ;
insert into mail values ( 'mcamre', 'eumoca@ft.dk' ) ;
insert into adrna values ( 'mcamre', 'Europa-Parlamentet Rue Wiertz ASP 6F265  B-1047 BRUXELLES' ) ;

insert into pnom values ( 'ajensen', 'Fru Anne Elisabet JENSEN' ) ;
insert into euprt values ( 'ajensen', 'ELDR', 2 ) ;
insert into naprt values ( 'ajensen', 'Venstre' ) ;
insert into land values ( 'ajensen', 'DK' ) ;
insert into komit values ( 'ajensen', 'BUDG', 8 ) ;
insert into komit values ( 'ajensen', 'EMPL', 1 ) ;
insert into deleg values ( 'ajensen', 'LT', 2 ) ;
insert into deleg values ( 'ajensen', 'TR', 1 ) ;
insert into adreu values ( 'ajensen', 'European Parliament; Bât. Altiero Spinelli; 10G115; 60, rue Wiertz / Wiertzstraat 60; B-1047 Bruxelles/Brussel' ) ;
insert into adreu values ( 'ajensen', 'European Parliament; Bât. Louise Weiss; T11031; Allée du Printemps; BP 10024/F; F-67070 Strasbourg Cedex' ) ;
insert into fax values ( 'ajensen', '+32 (0)2 284 9798' ) ;
insert into fax values ( 'ajensen', '+33 (0)3 88 17 9798' ) ;
insert into mail values ( 'ajensen', 'ajensen@europarl.eu.int' ) ;
insert into adrna values ( 'ajensen', 'Vagtelvej 52 B DK-2000 FREDERIKSBERG' ) ;

insert into pnom values ( 'oandreasen', 'Hr. Ole ANDREASEN' ) ;
insert into euprt values ( 'oandreasen', 'ELDR', 2 ) ;
insert into naprt values ( 'oandreasen', 'Venstre' ) ;
insert into land values ( 'oandreasen', 'DK' ) ;
insert into komit values ( 'oandreasen', 'AFET', 2 ) ;
insert into komit values ( 'oandreasen', 'CULT', 1 ) ;
insert into deleg values ( 'oandreasen', 'ZA', 2 ) ;
insert into adreu values ( 'oandreasen', 'European Parliament; Bât. Altiero Spinelli; 10G107; 60, rue Wiertz / Wiertzstraat 60; B-1047 Bruxelles/Brussel' ) ;
insert into adreu values ( 'oandreasen', 'European Parliament; Bât. Louise Weiss; T11027; Allée du Printemps; BP 10024/F; F-67070 Strasbourg Cedex' ) ;
insert into fax values ( 'oandreasen', '+32 (0)2 284 9602' ) ;
insert into fax values ( 'oandreasen', '+33 (0)3 88 17 9602' ) ;
insert into mail values ( 'oandreasen', 'oandreasen@europarl.eu.int' ) ;
insert into mail values ( 'oandreasen', 'oandreasen@mail.dk' ) ;
insert into http values ( 'oandreasen', 'http://www.oandreasen.dk' ) ;
insert into adrna values ( 'oandreasen', 'Sigridsvej 5 DK-2900 HELLERUP' ) ;

insert into pnom values ( 'nbusk', 'Hr. Niels BUSK' ) ;
insert into euprt values ( 'nbusk', 'ELDR', 2 ) ;
insert into naprt values ( 'nbusk', 'Venstre' ) ;
insert into land values ( 'nbusk', 'DK' ) ;
insert into komit values ( 'nbusk', 'AGRI', 2 ) ;
insert into komit values ( 'nbusk', 'PECH', 2 ) ;
insert into komit values ( 'nbusk', 'ENVI', 1 ) ;
insert into adreu values ( 'nbusk', 'European Parliament; Bât. Altiero Spinelli; 10G153; 60, rue Wiertz / Wiertzstraat 60; B-1047 Bruxelles/Brussel' ) ;
insert into adreu values ( 'nbusk', 'European Parliament; Bât. Louise Weiss; T11029; Allée du Printemps; BP 10024/F; F-67070 Strasbourg Cedex' ) ;
insert into fax values ( 'nbusk', '+32 (0)2 284 9365' ) ;
insert into fax values ( 'nbusk', '+33 (0)3 88 17 9365' ) ;
insert into http values ( 'nbusk', 'http://www.nielsbusk.dk' ) ;
insert into adrna values ( 'nbusk', 'Haldagervej 299 DK-9440 AABYBRO' ) ;

insert into pnom values ( 'rsoares', 'Sr. Mário SOARES' ) ;
insert into euprt values ( 'rsoares', 'PSE', 2 ) ;
insert into naprt values ( 'rsoares', 'Partido Socialista' ) ;
insert into land values ( 'rsoares', 'PT' ) ;
insert into komit values ( 'rsoares', 'AFET', 2 ) ;
insert into komit values ( 'rsoares', 'DEVE', 1 ) ;
insert into deleg values ( 'rsoares', 'IL', 9 ) ;
insert into adreu values ( 'rsoares', 'European Parliament; Bât. Altiero Spinelli; 14G351; 60, rue Wiertz / Wiertzstraat 60; B-1047 Bruxelles/Brussel' ) ;
insert into adreu values ( 'rsoares', 'European Parliament; Bât. Louise Weiss; T06084; Allée du Printemps; BP 10024/F; F-67070 Strasbourg Cedex' ) ;
insert into fax values ( 'rsoares', '+32 (0)2 284 9399' ) ;
insert into fax values ( 'rsoares', '+33 (0)3 88 17 9399' ) ;
insert into adrna values ( 'rsoares', 'Rua de S. Bento, 176 P-1200-821 LISBOA' ) ;

insert into pnom values ( 'spinto', 'Sr. Sérgio SOUSA PINTO' ) ;
insert into euprt values ( 'spinto', 'PSE', 2 ) ;
insert into naprt values ( 'spinto', 'Partido Socialista' ) ;
insert into land values ( 'spinto', 'PT' ) ;
insert into komit values ( 'spinto', 'LIBE', 2 ) ;
insert into komit values ( 'spinto', 'JURI', 1 ) ;
insert into deleg values ( 'spinto', 'AuNz', 2 ) ;
insert into adreu values ( 'spinto', 'European Parliament; Bât. Altiero Spinelli; 15G158; 60, rue Wiertz / Wiertzstraat 60; B-1047 Bruxelles/Brussel' ) ;
insert into adreu values ( 'spinto', 'European Parliament; Bât. Louise Weiss; T06145; Allée du Printemps; BP 10024/F; F-67070 Strasbourg Cedex' ) ;
insert into fax values ( 'spinto', '+32 (0)2 284 9486' ) ;
insert into fax values ( 'spinto', '+33 (0)3 88 17 9486' ) ;
insert into adrna values ( 'spinto', 'Rua Epifânio Dias, 9, 2°Esq. P-1700-160 LISBOA' ) ;

insert into pnom values ( 'mcarrilho', 'Sra. Maria CARRILHO' ) ;
insert into euprt values ( 'mcarrilho', 'PSE', 2 ) ;
insert into naprt values ( 'mcarrilho', 'Partido Socialista' ) ;
insert into land values ( 'mcarrilho', 'PT' ) ;
insert into komit values ( 'mcarrilho', 'DEVE', 2 ) ;
insert into komit values ( 'mcarrilho', 'AFET', 1 ) ;
insert into deleg values ( 'mcarrilho', 'SAARC', 9 ) ;
insert into adreu values ( 'mcarrilho', 'European Parliament; Bât. Altiero Spinelli; 15G130; 60, rue Wiertz / Wiertzstraat 60; B-1047 Bruxelles/Brussel' ) ;
insert into adreu values ( 'mcarrilho', 'European Parliament; Bât. Louise Weiss; T06143; Allée du Printemps; BP 10024/F; F-67070 Strasbourg Cedex' ) ;
insert into fax values ( 'mcarrilho', '+32 (0)2 284 9164' ) ;
insert into fax values ( 'mcarrilho', '+33 (0)3 88 17 9164' ) ;
insert into adrna values ( 'mcarrilho', 'R. Feio Terenas, 29-r/c P-1170 LISBOA' ) ;

insert into pnom values ( 'pcasaca', 'Sr. Paulo CASACA' ) ;
insert into euprt values ( 'pcasaca', 'PSE', 2 ) ;
insert into naprt values ( 'pcasaca', 'Partido Socialista' ) ;
insert into land values ( 'pcasaca', 'PT' ) ;
insert into komit values ( 'pcasaca', 'CONT', 8 ) ;
insert into komit values ( 'pcasaca', 'BUDG', 1 ) ;
insert into deleg values ( 'pcasaca', 'SI', 1 ) ;
insert into deleg values ( 'pcasaca', 'ChIsNo', 2 ) ;
insert into adreu values ( 'pcasaca', 'European Parliament; Bât. Altiero Spinelli; 15G154; 60, rue Wiertz / Wiertzstraat 60; B-1047 Bruxelles/Brussel' ) ;
insert into adreu values ( 'pcasaca', 'European Parliament; Bât. Louise Weiss; T06141; Allée du Printemps; BP 10024/F; F-67070 Strasbourg Cedex' ) ;
insert into fax values ( 'pcasaca', '+32 (0)2 284 9336' ) ;
insert into fax values ( 'pcasaca', '+33 (0)3 88 17 9336' ) ;
insert into mail values ( 'pcasaca', 'pcasaca@europarl.eu.int' ) ;
insert into http values ( 'pcasaca', 'http://www.paulocasaca.net' ) ;
insert into adrna values ( 'pcasaca', 'Av. Infante D. Henrique, 71 - 17º  F P-9504-529 PONTA  DELGADA' ) ;

insert into pnom values ( 'jvairinhos', 'Sr. Joaquim VAIRINHOS' ) ;
insert into euprt values ( 'jvairinhos', 'PSE', 2 ) ;
insert into naprt values ( 'jvairinhos', 'Partido Socialista' ) ;
insert into land values ( 'jvairinhos', 'PT' ) ;
insert into komit values ( 'jvairinhos', 'RETT', 2 ) ;
insert into komit values ( 'jvairinhos', 'EMPL', 1 ) ;
insert into adreu values ( 'jvairinhos', 'European Parliament; Bât. Altiero Spinelli; 14G342; 60, rue Wiertz / Wiertzstraat 60; B-1047 Bruxelles/Brussel' ) ;
insert into adreu values ( 'jvairinhos', 'European Parliament; Bât. Louise Weiss; T06135; Allée du Printemps; BP 10024/F; F-67070 Strasbourg Cedex' ) ;
insert into fax values ( 'jvairinhos', '+32 (0)2 284 9991' ) ;
insert into fax values ( 'jvairinhos', '+33 (0)3 88 17 9991' ) ;
insert into adrna values ( 'jvairinhos', 'Rua Frei Joaquim de Loulé 21 P-8100-579 LOULÉ' ) ;

insert into pnom values ( 'ppereira', 'Sr. José PACHECO PEREIRA' ) ;
insert into euprt values ( 'ppereira', 'EUPP', 5 ) ;
insert into naprt values ( 'ppereira', 'Partido Social Democrata' ) ;
insert into land values ( 'ppereira', 'PT' ) ;
insert into komit values ( 'ppereira', 'AFET', 2 ) ;
insert into komit values ( 'ppereira', 'CULT', 1 ) ;
insert into deleg values ( 'ppereira', 'US', 2 ) ;
insert into adreu values ( 'ppereira', 'European Parliament; Bât. Altiero Spinelli; 12E102; 60, rue Wiertz / Wiertzstraat 60; B-1047 Bruxelles/Brussel' ) ;
insert into adreu values ( 'ppereira', 'European Parliament; Bât. Louise Weiss; T12031; Allée du Printemps; BP 10024/F; F-67070 Strasbourg Cedex' ) ;
insert into fax values ( 'ppereira', '+32 (0)2 284 9371' ) ;
insert into fax values ( 'ppereira', '+33 (0)3 88 17 9371' ) ;
insert into adrna values ( 'ppereira', 'Travessa Légua da Póvoa, n° 7 - 7° F. P-1250 LISBOA' ) ;

insert into pnom values ( 'amoura', 'Sr. Vasco GRAÇA MOURA' ) ;
insert into euprt values ( 'amoura', 'EUPP', 2 ) ;
insert into naprt values ( 'amoura', 'Partido Social Democrata' ) ;
insert into land values ( 'amoura', 'PT' ) ;
insert into komit values ( 'amoura', 'CULT', 8 ) ;
insert into komit values ( 'amoura', 'AFET', 1 ) ;
insert into adreu values ( 'amoura', 'European Parliament; Bât. Altiero Spinelli; 08E158; 60, rue Wiertz / Wiertzstraat 60; B-1047 Bruxelles/Brussel' ) ;
insert into adreu values ( 'amoura', 'European Parliament; Bât. Louise Weiss; T09021; Allée du Printemps; BP 10024/F; F-67070 Strasbourg Cedex' ) ;
insert into fax values ( 'amoura', '+32 (0)2 284 9369' ) ;
insert into fax values ( 'amoura', '+33 (0)3 88 17 9369' ) ;
insert into adrna values ( 'amoura', 'Casa Kantuta Rua dos Pinheiros, 79 Bicesse  P-2765 ESTORIL' ) ;

insert into pnom values ( 'agarrett', 'Sra. Teresa ALMEIDA GARRETT' ) ;
insert into euprt values ( 'agarrett', 'EUPP', 2 ) ;
insert into naprt values ( 'agarrett', 'Partido Social Democrata' ) ;
insert into land values ( 'agarrett', 'PT' ) ;
insert into komit values ( 'agarrett', 'AFCO', 2 ) ;
insert into komit values ( 'agarrett', 'LIBE', 1 ) ;
insert into deleg values ( 'agarrett', 'MERCOSUR', 2 ) ;
insert into adreu values ( 'agarrett', 'European Parliament; Bât. Altiero Spinelli; 08E154; 60, rue Wiertz / Wiertzstraat 60; B-1047 Bruxelles/Brussel' ) ;
insert into adreu values ( 'agarrett', 'European Parliament; Bât. Louise Weiss; T09023; Allée du Printemps; BP 10024/F; F-67070 Strasbourg Cedex' ) ;
insert into fax values ( 'agarrett', '+32 (0)2 284 9566' ) ;
insert into fax values ( 'agarrett', '+33 (0)3 88 17 9566' ) ;
insert into adrna values ( 'agarrett', 'Parlamento Europeu Rue Wiertz ASP 8E154  B-1047 BRUXELAS' ) ;

insert into pnom values ( 'smarques', 'Sr. Sérgio MARQUES' ) ;
insert into euprt values ( 'smarques', 'EUPP', 2 ) ;
insert into naprt values ( 'smarques', 'Partido Social Democrata' ) ;
insert into land values ( 'smarques', 'PT' ) ;
insert into komit values ( 'smarques', 'RETT', 2 ) ;
insert into komit values ( 'smarques', 'ITRE', 1 ) ;
insert into deleg values ( 'smarques', 'AuNz', 2 ) ;
insert into adreu values ( 'smarques', 'European Parliament; Bât. Altiero Spinelli; 08E104; 60, rue Wiertz / Wiertzstraat 60; B-1047 Bruxelles/Brussel' ) ;
insert into adreu values ( 'smarques', 'European Parliament; Bât. Louise Weiss; T09029; Allée du Printemps; BP 10024/F; F-67070 Strasbourg Cedex' ) ;
insert into fax values ( 'smarques', '+32 (0)2 284 9404' ) ;
insert into fax values ( 'smarques', '+33 (0)3 88 17 9404' ) ;
insert into adrna values ( 'smarques', 'Parlamento Europeu Rue Wiertz ASP 8E104  B-1047 BRUXELAS' ) ;

insert into pnom values ( 'lmorgantini', 'Sig.Ra Luisa MORGANTINI' ) ;
insert into euprt values ( 'lmorgantini', 'LEFT', 2 ) ;
insert into naprt values ( 'lmorgantini', 'Partito della rifondazione comunista' ) ;
insert into land values ( 'lmorgantini', 'IT' ) ;
insert into komit values ( 'lmorgantini', 'DEVE', 2 ) ;
insert into komit values ( 'lmorgantini', 'ITRE', 1 ) ;
insert into komit values ( 'lmorgantini', 'FEMM', 1 ) ;
insert into deleg values ( 'lmorgantini', 'PLC', 9 ) ;
insert into deleg values ( 'lmorgantini', 'SAARC', 2 ) ;
insert into adreu values ( 'lmorgantini', 'European Parliament; Bât. Altiero Spinelli; 09G205; 60, rue Wiertz / Wiertzstraat 60; B-1047 Bruxelles/Brussel' ) ;
insert into adreu values ( 'lmorgantini', 'European Parliament; Bât. Louise Weiss; T05026; Allée du Printemps; BP 10024/F; F-67070 Strasbourg Cedex' ) ;
insert into fax values ( 'lmorgantini', '+32 (0)2 284 9151' ) ;
insert into fax values ( 'lmorgantini', '+33 (0)3 88 17 9115' ) ;
insert into mail values ( 'lmorgantini', 'lmorgantini@europarl.eu.int' ) ;
insert into http values ( 'lmorgantini', 'http://www.luisamorgantini.net' ) ;
insert into adrna values ( 'lmorgantini', 'Corso Trieste, 36 I-00198 ROMA' ) ;

insert into pnom values ( 'dsilva', 'Sr. Jorge MOREIRA DA SILVA' ) ;
insert into euprt values ( 'dsilva', 'EUPP', 2 ) ;
insert into naprt values ( 'dsilva', 'Partido Social Democrata' ) ;
insert into land values ( 'dsilva', 'PT' ) ;
insert into komit values ( 'dsilva', 'ENVI', 2 ) ;
insert into komit values ( 'dsilva', 'ECON', 1 ) ;
insert into deleg values ( 'dsilva', 'CZ', 2 ) ;
insert into adreu values ( 'dsilva', 'European Parliament; Bât. Altiero Spinelli; 08E103; 60, rue Wiertz / Wiertzstraat 60; B-1047 Bruxelles/Brussel' ) ;
insert into adreu values ( 'dsilva', 'European Parliament; Bât. Louise Weiss; T09006; Allée du Printemps; BP 10024/F; F-67070 Strasbourg Cedex' ) ;
insert into fax values ( 'dsilva', '+32 (0)2 284 9448' ) ;
insert into fax values ( 'dsilva', '+33 (0)3 88 17 9448' ) ;
insert into adrna values ( 'dsilva', 'Parlamento Europeu Rue Wiertz ASP 8E103  B-1047 BRUXELAS' ) ;

insert into pnom values ( 'vlavarra', 'On. Vincenzo LAVARRA' ) ;
insert into euprt values ( 'vlavarra', 'PSE', 2 ) ;
insert into naprt values ( 'vlavarra', 'Democratici di Sinistra' ) ;
insert into land values ( 'vlavarra', 'IT' ) ;
insert into komit values ( 'vlavarra', 'AGRI', 2 ) ;
insert into komit values ( 'vlavarra', 'PECH', 2 ) ;
insert into komit values ( 'vlavarra', 'ENVI', 1 ) ;
insert into deleg values ( 'vlavarra', 'MT', 2 ) ;
insert into deleg values ( 'vlavarra', 'RO', 1 ) ;
insert into deleg values ( 'vlavarra', 'Balkan', 2 ) ;
insert into adreu values ( 'vlavarra', 'European Parliament; Bât. Altiero Spinelli; 15G107; 60, rue Wiertz / Wiertzstraat 60; B-1047 Bruxelles/Brussel' ) ;
insert into adreu values ( 'vlavarra', 'European Parliament; Bât. Louise Weiss; T06127; Allée du Printemps; BP 10024/F; F-67070 Strasbourg Cedex' ) ;
insert into fax values ( 'vlavarra', '+32 (0)2 284 9388' ) ;
insert into fax values ( 'vlavarra', '+33 (0)3 88 17 9388' ) ;
insert into adrna values ( 'vlavarra', 'Via Trevisani, 66/a I-70123 BARI' ) ;

insert into pnom values ( 'gpisicchio', 'On. Giuseppe PISICCHIO' ) ;
insert into euprt values ( 'gpisicchio', 'EUPP', 2 ) ;
insert into naprt values ( 'gpisicchio', 'Rinnovamento italiano - Dini' ) ;
insert into land values ( 'gpisicchio', 'IT' ) ;
insert into komit values ( 'gpisicchio', 'BUDG', 2 ) ;
insert into komit values ( 'gpisicchio', 'RETT', 1 ) ;
insert into deleg values ( 'gpisicchio', 'Maghreb', 8 ) ;
insert into adreu values ( 'gpisicchio', 'European Parliament; Bât. Altiero Spinelli; 12E253; 60, rue Wiertz / Wiertzstraat 60; B-1047 Bruxelles/Brussel' ) ;
insert into adreu values ( 'gpisicchio', 'European Parliament; Bât. Louise Weiss; T10026; Allée du Printemps; BP 10024/F; F-67070 Strasbourg Cedex' ) ;
insert into fax values ( 'gpisicchio', '+32 (0)2 284 9121' ) ;
insert into fax values ( 'gpisicchio', '+33 (0)3 88 17 9121' ) ;
insert into mail values ( 'gpisicchio', 'enzopisi@tin.it' ) ;
insert into adrna values ( 'gpisicchio', 'Via Francesco Turati, 4 I-70125 BARI' ) ;

insert into pnom values ( 'eboselli', 'On. Enrico BOSELLI' ) ;
insert into euprt values ( 'eboselli', 'PSE', 5 ) ;
insert into naprt values ( 'eboselli', 'Socialisti democratici italiani' ) ;
insert into land values ( 'eboselli', 'IT' ) ;
insert into komit values ( 'eboselli', 'EMPL', 2 ) ;
insert into deleg values ( 'eboselli', 'CN', 2 ) ;
insert into adreu values ( 'eboselli', 'European Parliament; Bât. Altiero Spinelli; 15G157; 60, rue Wiertz / Wiertzstraat 60; B-1047 Bruxelles/Brussel' ) ;
insert into adreu values ( 'eboselli', 'European Parliament; Bât. Louise Weiss; T06014; Allée du Printemps; BP 10024/F; F-67070 Strasbourg Cedex' ) ;
insert into fax values ( 'eboselli', '+32 (0)2 284 9162' ) ;
insert into fax values ( 'eboselli', '+33 (0)3 88 17 9162' ) ;
insert into adrna values ( 'eboselli', 'Via S. Lorenzo in Lucina, 26 I-00186 ROMA' ) ;

insert into pnom values ( 'gprocacci', 'On. Giovanni PROCACCI' ) ;
insert into euprt values ( 'gprocacci', 'ELDR', 2 ) ;
insert into naprt values ( 'gprocacci', 'I Democratici' ) ;
insert into land values ( 'gprocacci', 'IT' ) ;
insert into komit values ( 'gprocacci', 'AGRI', 2 ) ;
insert into komit values ( 'gprocacci', 'EMPL', 1 ) ;
insert into deleg values ( 'gprocacci', 'CN', 2 ) ;
insert into adreu values ( 'gprocacci', 'European Parliament; Bât. Altiero Spinelli; 09G354; 60, rue Wiertz / Wiertzstraat 60; B-1047 Bruxelles/Brussel' ) ;
insert into adreu values ( 'gprocacci', 'European Parliament; Bât. Louise Weiss; T11012; Allée du Printemps; BP 10024/F; F-67070 Strasbourg Cedex' ) ;
insert into fax values ( 'gprocacci', '+32 (0)2 284 9328' ) ;
insert into fax values ( 'gprocacci', '+33 (0)3 88 17 9328' ) ;
insert into adrna values ( 'gprocacci', 'Via Ammiraglio Vacca, 19 I-70032 BITONTO (BA)' ) ;

insert into pnom values ( 'lqueiro', 'Sr. Luís QUEIRÓ') ;
insert into euprt values ( 'lqueiro', 'NEUU', 8 ) ;
insert into naprt values ( 'lqueiro', 'Partido Popular' ) ;
insert into land values ( 'lqueiro', 'PT' ) ;
insert into komit values ( 'lqueiro', 'AFET', 2 ) ;
insert into komit values ( 'lqueiro', 'PETI', 1 ) ;
insert into komit values ( 'lqueiro', 'RETT', 1 ) ;
insert into deleg values ( 'lqueiro', 'MERCOSUR', 2 ) ;
insert into adreu values ( 'lqueiro', 'European Parliament; Bât. Altiero Spinelli; 07F163; 60, rue Wiertz / Wiertzstraat 60; B-1047 Bruxelles/Brussel' ) ;
insert into adreu values ( 'lqueiro', 'European Parliament; Bât. Louise Weiss; T13037; Allée du Printemps; BP 10024/F; F-67070 Strasbourg Cedex' ) ;
insert into fax values ( 'lqueiro', '+32 (0)2 284 9227' ) ;
insert into fax values ( 'lqueiro', '+33 (0)3 88 17 9227' ) ;
insert into adrna values ( 'lqueiro', 'Av. António Augusto Aguiar, 165-1°-D P-1050-014 LISBOA' ) ;

insert into pnom values ( 'cmastella', 'On. Mario Clemente MASTELLA' ) ;
insert into euprt values ( 'cmastella', 'EUPP', 2 ) ;
insert into naprt values ( 'cmastella', 'Unione Democratici per l\'Europa' ) ;
insert into land values ( 'cmastella', 'IT' ) ;
insert into komit values ( 'cmastella', 'EMPL', 2 ) ;
insert into komit values ( 'cmastella', 'RETT', 1 ) ;
insert into deleg values ( 'cmastella', 'HU', 8 ) ;
insert into adreu values ( 'cmastella', 'European Parliament; Bât. Altiero Spinelli; 12E210; 60, rue Wiertz / Wiertzstraat 60; B-1047 Bruxelles/Brussel' ) ;
insert into adreu values ( 'cmastella', 'European Parliament; Bât. Louise Weiss; T10028; Allée du Printemps; BP 10024/F; F-67070 Strasbourg Cedex' ) ;
insert into fax values ( 'cmastella', '+32 (0)2 284 9280' ) ;
insert into fax values ( 'cmastella', '+33 (0)3 88 17 9280' ) ;
insert into adrna values ( 'cmastella', 'Largo Arenula, 34 I-00186 ROMA' ) ;

insert into pnom values ( 'vgemelli', 'On. Vitaliano GEMELLI' ) ;
insert into euprt values ( 'vgemelli', 'EUPP', 5 ) ;
insert into naprt values ( 'vgemelli', 'Cristiani democratici uniti' ) ;
insert into land values ( 'vgemelli', 'IT' ) ;
insert into komit values ( 'vgemelli', 'PETI', 9 ) ;
insert into komit values ( 'vgemelli', 'DEVE', 2 ) ;
insert into komit values ( 'vgemelli', 'AFET', 1 ) ;
insert into adreu values ( 'vgemelli', 'European Parliament; Bât. Altiero Spinelli; 13E206; 60, rue Wiertz / Wiertzstraat 60; B-1047 Bruxelles/Brussel' ) ;
insert into adreu values ( 'vgemelli', 'European Parliament; Bât. Louise Weiss; T12038; Allée du Printemps; BP 10024/F; F-67070 Strasbourg Cedex' ) ;
insert into fax values ( 'vgemelli', '+32 (0)2 284 9732' ) ;
insert into fax values ( 'vgemelli', '+33 (0)3 88 17 9732' ) ;
insert into adrna values ( 'vgemelli', 'Via Marincola Cattaneo, 9 I-88100 CATANZARO' ) ;

insert into pnom values ( 'lfinuoli', 'On. Giuseppe DI LELLO FINUOLI' ) ;
insert into euprt values ( 'lfinuoli', 'LEFT', 2 ) ;
insert into naprt values ( 'lfinuoli', 'Partito della rifondazione comunista' ) ;
insert into land values ( 'lfinuoli', 'IT' ) ;
insert into komit values ( 'lfinuoli', 'LIBE', 2 ) ;
insert into komit values ( 'lfinuoli', 'PETI', 2 ) ;
insert into komit values ( 'lfinuoli', 'CULT', 1 ) ;
insert into deleg values ( 'lfinuoli', 'MERCOSUR', 2 ) ;
insert into adreu values ( 'lfinuoli', 'European Parliament; Bât. Altiero Spinelli; 09G209; 60, rue Wiertz / Wiertzstraat 60; B-1047 Bruxelles/Brussel' ) ;
insert into adreu values ( 'lfinuoli', 'European Parliament; Bât. Louise Weiss; T05028; Allée du Printemps; BP 10024/F; F-67070 Strasbourg Cedex' ) ;
insert into fax values ( 'lfinuoli', '+32 (0)2 284 9456' ) ;
insert into fax values ( 'lfinuoli', '+33 (0)3 88 17 9456' ) ;
insert into adrna values ( 'lfinuoli', 'Viale delle Magnolie, 5 I-90144 PALERMO' ) ;

insert into pnom values ( 'ifigueiredo', 'Sra. Ilda FIGUEIREDO' ) ;
insert into euprt values ( 'ifigueiredo', 'LEFT', 5 ) ;
insert into naprt values ( 'ifigueiredo', 'Partido Comunista Português' ) ;
insert into land values ( 'ifigueiredo', 'PT' ) ;
insert into komit values ( 'ifigueiredo', 'EMPL', 2 ) ;
insert into komit values ( 'ifigueiredo', 'AGRI', 1 ) ;
insert into komit values ( 'ifigueiredo', 'PECH', 1 ) ;
insert into komit values ( 'ifigueiredo', 'FEMM', 1 ) ;
insert into deleg values ( 'ifigueiredo', 'Mashreq', 2 ) ;
insert into adreu values ( 'ifigueiredo', 'European Parliament; Bât. Altiero Spinelli; 09G309; 60, rue Wiertz / Wiertzstraat 60; B-1047 Bruxelles/Brussel' ) ;
insert into adreu values ( 'ifigueiredo', 'European Parliament; Bât. Louise Weiss; T05004; Allée du Printemps; BP 10024/F; F-67070 Strasbourg Cedex' ) ;
insert into fax values ( 'ifigueiredo', '+32 (0)2 284 9465' ) ;
insert into fax values ( 'ifigueiredo', '+33 (0)3 88 17 9465' ) ;
insert into adrna values ( 'ifigueiredo', 'Avenida da República, n° 396 - 8°P P-4430  VILA NOVA DE GAIA' ) ;

insert into pnom values ( 'pbortone', 'Sig.Ra Adriana POLI BORTONE' ) ;
insert into euprt values ( 'pbortone', 'NEUU', 2 ) ;
insert into naprt values ( 'pbortone', 'Alleanza nazionale' ) ;
insert into land values ( 'pbortone', 'IT' ) ;
insert into komit values ( 'pbortone', 'RETT', 2 ) ;
insert into komit values ( 'pbortone', 'AGRI', 1 ) ;
insert into deleg values ( 'pbortone', 'SAARC', 2 ) ;
insert into deleg values ( 'pbortone', 'Balkan', 2 ) ;
insert into adreu values ( 'pbortone', 'European Parliament; Bât. Altiero Spinelli; 07F151; 60, rue Wiertz / Wiertzstraat 60; B-1047 Bruxelles/Brussel' ) ;
insert into adreu values ( 'pbortone', 'European Parliament; Bât. Louise Weiss; T13065; Allée du Printemps; BP 10024/F; F-67070 Strasbourg Cedex' ) ;
insert into fax values ( 'pbortone', '+32 (0)2 284 9707' ) ;
insert into fax values ( 'pbortone', '+33 (0)3 88 17 9707' ) ;
insert into adrna values ( 'pbortone', 'Via Zanardelli, 105 I-73100 LECCE' ) ;

insert into pnom values ( 'rbigliardo', 'On. Roberto Felice BIGLIARDO' ) ;
insert into euprt values ( 'rbigliardo', 'NEUU', 2 ) ;
insert into naprt values ( 'rbigliardo', 'Alleanza nazionale' ) ;
insert into land values ( 'rbigliardo', 'IT' ) ;
insert into komit values ( 'rbigliardo', 'ECON', 2 ) ;
insert into komit values ( 'rbigliardo', 'ITRE', 1 ) ;
insert into deleg values ( 'rbigliardo', 'CA', 2 ) ;
insert into adreu values ( 'rbigliardo', 'European Parliament; Bât. Altiero Spinelli; 08G346; 60, rue Wiertz / Wiertzstraat 60; B-1047 Bruxelles/Brussel' ) ;
insert into adreu values ( 'rbigliardo', 'European Parliament; Bât. Louise Weiss; T08091; Allée du Printemps; BP 10024/F; F-67070 Strasbourg Cedex' ) ;
insert into fax values ( 'rbigliardo', '+32 (0)2 284 9940' ) ;
insert into fax values ( 'rbigliardo', '+33 (0)3 88 17 9940' ) ;
insert into mail values ( 'rbigliardo', 'rbigliardo@europarl.eu.int' ) ;
insert into adrna values ( 'rbigliardo', 'Via dei Mille, 10 I-80011 ACERRA (NA)' ) ;

insert into pnom values ( 'cfava', 'On. Giovanni Claudio FAVA' ) ;
insert into euprt values ( 'cfava', 'PSE', 2 ) ;
insert into naprt values ( 'cfava', 'Democratici di Sinistra' ) ;
insert into land values ( 'cfava', 'IT' ) ;
insert into komit values ( 'cfava', 'RETT', 2 ) ;
insert into komit values ( 'cfava', 'DEVE', 1 ) ;
insert into komit values ( 'cfava', 'PECH', 1 ) ;
insert into komit values ( 'cfava', 'AFET', 1 ) ;
insert into deleg values ( 'cfava', 'CAMx', 2 ) ;
insert into adreu values ( 'cfava', 'European Parliament; Bât. Altiero Spinelli; 15G103; 60, rue Wiertz / Wiertzstraat 60; B-1047 Bruxelles/Brussel' ) ;
insert into adreu values ( 'cfava', 'European Parliament; Bât. Louise Weiss; T06131; Allée du Printemps; BP 10024/F; F-67070 Strasbourg Cedex' ) ;
insert into fax values ( 'cfava', '+32 (0)2 284 9203' ) ;
insert into fax values ( 'cfava', '+33 (0)3 88 17 9203' ) ;
insert into adrna values ( 'cfava', 'Associazione Itaca Via Grottebianche, 150 I-95100 CATANIA' ) ;

insert into pnom values ( 'lcocilovo', 'On. Luigi COCILOVO' ) ;
insert into euprt values ( 'lcocilovo', 'EUPP', 5 ) ;
insert into naprt values ( 'lcocilovo', 'Partito popolare italiano' ) ;
insert into land values ( 'lcocilovo', 'IT' ) ;
insert into komit values ( 'lcocilovo', 'EMPL', 2 ) ;
insert into komit values ( 'lcocilovo', 'RETT', 2 ) ;
insert into deleg values ( 'lcocilovo', 'MT', 9 ) ;
insert into adreu values ( 'lcocilovo', 'European Parliament; Bât. Altiero Spinelli; 12E206; 60, rue Wiertz / Wiertzstraat 60; B-1047 Bruxelles/Brussel' ) ;
insert into adreu values ( 'lcocilovo', 'European Parliament; Bât. Louise Weiss; T10061; Allée du Printemps; BP 10024/F; F-67070 Strasbourg Cedex' ) ;
insert into fax values ( 'lcocilovo', '+32 (0)2 284 9854' ) ;
insert into fax values ( 'lcocilovo', '+33 (0)3 88 17 9854' ) ;
insert into adrna values ( 'lcocilovo', 'Via Panama, 87 I-00198 ROMA' ) ;

insert into pnom values ( 'fmusotto', 'On. Francesco MUSOTTO' ) ;
insert into euprt values ( 'fmusotto', 'EUPP', 2 ) ;
insert into naprt values ( 'fmusotto', 'Forza Italia' ) ;
insert into land values ( 'fmusotto', 'IT' ) ;
insert into komit values ( 'fmusotto', 'RETT', 2 ) ;
insert into komit values ( 'fmusotto', 'PECH', 1 ) ;
insert into adreu values ( 'fmusotto', 'European Parliament; Bât. Altiero Spinelli; 09E254; 60, rue Wiertz / Wiertzstraat 60; B-1047 Bruxelles/Brussel' ) ;
insert into adreu values ( 'fmusotto', 'European Parliament; Bât. Louise Weiss; T10050; Allée du Printemps; BP 10024/F; F-67070 Strasbourg Cedex' ) ;
insert into fax values ( 'fmusotto', '+32 (0)2 284 9597' ) ;
insert into fax values ( 'fmusotto', '+33 (0)3 88 17 9597' ) ;
insert into adrna values ( 'fmusotto', 'Largo Abeti, 16 I-90141 PALERMO' ) ;

insert into pnom values ( 'rlombardo', 'On. Raffaele LOMBARDO' ) ;
insert into euprt values ( 'rlombardo', 'EUPP', 2 ) ;
insert into naprt values ( 'rlombardo', 'Centro cristiano democratico' ) ;
insert into land values ( 'rlombardo', 'IT' ) ;
insert into komit values ( 'rlombardo', 'EMPL', 2 ) ;
insert into komit values ( 'rlombardo', 'AFET', 1 ) ;
insert into deleg values ( 'rlombardo', 'Maghreb', 2 ) ;
insert into adreu values ( 'rlombardo', 'European Parliament; Bât. Altiero Spinelli; 09E261; 60, rue Wiertz / Wiertzstraat 60; B-1047 Bruxelles/Brussel' ) ;
insert into adreu values ( 'rlombardo', 'European Parliament; Bât. Louise Weiss; T10034; Allée du Printemps; BP 10024/F; F-67070 Strasbourg Cedex' ) ;
insert into fax values ( 'rlombardo', '+32 (0)2 284 9433' ) ;
insert into fax values ( 'rlombardo', '+33 (0)3 88 17 9433' ) ;
insert into adrna values ( 'rlombardo', 'Via De Roberto, 31 I-95129  CATANIA' ) ;

insert into pnom values ( 'czacharakis', 'Κ. Christos ZACHARAKIS' ) ;
insert into euprt values ( 'czacharakis', 'EUPP', 2 ) ;
insert into naprt values ( 'czacharakis', 'Nea Dimokratia' ) ;
insert into land values ( 'czacharakis', 'GR' ) ;
insert into komit values ( 'czacharakis', 'AFET', 8 ) ;
insert into komit values ( 'czacharakis', 'LIBE', 1 ) ;
insert into deleg values ( 'czacharakis', 'TR', 2 ) ;
insert into adreu values ( 'czacharakis', 'European Parliament; Bât. Altiero Spinelli; 08E210; 60, rue Wiertz / Wiertzstraat 60; B-1047 Bruxelles/Brussel' ) ;
insert into adreu values ( 'czacharakis', 'European Parliament; Bât. Louise Weiss; T09012; Allée du Printemps; BP 10024/F; F-67070 Strasbourg Cedex' ) ;
insert into fax values ( 'czacharakis', '+32 (0)2 284 9937' ) ;
insert into fax values ( 'czacharakis', '+33 (0)3 88 17 9937' ) ;
insert into adrna values ( 'czacharakis', 'Parlement européen Rue Wiertz ASP 8E210  B-1047 BRUXELLES' ) ;

insert into pnom values ( 'imarinos', 'Κ. Ioannis MARINOS' ) ;
insert into euprt values ( 'imarinos', 'EUPP', 2 ) ;
insert into naprt values ( 'imarinos', 'Nea Dimokratia' ) ;
insert into land values ( 'imarinos', 'GR' ) ;
insert into komit values ( 'imarinos', 'ECON', 2 ) ;
insert into komit values ( 'imarinos', 'PECH', 2 ) ;
insert into komit values ( 'imarinos', 'PETI', 2 ) ;
insert into deleg values ( 'imarinos', 'CY', 8 ) ;
insert into adreu values ( 'imarinos', 'European Parliament; Bât. Altiero Spinelli; 08E217; 60, rue Wiertz / Wiertzstraat 60; B-1047 Bruxelles/Brussel' ) ;
insert into adreu values ( 'imarinos', 'European Parliament; Bât. Louise Weiss; T09037; Allée du Printemps; BP 10024/F; F-67070 Strasbourg Cedex' ) ;
insert into fax values ( 'imarinos', '+32 (0)2 284 9242' ) ;
insert into fax values ( 'imarinos', '+33 (0)3 88 17 9242' ) ;
insert into adrna values ( 'imarinos', 'Merlin 9 GR-106 71 ATHINA' ) ;

insert into pnom values ( 'mvandenberg', 'De Heer Margrietus J. van den BERG' ) ;
insert into euprt values ( 'mvandenberg', 'PSE', 8 ) ;
insert into naprt values ( 'mvandenberg', 'Partij van de Arbeid' ) ;
insert into land values ( 'mvandenberg', 'NL' ) ;
insert into komit values ( 'mvandenberg', 'DEVE', 8 ) ;
insert into komit values ( 'mvandenberg', 'AFCO', 1 ) ;
insert into deleg values ( 'mvandenberg', 'CAMx', 2 ) ;
insert into adreu values ( 'mvandenberg', 'European Parliament; Bât. Altiero Spinelli; 15G303; 60, rue Wiertz / Wiertzstraat 60; B-1047 Bruxelles/Brussel' ) ;
insert into adreu values ( 'mvandenberg', 'European Parliament; Bât. Louise Weiss; T08058; Allée du Printemps; BP 10024/F; F-67070 Strasbourg Cedex' ) ;
insert into fax values ( 'mvandenberg', '+32 (0)2 284 9669' ) ;
insert into fax values ( 'mvandenberg', '+33 (0)3 88 17 9669' ) ;
insert into mail values ( 'mvandenberg', 'mvandenberg@europarl.eu.int' ) ;
insert into http values ( 'mvandenberg', 'http://www.maxvandenberg.nl' ) ;
insert into adrna values ( 'mvandenberg', 'Europees Parlement Rue Wiertz ASP 15G305  B-1047 BRUSSEL' ) ;

insert into pnom values ( 'cfolias', 'Κ. Christos FOLIAS' ) ;
insert into euprt values ( 'cfolias', 'EUPP', 2 ) ;
insert into naprt values ( 'cfolias', 'Nea Dimokratia' ) ;
insert into land values ( 'cfolias', 'GR' ) ;
insert into komit values ( 'cfolias', 'AGRI', 2 ) ;
insert into komit values ( 'cfolias', 'ITRE', 1 ) ;
insert into deleg values ( 'cfolias', 'ChIsNo', 2 ) ;
insert into adreu values ( 'cfolias', 'European Parliament; Bât. Altiero Spinelli; 08E253; 60, rue Wiertz / Wiertzstraat 60; B-1047 Bruxelles/Brussel' ) ;
insert into adreu values ( 'cfolias', 'European Parliament; Bât. Louise Weiss; T09008; Allée du Printemps; BP 10024/F; F-67070 Strasbourg Cedex' ) ;
insert into fax values ( 'cfolias', '+32 (0)2 284 9334' ) ;
insert into fax values ( 'cfolias', '+33 (0)3 88 17 9334' ) ;
insert into adrna values ( 'cfolias', 'Ch. Galanou 2 GR-552 36 PANORAMA - THESSALONIKI' ) ;

insert into pnom values ( 'ktsagaropoulou', 'Κα Rodi KRATSA-TSAGAROPOULOU' ) ;
insert into euprt values ( 'ktsagaropoulou', 'EUPP', 2 ) ;
insert into naprt values ( 'ktsagaropoulou', 'Nea Dimokratia' ) ;
insert into land values ( 'ktsagaropoulou', 'GR' ) ;
insert into komit values ( 'ktsagaropoulou', 'EMPL', 2 ) ;
insert into komit values ( 'ktsagaropoulou', 'FEMM', 2 ) ;
insert into komit values ( 'ktsagaropoulou', 'RETT', 1 ) ;
insert into deleg values ( 'ktsagaropoulou', 'Balkan', 2 ) ;
insert into adreu values ( 'ktsagaropoulou', 'European Parliament; Bât. Altiero Spinelli; 08E169; 60, rue Wiertz / Wiertzstraat 60; B-1047 Bruxelles/Brussel' ) ;
insert into adreu values ( 'ktsagaropoulou', 'European Parliament; Bât. Louise Weiss; T09010; Allée du Printemps; BP 10024/F; F-67070 Strasbourg Cedex' ) ;
insert into fax values ( 'ktsagaropoulou', '+32 (0)2 284 9308' ) ;
insert into fax values ( 'ktsagaropoulou', '+33 (0)3 88 17 9308' ) ;
insert into adrna values ( 'ktsagaropoulou', 'Parlement européen Rue Wiertz ASP 8E169  B-1047 BRUXELLES' ) ;

insert into pnom values ( 'dburg', 'Mevr. Ieke van den BURG' ) ;
insert into euprt values ( 'dburg', 'PSE', 2 ) ;
insert into naprt values ( 'dburg', 'Partij van de Arbeid' ) ;
insert into land values ( 'dburg', 'NL' ) ;
insert into komit values ( 'dburg', 'EMPL', 2 ) ;
insert into komit values ( 'dburg', 'ECON', 1 ) ;
insert into deleg values ( 'dburg', 'JP', 2 ) ;
insert into adreu values ( 'dburg', 'European Parliament; Bât. Altiero Spinelli; 15G318; 60, rue Wiertz / Wiertzstraat 60; B-1047 Bruxelles/Brussel' ) ;
insert into adreu values ( 'dburg', 'European Parliament; Bât. Louise Weiss; T08056; Allée du Printemps; BP 10024/F; F-67070 Strasbourg Cedex' ) ;
insert into fax values ( 'dburg', '+32 (0)2 284 9394' ) ;
insert into fax values ( 'dburg', '+33 (0)3 88 17 9394' ) ;
insert into adrna values ( 'dburg', 'P. Gijzenbrugstraat 12 NL-1059 XH AMSTERDAM' ) ;

insert into pnom values ( 'iaveroff', 'Κ. Ioannis AVEROFF' ) ;
insert into euprt values ( 'iaveroff', 'EUPP', 2 ) ;
insert into naprt values ( 'iaveroff', 'Nea Dimokratia' ) ;
insert into land values ( 'iaveroff', 'GR' ) ;
insert into komit values ( 'iaveroff', 'BUDG', 2 ) ;
insert into komit values ( 'iaveroff', 'AGRI', 1 ) ;
insert into komit values ( 'iaveroff', 'CONT', 1 ) ;
insert into deleg values ( 'iaveroff', 'BG', 2 ) ;
insert into deleg values ( 'iaveroff', 'RO', 1 ) ;
insert into adreu values ( 'iaveroff', 'European Parliament; Bât. Altiero Spinelli; 08E165; 60, rue Wiertz / Wiertzstraat 60; B-1047 Bruxelles/Brussel' ) ;
insert into adreu values ( 'iaveroff', 'European Parliament; Bât. Louise Weiss; T09039; Allée du Printemps; BP 10024/F; F-67070 Strasbourg Cedex' ) ;
insert into fax values ( 'iaveroff', '+32 (0)2 284 9680' ) ;
insert into fax values ( 'iaveroff', '+33 (0)3 88 17 9680' ) ;
insert into adrna values ( 'iaveroff', 'Hatziyianni  Mexi 9 GR-115 28 ATHINA' ) ;

insert into pnom values ( 'isouladakis', 'Κ. Ioannis SOULADAKIS' ) ;
insert into euprt values ( 'isouladakis', 'PSE', 2 ) ;
insert into naprt values ( 'isouladakis', 'Panellinio Socialistiko Kinima' ) ;
insert into land values ( 'isouladakis', 'GR' ) ;
insert into komit values ( 'isouladakis', 'AFET', 2 ) ;
insert into komit values ( 'isouladakis', 'BUDG', 1 ) ;
insert into deleg values ( 'isouladakis', 'RO', 8 ) ;
insert into adreu values ( 'isouladakis', 'European Parliament; Bât. Altiero Spinelli; 13G206; 60, rue Wiertz / Wiertzstraat 60; B-1047 Bruxelles/Brussel' ) ;
insert into adreu values ( 'isouladakis', 'European Parliament; Bât. Louise Weiss; T08002; Allée du Printemps; BP 10024/F; F-67070 Strasbourg Cedex' ) ;
insert into fax values ( 'isouladakis', '+32 (0)2 284 9703' ) ;
insert into fax values ( 'isouladakis', '+33 (0)3 88 17 9703' ) ;
insert into mail values ( 'isouladakis', 'souladakis@ath.forthnet.gr' ) ;
insert into adrna values ( 'isouladakis', 'Orminiou 5 GR-115 28 ATHINA' ) ;

insert into pnom values ( 'jswiebel', 'Mevr. Joke SWIEBEL' ) ;
insert into euprt values ( 'jswiebel', 'PSE', 2 ) ;
insert into naprt values ( 'jswiebel', 'Partij van de Arbeid' ) ;
insert into land values ( 'jswiebel', 'NL' ) ;
insert into komit values ( 'jswiebel', 'LIBE', 2 ) ;
insert into komit values ( 'jswiebel', 'FEMM', 2 ) ;
insert into deleg values ( 'jswiebel', 'AuNz', 2 ) ;
insert into adreu values ( 'jswiebel', 'European Parliament; Bât. Altiero Spinelli; 15G351; 60, rue Wiertz / Wiertzstraat 60; B-1047 Bruxelles/Brussel' ) ;
insert into adreu values ( 'jswiebel', 'European Parliament; Bât. Louise Weiss; T08050; Allée du Printemps; BP 10024/F; F-67070 Strasbourg Cedex' ) ;
insert into fax values ( 'jswiebel', '+32 (0)2 284 9992' ) ;
insert into fax values ( 'jswiebel', '+33 (0)3 88 17 9992' ) ;
insert into mail values ( 'jswiebel', 'jswiebel@europarl.eu.int' ) ;
insert into http values ( 'jswiebel', 'http://www.jokeswiebel.nl' ) ;
insert into adrna values ( 'jswiebel', 'Europees Parlement Wiertzstraat ASP 15G351  B-1047 BRUSSEL' ) ;

insert into pnom values ( 'ikoukiadis', 'Κ. Ioannis KOUKIADIS' ) ;
insert into euprt values ( 'ikoukiadis', 'PSE', 2 ) ;
insert into naprt values ( 'ikoukiadis', 'Panellinio Socialistiko Kinima' ) ;
insert into land values ( 'ikoukiadis', 'GR' ) ;
insert into komit values ( 'ikoukiadis', 'JURI', 8 ) ;
insert into komit values ( 'ikoukiadis', 'PETI', 2 ) ;
insert into komit values ( 'ikoukiadis', 'EMPL', 1 ) ;
insert into deleg values ( 'ikoukiadis', 'BG', 1 ) ;
insert into deleg values ( 'ikoukiadis', 'KaKgUz', 8 ) ;
insert into adreu values ( 'ikoukiadis', 'European Parliament; Bât. Altiero Spinelli; 13G115; 60, rue Wiertz / Wiertzstraat 60; B-1047 Bruxelles/Brussel' ) ;
insert into adreu values ( 'ikoukiadis', 'European Parliament; Bât. Louise Weiss; T08153; Allée du Printemps; BP 10024/F; F-67070 Strasbourg Cedex' ) ;
insert into fax values ( 'ikoukiadis', '+32 (0)2 284 9210' ) ;
insert into fax values ( 'ikoukiadis', '+33 (0)3 88 17 9210' ) ;
insert into adrna values ( 'ikoukiadis', 'Dimokratias 84 GR-552 36 PANORAMA - THESSALONIKI' ) ;

insert into pnom values ( 'abaltas', 'Κ. Alexandros BALTAS' ) ;
insert into euprt values ( 'abaltas', 'PSE', 2 ) ;
insert into naprt values ( 'abaltas', 'Panellinio Socialistiko Kinima' ) ;
insert into land values ( 'abaltas', 'GR' ) ;
insert into komit values ( 'abaltas', 'AFET', 2 ) ;
insert into komit values ( 'abaltas', 'AGRI', 1 ) ;
insert into deleg values ( 'abaltas', 'BG', 2 ) ;
insert into deleg values ( 'abaltas', 'HU', 1 ) ;
insert into adreu values ( 'abaltas', 'European Parliament; Bât. Altiero Spinelli; 13G165; 60, rue Wiertz / Wiertzstraat 60; B-1047 Bruxelles/Brussel' ) ;
insert into adreu values ( 'abaltas', 'European Parliament; Bât. Louise Weiss; T08007; Allée du Printemps; BP 10024/F; F-67070 Strasbourg Cedex' ) ;
insert into fax values ( 'abaltas', '+32 (0)2 284 9421' ) ;
insert into fax values ( 'abaltas', '+33 (0)3 88 17 9421' ) ;
insert into adrna values ( 'abaltas', 'Parlement européen Rue Wiertz ASP 13G165  B-1047 BRUXELLES' ) ;

insert into pnom values ( 'mmalliori', 'Κα Minerva Melpomeni MALLIORI' ) ;
insert into euprt values ( 'mmalliori', 'PSE', 2 ) ;
insert into naprt values ( 'mmalliori', 'Panellinio Socialistiko Kinima' ) ;
insert into land values ( 'mmalliori', 'GR' ) ;
insert into komit values ( 'mmalliori', 'ENVI', 2 ) ;
insert into komit values ( 'mmalliori', 'ITRE', 1 ) ;
insert into deleg values ( 'mmalliori', 'RU', 2 ) ;
insert into adreu values ( 'mmalliori', 'European Parliament; Bât. Altiero Spinelli; 13G107; 60, rue Wiertz / Wiertzstraat 60; B-1047 Bruxelles/Brussel' ) ;
insert into adreu values ( 'mmalliori', 'European Parliament; Bât. Louise Weiss; T08004; Allée du Printemps; BP 10024/F; F-67070 Strasbourg Cedex' ) ;
insert into fax values ( 'mmalliori', '+32 (0)2 284 9312' ) ;
insert into fax values ( 'mmalliori', '+33 (0)3 88 17 9312' ) ;
insert into adrna values ( 'mmalliori', 'Parthenonos 27 GR-117 42 ATHINA' ) ;

insert into pnom values ( 'emastorakis', 'Κ. Emmanouil MASTORAKIS' ) ;
insert into euprt values ( 'emastorakis', 'PSE', 2 ) ;
insert into naprt values ( 'emastorakis', 'Panellinio Socialistiko Kinima' ) ;
insert into land values ( 'emastorakis', 'GR' ) ;
insert into komit values ( 'emastorakis', 'RETT', 2 ) ;
insert into komit values ( 'emastorakis', 'CONT', 1 ) ;
insert into deleg values ( 'emastorakis', 'SI', 1 ) ;
insert into deleg values ( 'emastorakis', 'Balkan', 2 ) ;
insert into adreu values ( 'emastorakis', 'European Parliament; Bât. Altiero Spinelli; 13G103; 60, rue Wiertz / Wiertzstraat 60; B-1047 Bruxelles/Brussel' ) ;
insert into adreu values ( 'emastorakis', 'European Parliament; Bât. Louise Weiss; T08088; Allée du Printemps; BP 10024/F; F-67070 Strasbourg Cedex' ) ;
insert into fax values ( 'emastorakis', '+32 (0)2 284 9935' ) ;
insert into fax values ( 'emastorakis', '+33 (0)3 88 17 9935' ) ;
insert into adrna values ( 'emastorakis', 'Michail Koraka 6 GR-722 00 IERAPETRA -  KRITI' ) ;

insert into pnom values ( 'amaat', 'De Heer Albert Jan MAAT' ) ;
insert into euprt values ( 'amaat', 'EUPP', 2 ) ;
insert into naprt values ( 'amaat', 'Christen Democratisch Appèl' ) ;
insert into land values ( 'amaat', 'NL' ) ;
insert into komit values ( 'amaat', 'AGRI', 8 ) ;
insert into komit values ( 'amaat', 'PECH', 1 ) ;
insert into komit values ( 'amaat', 'ENVI', 1 ) ;
insert into deleg values ( 'amaat', 'KaKgUz', 2 ) ;
insert into adreu values ( 'amaat', 'European Parliament; Bât. Altiero Spinelli; 12E146; 60, rue Wiertz / Wiertzstraat 60; B-1047 Bruxelles/Brussel' ) ;
insert into adreu values ( 'amaat', 'European Parliament; Bât. Louise Weiss; T09026; Allée du Printemps; BP 10024/F; F-67070 Strasbourg Cedex' ) ;
insert into fax values ( 'amaat', '+32 (0)2 284 9954' ) ;
insert into fax values ( 'amaat', '+33 (0)3 88 17 9954' ) ;
insert into mail values ( 'amaat', 'amaat@europarl.eu.int' ) ;
insert into http values ( 'amaat', 'http://www.ajmaat.nl' ) ;
insert into adrna values ( 'amaat', 'Postbus 7 NL-9765 ZG PATERSWOLDE' ) ;

insert into pnom values ( 'ekorakas', 'Κ. Efstratios KORAKAS' ) ;
insert into euprt values ( 'ekorakas', 'LEFT', 5 ) ;
insert into naprt values ( 'ekorakas', 'Kommounistiko Komma Elladas' ) ;
insert into land values ( 'ekorakas', 'GR' ) ;
insert into komit values ( 'ekorakas', 'AFET', 2 ) ;
insert into komit values ( 'ekorakas', 'RETT', 1 ) ;
insert into deleg values ( 'ekorakas', 'TR', 1 ) ;
insert into deleg values ( 'ekorakas', 'NATO', 2 ) ;
insert into adreu values ( 'ekorakas', 'European Parliament; Bât. Altiero Spinelli; 09G257; 60, rue Wiertz / Wiertzstraat 60; B-1047 Bruxelles/Brussel' ) ;
insert into adreu values ( 'ekorakas', 'European Parliament; Bât. Louise Weiss; T05012; Allée du Printemps; BP 10024/F; F-67070 Strasbourg Cedex' ) ;
insert into fax values ( 'ekorakas', '+32 (0)2 284 9778' ) ;
insert into fax values ( 'ekorakas', '+33 (0)3 88 17 9778' ) ;
insert into adrna values ( 'ekorakas', 'KKE Leof. Irakliou 145 GR-142 31 N. IONIA' ) ;

insert into pnom values ( 'ldoorn', 'De Heer Bert DOORN' ) ;
insert into euprt values ( 'ldoorn', 'EUPP', 2 ) ;
insert into naprt values ( 'ldoorn', 'Christen Democratisch Appèl' ) ;
insert into land values ( 'ldoorn', 'NL' ) ;
insert into komit values ( 'ldoorn', 'JURI', 2 ) ;
insert into komit values ( 'ldoorn', 'ECON', 1 ) ;
insert into deleg values ( 'ldoorn', 'ASEAN', 2 ) ;
insert into adreu values ( 'ldoorn', 'European Parliament; Bât. Altiero Spinelli; 12E107; 60, rue Wiertz / Wiertzstraat 60; B-1047 Bruxelles/Brussel' ) ;
insert into adreu values ( 'ldoorn', 'European Parliament; Bât. Louise Weiss; T09020; Allée du Printemps; BP 10024/F; F-67070 Strasbourg Cedex' ) ;
insert into fax values ( 'ldoorn', '+32 (0)2 284 9543' ) ;
insert into fax values ( 'ldoorn', '+33 (0)3 88 17 9543' ) ;
insert into mail values ( 'ldoorn', 'ldoorn@europarl.eu.int' ) ;
insert into adrna values ( 'ldoorn', 'Europees Parlement Wiertzstraat ASP 12E107  B-1047 BRUSSEL' ) ;

insert into pnom values ( 'jmaaten', 'De Heer Jules MAATEN' ) ;
insert into euprt values ( 'jmaaten', 'ELDR', 5 ) ;
insert into naprt values ( 'jmaaten', 'Volkspartij voor Vrijheid en Democratie' ) ;
insert into land values ( 'jmaaten', 'NL' ) ;
insert into komit values ( 'jmaaten', 'ENVI', 2 ) ;
insert into komit values ( 'jmaaten', 'AFET', 1 ) ;
insert into deleg values ( 'jmaaten', 'ASEAN', 2 ) ;
insert into adreu values ( 'jmaaten', 'European Parliament; Bât. Altiero Spinelli; 10G310; 60, rue Wiertz / Wiertzstraat 60; B-1047 Bruxelles/Brussel' ) ;
insert into adreu values ( 'jmaaten', 'European Parliament; Bât. Louise Weiss; T11015; Allée du Printemps; BP 10024/F; F-67070 Strasbourg Cedex' ) ;
insert into fax values ( 'jmaaten', '+32 (0)2 284 9606' ) ;
insert into fax values ( 'jmaaten', '<TR><TD colspan="2"><HR></TD></TR>' ) ;
insert into mail values ( 'jmaaten', 'europa@maaten.net' ) ;
insert into http values ( 'jmaaten', 'http://www.maaten.net' ) ;
insert into adrna values ( 'jmaaten', 'Europees Parlement Wiertzstraat ASP 10G310  B-1047 BRUSSEL' ) ;

insert into pnom values ( 'msanders', 'Mevr. Maria Johanna (Marieke) SANDERS-TEN HOLTE' ) ;
insert into euprt values ( 'msanders', 'ELDR', 2 ) ;
insert into naprt values ( 'msanders', 'Volkspartij voor Vrijheid en Democratie' ) ;
insert into land values ( 'msanders', 'NL' ) ;
insert into komit values ( 'msanders', 'DEVE', 8 ) ;
insert into komit values ( 'msanders', 'CULT', 2 ) ;
insert into komit values ( 'msanders', 'FEMM', 2 ) ;
insert into adreu values ( 'msanders', 'European Parliament; Bât. Altiero Spinelli; 10G269; 60, rue Wiertz / Wiertzstraat 60; B-1047 Bruxelles/Brussel' ) ;
insert into adreu values ( 'msanders', 'European Parliament; Bât. Louise Weiss; T11019; Allée du Printemps; BP 10024/F; F-67070 Strasbourg Cedex' ) ;
insert into fax values ( 'msanders', '+32 (0)2 284 9628' ) ;
insert into fax values ( 'msanders', '+33 (0)3 88 17 9628' ) ;
insert into mail values ( 'msanders', 'msanders@europarl.eu.int' ) ;
insert into http values ( 'msanders', 'http://www.mariekesanders.net' ) ;
insert into adrna values ( 'msanders', 'Europees Parlement Wiertzstraat ASP 10G269  B-1047 BRUSSEL' ) ;

insert into pnom values ( 'dlaan', 'Mevr. Lousewies van der LAAN' ) ;
insert into euprt values ( 'dlaan', 'ELDR', 5 ) ;
insert into naprt values ( 'dlaan', 'Democraten 66' ) ;
insert into land values ( 'dlaan', 'NL' ) ;
insert into komit values ( 'dlaan', 'LIBE', 8 ) ;
insert into komit values ( 'dlaan', 'FEMM', 2 ) ;
insert into komit values ( 'dlaan', 'BUDG', 1 ) ;
insert into deleg values ( 'dlaan', 'PLC', 2 ) ;
insert into adreu values ( 'dlaan', 'European Parliament; Bât. Altiero Spinelli; 10G309; 60, rue Wiertz / Wiertzstraat 60; B-1047 Bruxelles/Brussel' ) ;
insert into adreu values ( 'dlaan', 'European Parliament; Bât. Louise Weiss; T11013; Allée du Printemps; BP 10024/F; F-67070 Strasbourg Cedex' ) ;
insert into fax values ( 'dlaan', '+32 (0)2 284 9797' ) ;
insert into fax values ( 'dlaan', '+33 (0)3 88 17 9797' ) ;
insert into mail values ( 'dlaan', 'lousewies@vanderlaan.net' ) ;
insert into http values ( 'dlaan', 'http://www.vanderlaan.net' ) ;
insert into adrna values ( 'dlaan', 'Europees Parlement Wiertzstraat ASP 10G309  B-1047 BRUSSEL' ) ;

insert into pnom values ( 'mbuitenweg', 'Mevr. Kathalijne Maria BUITENWEG' ) ;
insert into euprt values ( 'mbuitenweg', 'VERD', 2 ) ;
insert into naprt values ( 'mbuitenweg', 'GroenLinks' ) ;
insert into land values ( 'mbuitenweg', 'NL' ) ;
insert into komit values ( 'mbuitenweg', 'BUDG', 2 ) ;
insert into komit values ( 'mbuitenweg', 'LIBE', 1 ) ;
insert into deleg values ( 'mbuitenweg', 'ZA', 2 ) ;
insert into adreu values ( 'mbuitenweg', 'European Parliament; Bât. Altiero Spinelli; 08G309; 60, rue Wiertz / Wiertzstraat 60; B-1047 Bruxelles/Brussel' ) ;
insert into adreu values ( 'mbuitenweg', 'European Parliament; Bât. Louise Weiss; T05123; Allée du Printemps; BP 10024/F; F-67070 Strasbourg Cedex' ) ;
insert into fax values ( 'mbuitenweg', '+32 (0)2 284 9266' ) ;
insert into fax values ( 'mbuitenweg', '+33 (0)3 88 17 9266' ) ;
insert into http values ( 'mbuitenweg', 'http://www.groenlinks.nl' ) ;
insert into adrna values ( 'mbuitenweg', 'Europees Parlement Wiertzstraat ASP 8G309  B-1047 BRUSSEL' ) ;

insert into pnom values ( 'aderoo', 'De Heer Alexander de ROO' ) ;
insert into euprt values ( 'aderoo', 'VERD', 2 ) ;
insert into naprt values ( 'aderoo', 'GroenLinks' ) ;
insert into land values ( 'aderoo', 'NL' ) ;
insert into komit values ( 'aderoo', 'ENVI', 8 ) ;
insert into komit values ( 'aderoo', 'AGRI', 1 ) ;
insert into deleg values ( 'aderoo', 'CY', 2 ) ;
insert into adreu values ( 'aderoo', 'European Parliament; Bât. Altiero Spinelli; 08G318; 60, rue Wiertz / Wiertzstraat 60; B-1047 Bruxelles/Brussel' ) ;
insert into adreu values ( 'aderoo', 'European Parliament; Bât. Louise Weiss; T05066; Allée du Printemps; BP 10024/F; F-67070 Strasbourg Cedex' ) ;
insert into fax values ( 'aderoo', '+32 (0)2 284 9760' ) ;
insert into fax values ( 'aderoo', '+33 (0)3 88 17 9706' ) ;
insert into mail values ( 'aderoo', 'aderoo@europarl.eu.int' ) ;
insert into http values ( 'aderoo', 'http://www.xs4all.nl/~aderoo' ) ;
insert into adrna values ( 'aderoo', 'Europees Parlement Wiertzstraat 47 ASP 8G318  B-1047 BRUSSEL' ) ;

insert into pnom values ( 'tbouwman', 'De Heer Theodorus J.J. BOUWMAN' ) ;
insert into euprt values ( 'tbouwman', 'VERD', 2 ) ;
insert into naprt values ( 'tbouwman', 'GroenLinks' ) ;
insert into land values ( 'tbouwman', 'NL' ) ;
insert into komit values ( 'tbouwman', 'EMPL', 9 ) ;
insert into komit values ( 'tbouwman', 'RETT', 1 ) ;
insert into deleg values ( 'tbouwman', 'RO', 1 ) ;
insert into deleg values ( 'tbouwman', 'JP', 2 ) ;
insert into adreu values ( 'tbouwman', 'European Parliament; Bât. Altiero Spinelli; 08G301; 60, rue Wiertz / Wiertzstraat 60; B-1047 Bruxelles/Brussel' ) ;
insert into adreu values ( 'tbouwman', 'European Parliament; Bât. Louise Weiss; T12010-012; Allée du Printemps; BP 10024/F; F-67070 Strasbourg Cedex' ) ;
insert into fax values ( 'tbouwman', '+32 (0)2 284 9327' ) ;
insert into fax values ( 'tbouwman', '+33 (0)3 88 17 9327' ) ;
insert into mail values ( 'tbouwman', 'tbouwman@europarl.eu.int' ) ;
insert into http values ( 'tbouwman', 'http://www.groenlinks.nl' ) ;
insert into adrna values ( 'tbouwman', 'Rodenbachlaan 5 NL-5615 GG EINDHOVEN' ) ;

insert into pnom values ( 'bbelder', 'De Heer Bastiaan BELDER' ) ;
insert into euprt values ( 'bbelder', 'DIV', 2 ) ;
insert into naprt values ( 'bbelder', 'ChristenUnie - Staatkundig Gereformeerde Parti' ) ;
insert into land values ( 'bbelder', 'NL' ) ;
insert into komit values ( 'bbelder', 'AFET', 2 ) ;
insert into komit values ( 'bbelder', 'AFCO', 1 ) ;
insert into komit values ( 'bbelder', 'ITRE', 1 ) ;
insert into deleg values ( 'bbelder', 'RO', 1 ) ;
insert into deleg values ( 'bbelder', 'US', 8 ) ;
insert into deleg values ( 'bbelder', 'ASEAN', 2 ) ;
insert into adreu values ( 'bbelder', 'European Parliament; Bât. Altiero Spinelli; 07H243; 60, rue Wiertz / Wiertzstraat 60; B-1047 Bruxelles/Brussel' ) ;
insert into adreu values ( 'bbelder', 'European Parliament; Bât. Louise Weiss; T11063; Allée du Printemps; BP 10024/F; F-67070 Strasbourg Cedex' ) ;
insert into fax values ( 'bbelder', '+32 (0)2 284 9270' ) ;
insert into fax values ( 'bbelder', '+33 (0)3 88 17 9270' ) ;
insert into mail values ( 'bbelder', 'bbelder@europarl.eu.int' ) ;
insert into adrna values ( 'bbelder', 'Europees Parlement Rue Wiertz ASP 7H243  B-1047 BRUSSEL' ) ;

insert into pnom values ( 'emeijer', 'De Heer Erik MEIJER' ) ;
insert into euprt values ( 'emeijer', 'LEFT', 5 ) ;
insert into naprt values ( 'emeijer', 'Socialistiese Partij' ) ;
insert into land values ( 'emeijer', 'NL' ) ;
insert into komit values ( 'emeijer', 'RETT', 2 ) ;
insert into komit values ( 'emeijer', 'ENVI', 1 ) ;
insert into deleg values ( 'emeijer', 'SK', 2 ) ;
insert into deleg values ( 'emeijer', 'CZ', 1 ) ;
insert into adreu values ( 'emeijer', 'European Parliament; Bât. Altiero Spinelli; 09G158; 60, rue Wiertz / Wiertzstraat 60; B-1047 Bruxelles/Brussel' ) ;
insert into adreu values ( 'emeijer', 'European Parliament; Bât. Louise Weiss; T05029; Allée du Printemps; BP 10024/F; F-67070 Strasbourg Cedex' ) ;
insert into fax values ( 'emeijer', '+32 (0)2 284 9492' ) ;
insert into adrna values ( 'emeijer', 'Schaepmanstraat, 62 NL-3027 CD ROTTERDAM' ) ;

insert into pnom values ( 'kalyssandrakis', 'Κ. Konstantinos ALYSSANDRAKIS' ) ;
insert into euprt values ( 'kalyssandrakis', 'LEFT', 2 ) ;
insert into naprt values ( 'kalyssandrakis', 'Kommounistiko Komma Elladas' ) ;
insert into land values ( 'kalyssandrakis', 'GR' ) ;
insert into komit values ( 'kalyssandrakis', 'ITRE', 2 ) ;
insert into komit values ( 'kalyssandrakis', 'CULT', 1 ) ;
insert into deleg values ( 'kalyssandrakis', 'CY', 8 ) ;
insert into deleg values ( 'kalyssandrakis', 'HU', 1 ) ;
insert into adreu values ( 'kalyssandrakis', 'European Parliament; Bât. Altiero Spinelli; 09G265; 60, rue Wiertz / Wiertzstraat 60; B-1047 Bruxelles/Brussel' ) ;
insert into adreu values ( 'kalyssandrakis', 'European Parliament; Bât. Louise Weiss; TO5010; Allée du Printemps; BP 10024/F; F-67070 Strasbourg Cedex' ) ;
insert into fax values ( 'kalyssandrakis', '+32 (0)2 284 9874' ) ;
insert into fax values ( 'kalyssandrakis', '+33 (0)3 88 17 9874' ) ;
insert into mail values ( 'kalyssandrakis', 'calissan@cc.uoi.gr' ) ;
insert into adrna values ( 'kalyssandrakis', 'KKE Leof. Irakliou 145 GR-142 31 N. IONIA' ) ;

insert into pnom values ( 'dkoulourianos', 'Κ. Dimitrios KOULOURIANOS' ) ;
insert into euprt values ( 'dkoulourianos', 'LEFT', 2 ) ;
insert into naprt values ( 'dkoulourianos', 'Dimokratiko Kinoniko Kinima' ) ;
insert into land values ( 'dkoulourianos', 'GR' ) ;
insert into komit values ( 'dkoulourianos', 'AGRI', 2 ) ;
insert into komit values ( 'dkoulourianos', 'ITRE', 1 ) ;
insert into deleg values ( 'dkoulourianos', 'BG', 2 ) ;
insert into deleg values ( 'dkoulourianos', 'AmGeAz', 8 ) ;
insert into adreu values ( 'dkoulourianos', 'European Parliament; Bât. Altiero Spinelli; 09G318; 60, rue Wiertz / Wiertzstraat 60; B-1047 Bruxelles/Brussel' ) ;
insert into adreu values ( 'dkoulourianos', 'European Parliament; Bât. Louise Weiss; T05011; Allée du Printemps; BP 10024/F; F-67070 Strasbourg Cedex' ) ;
insert into fax values ( 'dkoulourianos', '+32 (0)2 284 9719' ) ;
insert into fax values ( 'dkoulourianos', '+33 (0)3 88 17 9719' ) ;
insert into adrna values ( 'dkoulourianos', 'Rue Rizari 13 GR-116 34 ATHINA' ) ;

insert into pnom values ( 'ebakopoulos', 'Κ. Emmanouil BAKOPOULOS' ) ;
insert into euprt values ( 'ebakopoulos', 'LEFT', 5 ) ;
insert into naprt values ( 'ebakopoulos', 'Dimokratiko Kinoniko Kinima' ) ;
insert into land values ( 'ebakopoulos', 'GR' ) ;
insert into komit values ( 'ebakopoulos', 'RETT', 2 ) ;
insert into komit values ( 'ebakopoulos', 'ENVI', 1 ) ;
insert into deleg values ( 'ebakopoulos', 'SK', 1 ) ;
insert into deleg values ( 'ebakopoulos', 'ChIsNo', 2 ) ;
insert into adreu values ( 'ebakopoulos', 'European Parliament; Bât. Altiero Spinelli; 09G317; 60, rue Wiertz / Wiertzstraat 60; B-1047 Bruxelles/Brussel' ) ;
insert into adreu values ( 'ebakopoulos', 'European Parliament; Bât. Louise Weiss; T05030; Allée du Printemps; BP 10024/F; F-67070 Strasbourg Cedex' ) ;
insert into fax values ( 'ebakopoulos', '+32 (0)2 284 9131' ) ;
insert into fax values ( 'ebakopoulos', '+33 (0)3 88 17 9131' ) ;
insert into adrna values ( 'ebakopoulos', 'Vrachnou 3 GR-115 24 ATHINA' ) ;

insert into pnom values ( 'bkhanbhai', 'Mr Bashir KHANBHAI' ) ;
insert into euprt values ( 'bkhanbhai', 'EUPP', 2 ) ;
insert into naprt values ( 'bkhanbhai', 'Conservative and Unionist Party' ) ;
insert into land values ( 'bkhanbhai', 'UK' ) ;
insert into komit values ( 'bkhanbhai', 'ITRE', 2 ) ;
insert into komit values ( 'bkhanbhai', 'DEVE', 1 ) ;
insert into deleg values ( 'bkhanbhai', 'AmGeAz', 2 ) ;
insert into adreu values ( 'bkhanbhai', 'European Parliament; Bât. Altiero Spinelli; 14E154; 60, rue Wiertz / Wiertzstraat 60; B-1047 Bruxelles/Brussel' ) ;
insert into adreu values ( 'bkhanbhai', 'European Parliament; Bât. Louise Weiss; T08046; Allée du Printemps; BP 10024/F; F-67070 Strasbourg Cedex' ) ;
insert into fax values ( 'bkhanbhai', '+32 (0)2 284 9953' ) ;
insert into fax values ( 'bkhanbhai', '+33 (0)3 88 17 9953' ) ;
insert into mail values ( 'bkhanbhai', 'bashir@khanbhai.co.uk' ) ;
insert into http values ( 'bkhanbhai', 'http://www.bashirkhanbhai.co.uk' ) ;
insert into adrna values ( 'bkhanbhai', 'European Parliament Rue Wiertz ASP 14E154  B-1047 BRUSSELS' ) ;

insert into pnom values ( 'vorden', 'Mr Geoffrey VAN ORDEN' ) ;
insert into euprt values ( 'vorden', 'EUPP', 2 ) ;
insert into naprt values ( 'vorden', 'Conservative and Unionist Party' ) ;
insert into land values ( 'vorden', 'UK' ) ;
insert into komit values ( 'vorden', 'AFET', 8 ) ;
insert into komit values ( 'vorden', 'RETT', 1 ) ;
insert into deleg values ( 'vorden', 'TR', 2 ) ;
insert into deleg values ( 'vorden', 'HU', 1 ) ;
insert into adreu values ( 'vorden', 'European Parliament; Bât. Altiero Spinelli; 14E146; 60, rue Wiertz / Wiertzstraat 60; B-1047 Bruxelles/Brussel' ) ;
insert into adreu values ( 'vorden', 'European Parliament; Bât. Louise Weiss; T08048; Allée du Printemps; BP 10024/F; F-67070 Strasbourg Cedex' ) ;
insert into fax values ( 'vorden', '+32 (0)2 284 9332' ) ;
insert into fax values ( 'vorden', '+33 (0)3 88 17 9332' ) ;
insert into adrna values ( 'vorden', 'European Parliament Rue Wiertz ASP 14 E 146  B-1047 BRUSSELS' ) ;

insert into pnom values ( 'nduff', 'Mr Andrew Nicholas DUFF' ) ;
insert into euprt values ( 'nduff', 'ELDR', 2 ) ;
insert into naprt values ( 'nduff', 'Liberal Democrat Party' ) ;
insert into land values ( 'nduff', 'UK' ) ;
insert into komit values ( 'nduff', 'AFCO', 2 ) ;
insert into komit values ( 'nduff', 'AFET', 1 ) ;
insert into deleg values ( 'nduff', 'TR', 8 ) ;
insert into adreu values ( 'nduff', 'European Parliament; Bât. Altiero Spinelli; 10G346; 60, rue Wiertz / Wiertzstraat 60; B-1047 Bruxelles/Brussel' ) ;
insert into adreu values ( 'nduff', 'European Parliament; Bât. Louise Weiss; T11002; Allée du Printemps; BP 10024/F; F-67070 Strasbourg Cedex' ) ;
insert into fax values ( 'nduff', '+32 (0)2 284 9998' ) ;
insert into fax values ( 'nduff', '+33 (0)3 88 17 9998' ) ;
insert into mail values ( 'nduff', 'mep@andrewduffmep.org' ) ;
insert into http values ( 'nduff', 'http://www.andrewduffmep.org' ) ;
insert into adrna values ( 'nduff', 'Orwell House Cowley Road CAMBRIDGE CB4 0PP' ) ;

insert into pnom values ( 'wtitford', 'Mr Jeffrey William TITFORD' ) ;
insert into euprt values ( 'wtitford', 'DIV', 2 ) ;
insert into naprt values ( 'wtitford', 'UK Independence Party' ) ;
insert into land values ( 'wtitford', 'UK' ) ;
insert into komit values ( 'wtitford', 'CONT', 2 ) ;
insert into komit values ( 'wtitford', 'AGRI', 1 ) ;
insert into adreu values ( 'wtitford', 'European Parliament; Bât. Altiero Spinelli; 07H342; 60, rue Wiertz / Wiertzstraat 60; B-1047 Bruxelles/Brussel' ) ;
insert into adreu values ( 'wtitford', 'European Parliament; Bât. Louise Weiss; T11073; Allée du Printemps; BP 10024/F; F-67070 Strasbourg Cedex' ) ;
insert into fax values ( 'wtitford', '+32 (0)2 284 9758' ) ;
insert into fax values ( 'wtitford', '+33 (0)3 88 17 9758' ) ;
insert into adrna values ( 'wtitford', 'European Parliament Rue Wiertz ASP 7H342  B-1047 BRUSSELS' ) ;

insert into pnom values ( 'rhelmer', 'Mr Roger HELMER' ) ;
insert into euprt values ( 'rhelmer', 'EUPP', 2 ) ;
insert into naprt values ( 'rhelmer', 'Conservative and Unionist Party' ) ;
insert into land values ( 'rhelmer', 'UK' ) ;
insert into komit values ( 'rhelmer', 'EMPL', 2 ) ;
insert into komit values ( 'rhelmer', 'ITRE', 1 ) ;
insert into komit values ( 'rhelmer', 'RETT', 1 ) ;
insert into deleg values ( 'rhelmer', 'SK', 1 ) ;
insert into deleg values ( 'rhelmer', 'ASEAN', 2 ) ;
insert into adreu values ( 'rhelmer', 'European Parliament; Bât. Altiero Spinelli; 14E242; 60, rue Wiertz / Wiertzstraat 60; B-1047 Bruxelles/Brussel' ) ;
insert into adreu values ( 'rhelmer', 'European Parliament; Bât. Louise Weiss; T08044; Allée du Printemps; BP 10024/F; F-67070 Strasbourg Cedex' ) ;
insert into fax values ( 'rhelmer', '+32 (0)2 284 9764' ) ;
insert into fax values ( 'rhelmer', '+33 (0)3 88 17 9764' ) ;
insert into adrna values ( 'rhelmer', 'c/o Blaby Conservative Office 35 Lutterworth Road BLABY  Leicester LE8 4DW' ) ;

insert into pnom values ( 'hharris', 'Mr Christopher HEATON-HARRIS' ) ;
insert into euprt values ( 'hharris', 'EUPP', 2 ) ;
insert into naprt values ( 'hharris', 'Conservative and Unionist Party' ) ;
insert into land values ( 'hharris', 'UK' ) ;
insert into komit values ( 'hharris', 'CONT', 2 ) ;
insert into komit values ( 'hharris', 'BUDG', 1 ) ;
insert into deleg values ( 'hharris', 'NATO', 2 ) ;
insert into adreu values ( 'hharris', 'European Parliament; Bât. Altiero Spinelli; 14E157; 60, rue Wiertz / Wiertzstraat 60; B-1047 Bruxelles/Brussel' ) ;
insert into adreu values ( 'hharris', 'European Parliament; Bât. Louise Weiss; T08036; Allée du Printemps; BP 10024/F; F-67070 Strasbourg Cedex' ) ;
insert into fax values ( 'hharris', '+32 (0)2 284 9523' ) ;
insert into fax values ( 'hharris', '+33 (0)3 88 17 9523' ) ;
insert into mail values ( 'hharris', 'wfoster@clara.net' ) ;
insert into adrna values ( 'hharris', 'Manor Farm ALDWINCLE Kettering Northants NN14 3EL' ) ;

insert into pnom values ( 'nclegg', 'Mr Nicholas CLEGG' ) ;
insert into euprt values ( 'nclegg', 'ELDR', 2 ) ;
insert into naprt values ( 'nclegg', 'Liberal Democrat Party' ) ;
insert into land values ( 'nclegg', 'UK' ) ;
insert into komit values ( 'nclegg', 'ITRE', 2 ) ;
insert into komit values ( 'nclegg', 'RETT', 1 ) ;
insert into deleg values ( 'nclegg', 'Maghreb', 2 ) ;
insert into adreu values ( 'nclegg', 'European Parliament; Bât. Altiero Spinelli; 10G169; 60, rue Wiertz / Wiertzstraat 60; B-1047 Bruxelles/Brussel' ) ;
insert into adreu values ( 'nclegg', 'European Parliament; Bât. Louise Weiss; T11006; Allée du Printemps; BP 10024/F; F-67070 Strasbourg Cedex' ) ;
insert into fax values ( 'nclegg', '+32 (0)2 284 9561' ) ;
insert into fax values ( 'nclegg', '+33 (0)3 88 17 9561' ) ;
insert into mail values ( 'nclegg', 'nclegg@europarl.eu.int' ) ;
insert into adrna values ( 'nclegg', '17-21 High Street RUDDINGTON Nottinghamshire NG11 6DT' ) ;

insert into pnom values ( 'cmoraes', 'Mr Claude MORAES' ) ;
insert into euprt values ( 'cmoraes', 'PSE', 2 ) ;
insert into naprt values ( 'cmoraes', 'Labour Party' ) ;
insert into land values ( 'cmoraes', 'UK' ) ;
insert into komit values ( 'cmoraes', 'EMPL', 2 ) ;
insert into komit values ( 'cmoraes', 'LIBE', 1 ) ;
insert into deleg values ( 'cmoraes', 'ZA', 8 ) ;
insert into adreu values ( 'cmoraes', 'European Parliament; Bât. Altiero Spinelli; 13G154; 60, rue Wiertz / Wiertzstraat 60; B-1047 Bruxelles/Brussel' ) ;
insert into adreu values ( 'cmoraes', 'European Parliament; Bât. Louise Weiss; T07052; Allée du Printemps; BP 10024/F; F-67070 Strasbourg Cedex' ) ;
insert into fax values ( 'cmoraes', '+32 (0)2 284 9553' ) ;
insert into fax values ( 'cmoraes', '+33 (0)3 88 17 9553' ) ;
insert into adrna values ( 'cmoraes', 'European Parliament Rue Wiertz ASP 13G154  B-1047 BRUSSELS' ) ;

insert into pnom values ( 'tvilliers', 'Mrs Theresa VILLIERS' ) ;
insert into euprt values ( 'tvilliers', 'EUPP', 2 ) ;
insert into naprt values ( 'tvilliers', 'Conservative and Unionist Party' ) ;
insert into land values ( 'tvilliers', 'UK' ) ;
insert into komit values ( 'tvilliers', 'ECON', 2 ) ;
insert into komit values ( 'tvilliers', 'JURI', 1 ) ;
insert into deleg values ( 'tvilliers', 'CY', 2 ) ;
insert into adreu values ( 'tvilliers', 'European Parliament; Bât. Altiero Spinelli; 14E116; 60, rue Wiertz / Wiertzstraat 60; B-1047 Bruxelles/Brussel' ) ;
insert into adreu values ( 'tvilliers', 'European Parliament; Bât. Louise Weiss; T08087; Allée du Printemps; BP 10024/F; F-67070 Strasbourg Cedex' ) ;
insert into fax values ( 'tvilliers', '+32 (0)2 284 9792' ) ;
insert into fax values ( 'tvilliers', '+33 (0)3 88 17 9792' ) ;
insert into adrna values ( 'tvilliers', '32 Smith Square LONDON SW1P 3HH' ) ;

insert into pnom values ( 'ctannock', 'Dr. Charles TANNOCK' ) ;
insert into euprt values ( 'ctannock', 'EUPP', 2 ) ;
insert into naprt values ( 'ctannock', 'Conservative and Unionist Party' ) ;
insert into land values ( 'ctannock', 'UK' ) ;
insert into komit values ( 'ctannock', 'AFET', 2 ) ;
insert into komit values ( 'ctannock', 'ECON', 1 ) ;
insert into komit values ( 'ctannock', 'ENVI', 1 ) ;
insert into deleg values ( 'ctannock', 'BG', 2 ) ;
insert into deleg values ( 'ctannock', 'SK', 2 ) ;
insert into deleg values ( 'ctannock', 'EE', 1 ) ;
insert into adreu values ( 'ctannock', 'European Parliament; Bât. Altiero Spinelli; 14E103; 60, rue Wiertz / Wiertzstraat 60; B-1047 Bruxelles/Brussel' ) ;
insert into adreu values ( 'ctannock', 'European Parliament; Bât. Louise Weiss; T08071; Allée du Printemps; BP 10024/F; F-67070 Strasbourg Cedex' ) ;
insert into fax values ( 'ctannock', '+32 (0)2 284 9870' ) ;
insert into fax values ( 'ctannock', '+33 (0)3 88 17 9870' ) ;
insert into http values ( 'ctannock', 'http://www.charlestannock.com' ) ;
insert into adrna values ( 'ctannock', '32 Smith Square LONDON SW1P 3HH' ) ;

insert into pnom values ( 'owinterbourne', 'Baroness  NICHOLSON OF WINTERBOURNE' ) ;
insert into euprt values ( 'owinterbourne', 'ELDR', 2 ) ;
insert into naprt values ( 'owinterbourne', 'Liberal Democrat Party' ) ;
insert into land values ( 'owinterbourne', 'UK' ) ;
insert into komit values ( 'owinterbourne', 'AFET', 8 ) ;
insert into komit values ( 'owinterbourne', 'AGRI', 1 ) ;
insert into deleg values ( 'owinterbourne', 'RO', 1 ) ;
insert into deleg values ( 'owinterbourne', 'Mashreq', 2 ) ;
insert into adreu values ( 'owinterbourne', 'European Parliament; Bât. Altiero Spinelli; 10G209; 60, rue Wiertz / Wiertzstraat 60; B-1047 Bruxelles/Brussel' ) ;
insert into adreu values ( 'owinterbourne', 'European Parliament; Bât. Louise Weiss; T11082; Allée du Printemps; BP 10024/F; F-67070 Strasbourg Cedex' ) ;
insert into fax values ( 'owinterbourne', '+32 (0)2 284 9625' ) ;
insert into fax values ( 'owinterbourne', '+33 (0)3 88 17 9625' ) ;
insert into adrna values ( 'owinterbourne', '2  Vincent Street' ) ;

insert into pnom values ( 'chuhne', 'Mr Christopher HUHNE' ) ;
insert into euprt values ( 'chuhne', 'ELDR', 2 ) ;
insert into naprt values ( 'chuhne', 'Liberal Democrat Party' ) ;
insert into land values ( 'chuhne', 'UK' ) ;
insert into komit values ( 'chuhne', 'ECON', 2 ) ;
insert into komit values ( 'chuhne', 'BUDG', 1 ) ;
insert into deleg values ( 'chuhne', 'SK', 1 ) ;
insert into deleg values ( 'chuhne', 'ASEAN', 2 ) ;
insert into adreu values ( 'chuhne', 'European Parliament; Bât. Altiero Spinelli; 10G210; 60, rue Wiertz / Wiertzstraat 60; B-1047 Bruxelles/Brussel' ) ;
insert into adreu values ( 'chuhne', 'European Parliament; Bât. Louise Weiss; T11088; Allée du Printemps; BP 10024/F; F-67070 Strasbourg Cedex' ) ;
insert into fax values ( 'chuhne', '+32 (0)2 284 9221' ) ;
insert into fax values ( 'chuhne', '+33 (0)3 88 17 9221' ) ;
insert into mail values ( 'chuhne', 'chuhne@europarl.eu.int' ) ;
insert into http values ( 'chuhne', 'http://www.chrishuhnemep.org' ) ;
insert into adrna values ( 'chuhne', '2 Queen Anne\'s Gate LONDON SW1H 9AA' ) ;

insert into pnom values ( 'clucas', 'Mrs Caroline LUCAS' ) ;
insert into euprt values ( 'clucas', 'VERD', 2 ) ;
insert into naprt values ( 'clucas', 'Green Party' ) ;
insert into land values ( 'clucas', 'UK' ) ;
insert into komit values ( 'clucas', 'ITRE', 2 ) ;
insert into komit values ( 'clucas', 'RETT', 1 ) ;
insert into adreu values ( 'clucas', 'European Parliament; Bât. Altiero Spinelli; 08G103; 60, rue Wiertz / Wiertzstraat 60; B-1047 Bruxelles/Brussel' ) ;
insert into adreu values ( 'clucas', 'European Parliament; Bât. Louise Weiss; T05046; Allée du Printemps; BP 10024/F; F-67070 Strasbourg Cedex' ) ;
insert into fax values ( 'clucas', '+32 (0)2 284 9153' ) ;
insert into fax values ( 'clucas', '+33 (0)3 88 17 9153' ) ;
insert into mail values ( 'clucas', 'clucas@europarl.eu.int' ) ;
insert into http values ( 'clucas', 'http://www.carolinelucasmep.org.uk' ) ;
insert into adrna values ( 'clucas', 'Suite 58 The Hop Exchange 24 Southwark St  LONDON SE 1TY' ) ;

insert into pnom values ( 'pfarage', 'Mr Nigel Paul FARAGE' ) ;
insert into euprt values ( 'pfarage', 'DIV', 5 ) ;
insert into naprt values ( 'pfarage', 'UK Independence Party' ) ;
insert into land values ( 'pfarage', 'UK' ) ;
insert into komit values ( 'pfarage', 'PECH', 2 ) ;
insert into deleg values ( 'pfarage', 'MT', 2 ) ;
insert into adreu values ( 'pfarage', 'European Parliament; Bât. Altiero Spinelli; 07H346; 60, rue Wiertz / Wiertzstraat 60; B-1047 Bruxelles/Brussel' ) ;
insert into adreu values ( 'pfarage', 'European Parliament; Bât. Louise Weiss; T11071; Allée du Printemps; BP 10024/F; F-67070 Strasbourg Cedex' ) ;
insert into fax values ( 'pfarage', '+32 (0)2 284 9855' ) ;
insert into fax values ( 'pfarage', '+33 (0)3 88 17 9855' ) ;
insert into adrna values ( 'pfarage', 'The Old Grain Store Church Lane Lyminster  WEST SUSSEX BN17 7QJ' ) ;

insert into pnom values ( 'estockton', 'The Earl Of  STOCKTON') ;
insert into euprt values ( 'estockton', 'EUPP', 2 ) ;
insert into naprt values ( 'estockton', 'Conservative and Unionist Party' ) ;
insert into land values ( 'estockton', 'UK' ) ;
insert into komit values ( 'estockton', 'PETI', 2 ) ;
insert into komit values ( 'estockton', 'LIBE', 1 ) ;
insert into komit values ( 'estockton', 'AFET', 1 ) ;
insert into deleg values ( 'estockton', 'SAARC', 2 ) ;
insert into adreu values ( 'estockton', 'European Parliament; Bât. Altiero Spinelli; 08E107; 60, rue Wiertz / Wiertzstraat 60; B-1047 Bruxelles/Brussel' ) ;
insert into adreu values ( 'estockton', 'European Parliament; Bât. Louise Weiss; T08063; Allée du Printemps; BP 10024/F; F-67070 Strasbourg Cedex' ) ;
insert into fax values ( 'estockton', '+32 (0)2 284 9683' ) ;
insert into fax values ( 'estockton', '+33 (0)3 88 17 9683' ) ;
insert into adrna values ( 'estockton', '25 Ecclestone Place LONDON SW1W 9NF' ) ;

insert into pnom values ( 'jbowis', 'Mr John BOWIS' ) ;
insert into euprt values ( 'jbowis', 'EUPP', 2 ) ;
insert into naprt values ( 'jbowis', 'Conservative and Unionist Party' ) ;
insert into land values ( 'jbowis', 'UK' ) ;
insert into komit values ( 'jbowis', 'DEVE', 2 ) ;
insert into komit values ( 'jbowis', 'ENVI', 2 ) ;
insert into deleg values ( 'jbowis', 'KaKgUz', 8 ) ;
insert into adreu values ( 'jbowis', 'European Parliament; Bât. Altiero Spinelli; 14E115; 60, rue Wiertz / Wiertzstraat 60; B-1047 Bruxelles/Brussel' ) ;
insert into adreu values ( 'jbowis', 'European Parliament; Bât. Louise Weiss; T08039; Allée du Printemps; BP 10024/F; F-67070 Strasbourg Cedex' ) ;
insert into fax values ( 'jbowis', '+32 (0)2 284 9780' ) ;
insert into fax values ( 'jbowis', '+33 (0)3 88 17 9780' ) ;
insert into mail values ( 'jbowis', 'johnbowis@aol.com' ) ;
insert into adrna values ( 'jbowis', 'P.O. Box 262 NEW MALDEN KT3 4WJ' ) ;

insert into pnom values ( 'nparish', 'Mr Neil PARISH' ) ;
insert into euprt values ( 'nparish', 'EUPP', 2 ) ;
insert into naprt values ( 'nparish', 'Conservative and Unionist Party' ) ;
insert into land values ( 'nparish', 'UK' ) ;
insert into komit values ( 'nparish', 'AGRI', 2 ) ;
insert into komit values ( 'nparish', 'PECH', 1 ) ;
insert into komit values ( 'nparish', 'ENVI', 1 ) ;
insert into deleg values ( 'nparish', 'IL', 2 ) ;
insert into adreu values ( 'nparish', 'European Parliament; Bât. Altiero Spinelli; 14E218; 60, rue Wiertz / Wiertzstraat 60; B-1047 Bruxelles/Brussel' ) ;
insert into adreu values ( 'nparish', 'European Parliament; Bât. Louise Weiss; T08055; Allée du Printemps; BP 10024/F; F-67070 Strasbourg Cedex' ) ;
insert into fax values ( 'nparish', '+32 (0)2 284 9392' ) ;
insert into fax values ( 'nparish', '+33 (0)3 88 17 9392' ) ;
insert into adrna values ( 'nparish', '16 Northgate' ) ;

insert into pnom values ( 'sludford', 'Baroness Sarah LUDFORD' ) ;
insert into euprt values ( 'sludford', 'ELDR', 2 ) ;
insert into naprt values ( 'sludford', 'Liberal Democrat Party' ) ;
insert into land values ( 'sludford', 'UK' ) ;
insert into komit values ( 'sludford', 'LIBE', 2 ) ;
insert into komit values ( 'sludford', 'AFET', 1 ) ;
insert into deleg values ( 'sludford', 'CY', 1 ) ;
insert into deleg values ( 'sludford', 'Balkan', 8 ) ;
insert into adreu values ( 'sludford', 'European Parliament; Bât. Altiero Spinelli; 10G165; 60, rue Wiertz / Wiertzstraat 60; B-1047 Bruxelles/Brussel' ) ;
insert into adreu values ( 'sludford', 'European Parliament; Bât. Louise Weiss; T11086; Allée du Printemps; BP 10024/F; F-67070 Strasbourg Cedex' ) ;
insert into fax values ( 'sludford', '+32 (0)2 284 9104' ) ;
insert into fax values ( 'sludford', '+33 (0)3 88 17 9104' ) ;
insert into mail values ( 'sludford', 'sludford@europarl.eu.int' ) ;
insert into mail values ( 'sludford', 'sludfordmep@cix.co.uk' ) ;
insert into http values ( 'sludford', 'http://www.sarahludfordmep.org' ) ;
insert into adrna values ( 'sludford', '36 St Peter\'s Street LONDON NI 8JT' ) ;

insert into pnom values ( 'jholmes', 'Mr Michael John HOLMES' ) ;
insert into euprt values ( 'jholmes', 'NON', 2 ) ;
insert into naprt values ( 'jholmes', 'UK Independence Party' ) ;
insert into land values ( 'jholmes', 'UK' ) ;
insert into komit values ( 'jholmes', 'CONT', 2 ) ;
insert into komit values ( 'jholmes', 'PECH', 2 ) ;
insert into komit values ( 'jholmes', 'AGRI', 1 ) ;
insert into deleg values ( 'jholmes', 'EE', 1 ) ;
insert into deleg values ( 'jholmes', 'ZA', 2 ) ;
insert into adreu values ( 'jholmes', 'European Parliament; Bât. Altiero Spinelli; 07H354; 60, rue Wiertz / Wiertzstraat 60; B-1047 Bruxelles/Brussel' ) ;
insert into adreu values ( 'jholmes', 'European Parliament; Bât. Louise Weiss; T11042; Allée du Printemps; BP 10024/F; F-67070 Strasbourg Cedex' ) ;
insert into fax values ( 'jholmes', '+32 (0)2 284 9763' ) ;
insert into fax values ( 'jholmes', '+33 (0)3 88 17 9763' ) ;
insert into adrna values ( 'jholmes', 'Venards House FORDINGBRIDGE SP6 2PJ' ) ;

insert into pnom values ( 'jelambert', 'Mrs Jean LAMBERT' ) ;
insert into euprt values ( 'jelambert', 'VERD', 8 ) ;
insert into naprt values ( 'jelambert', 'Green Party' ) ;
insert into land values ( 'jelambert', 'UK' ) ;
insert into komit values ( 'jelambert', 'EMPL', 2 ) ;
insert into komit values ( 'jelambert', 'PETI', 2 ) ;
insert into komit values ( 'jelambert', 'LIBE', 1 ) ;
insert into deleg values ( 'jelambert', 'MT', 2 ) ;
insert into adreu values ( 'jelambert', 'European Parliament; Bât. Altiero Spinelli; 08G107; 60, rue Wiertz / Wiertzstraat 60; B-1047 Bruxelles/Brussel' ) ;
insert into adreu values ( 'jelambert', 'European Parliament; Bât. Louise Weiss; T05087; Allée du Printemps; BP 10024/F; F-67070 Strasbourg Cedex' ) ;
insert into fax values ( 'jelambert', '+32 (0)2 284 9507' ) ;
insert into fax values ( 'jelambert', '+33 (0)3 88 17 9507' ) ;
insert into mail values ( 'jelambert', 'gmep2@gn.apc.org' ) ;
insert into mail values ( 'jelambert', 'jelambert@europarl.eu.int' ) ;
insert into adrna values ( 'jelambert', 'Suite 58 The Hop Exchange 24 Southwark Street  LONDON SE1 1TY' ) ;

insert into pnom values ( 'mcashman', 'Mr Michael CASHMAN' ) ;
insert into euprt values ( 'mcashman', 'PSE', 2 ) ;
insert into naprt values ( 'mcashman', 'Labour Party' ) ;
insert into land values ( 'mcashman', 'UK' ) ;
insert into komit values ( 'mcashman', 'LIBE', 2 ) ;
insert into komit values ( 'mcashman', 'PETI', 2 ) ;
insert into komit values ( 'mcashman', 'AFET', 1 ) ;
insert into deleg values ( 'mcashman', 'BG', 2 ) ;
insert into adreu values ( 'mcashman', 'European Parliament; Bât. Altiero Spinelli; 13G318; 60, rue Wiertz / Wiertzstraat 60; B-1047 Bruxelles/Brussel' ) ;
insert into adreu values ( 'mcashman', 'European Parliament; Bât. Louise Weiss; T07026; Allée du Printemps; BP 10024/F; F-67070 Strasbourg Cedex' ) ;
insert into fax values ( 'mcashman', '+32 (0)2 284 9759' ) ;
insert into fax values ( 'mcashman', '+33 (0)3 88 17 9759' ) ;
insert into adrna values ( 'mcashman', 'West Midlands European Office Terry Duffy House Thomas Street  WEST BROMWICH B70 6NT' ) ;

insert into pnom values ( 'ngill', 'Mrs Neena GILL' ) ;
insert into euprt values ( 'ngill', 'PSE', 2 ) ;
insert into naprt values ( 'ngill', 'Labour Party' ) ;
insert into land values ( 'ngill', 'UK' ) ;
insert into komit values ( 'ngill', 'BUDG', 2 ) ;
insert into komit values ( 'ngill', 'ITRE', 1 ) ;
insert into deleg values ( 'ngill', 'SAARC', 8 ) ;
insert into adreu values ( 'ngill', 'European Parliament; Bât. Altiero Spinelli; 13G265; 60, rue Wiertz / Wiertzstraat 60; B-1047 Bruxelles/Brussel' ) ;
insert into adreu values ( 'ngill', 'European Parliament; Bât. Louise Weiss; T07030; Allée du Printemps; BP 10024/F; F-67070 Strasbourg Cedex' ) ;
insert into fax values ( 'ngill', '+32 (0)2 284 9125' ) ;
insert into fax values ( 'ngill', '+33 (0)3 88 17 9125' ) ;
insert into adrna values ( 'ngill', 'West Midlands European Office Terry Duffy House Thomas Street  WEST BROMWICH B70 6NT' ) ;

insert into pnom values ( 'botoole', 'Mrs Barbara O\'TOOLE' ) ;
insert into euprt values ( 'botoole', 'PSE', 2 ) ;
insert into naprt values ( 'botoole', 'Labour Party' ) ;
insert into land values ( 'botoole', 'UK' ) ;
insert into komit values ( 'botoole', 'CULT', 2 ) ;
insert into komit values ( 'botoole', 'ECON', 1 ) ;
insert into deleg values ( 'botoole', 'PL', 2 ) ;
insert into adreu values ( 'botoole', 'European Parliament; Bât. Altiero Spinelli; 13G257; 60, rue Wiertz / Wiertzstraat 60; B-1047 Bruxelles/Brussel' ) ;
insert into adreu values ( 'botoole', 'European Parliament; Bât. Louise Weiss; T07044; Allée du Printemps; BP 10024/F; F-67070 Strasbourg Cedex' ) ;
insert into fax values ( 'botoole', '+32 (0)2 284 9362' ) ;
insert into fax values ( 'botoole', '+33 (0)3 88 17 9362' ) ;
insert into mail values ( 'botoole', 'botoole@europarl.eu.int' ) ;
insert into mail values ( 'botoole', 'botoolemep2@aol.com' ) ;
insert into http values ( 'botoole', 'http://www.otoole-mep.com' ) ;
insert into adrna values ( 'botoole', '7 Great Lime Road Palmesville NEWCASTLE UPON TYNE NE12 9HN' ) ;

insert into pnom values ( 'bmatthews', 'Mr Philip BUSHILL-MATTHEWS' ) ;
insert into euprt values ( 'bmatthews', 'EUPP', 2 ) ;
insert into naprt values ( 'bmatthews', 'Conservative and Unionist Party' ) ;
insert into land values ( 'bmatthews', 'UK' ) ;
insert into komit values ( 'bmatthews', 'EMPL', 2 ) ;
insert into komit values ( 'bmatthews', 'ENVI', 1 ) ;
insert into deleg values ( 'bmatthews', 'Mashreq', 2 ) ;
insert into adreu values ( 'bmatthews', 'European Parliament; Bât. Altiero Spinelli; 14E217; 60, rue Wiertz / Wiertzstraat 60; B-1047 Bruxelles/Brussel' ) ;
insert into adreu values ( 'bmatthews', 'European Parliament; Bât. Louise Weiss; T08047; Allée du Printemps; BP 10024/F; F-67070 Strasbourg Cedex' ) ;
insert into fax values ( 'bmatthews', '+32 (0)2 284 9114' ) ;
insert into fax values ( 'bmatthews', '+33 (0)3 88 17 9114' ) ;
insert into mail values ( 'bmatthews', 'Bushillm@aol.com' ) ;
insert into adrna values ( 'bmatthews', 'Manor House HARBURY  Leamington SPA  Warwickshire CV33 9 HX' ) ;

insert into pnom values ( 'mcallanan', 'Mr Martin CALLANAN' ) ;
insert into euprt values ( 'mcallanan', 'EUPP', 5 ) ;
insert into naprt values ( 'mcallanan', 'Conservative and Unionist Party' ) ;
insert into land values ( 'mcallanan', 'UK' ) ;
insert into komit values ( 'mcallanan', 'ENVI', 2 ) ;
insert into deleg values ( 'mcallanan', 'KaKgUz', 2 ) ;
insert into adreu values ( 'mcallanan', 'European Parliament; Bât. Altiero Spinelli; 14E153; 60, rue Wiertz / Wiertzstraat 60; B-1047 Bruxelles/Brussel' ) ;
insert into adreu values ( 'mcallanan', 'European Parliament; Bât. Louise Weiss; T08030; Allée du Printemps; BP 10024/F; F-67070 Strasbourg Cedex' ) ;
insert into fax values ( 'mcallanan', '+32 (0)2 284 9701' ) ;
insert into fax values ( 'mcallanan', '+33 (0)3 88 17 9701' ) ;
insert into adrna values ( 'mcallanan', '209 Kells Lane GATESHEAD NE9 5HT' ) ;

insert into pnom values ( 'ratkins', 'Sir Robert ATKINS' ) ;
insert into euprt values ( 'ratkins', 'EUPP', 2 ) ;
insert into naprt values ( 'ratkins', 'Conservative and Unionist Party' ) ;
insert into land values ( 'ratkins', 'UK' ) ;
insert into komit values ( 'ratkins', 'ITRE', 2 ) ;
insert into komit values ( 'ratkins', 'EMPL', 1 ) ;
insert into deleg values ( 'ratkins', 'ZA', 2 ) ;
insert into adreu values ( 'ratkins', 'European Parliament; Bât. Altiero Spinelli; 08E246; 60, rue Wiertz / Wiertzstraat 60; B-1047 Bruxelles/Brussel' ) ;
insert into adreu values ( 'ratkins', 'European Parliament; Bât. Louise Weiss; T08035; Allée du Printemps; BP 10024/F; F-67070 Strasbourg Cedex' ) ;
insert into fax values ( 'ratkins', '+32 (0)2 284 9373' ) ;
insert into fax values ( 'ratkins', '+33 (0)3 88 17 9641' ) ;
insert into http values ( 'ratkins', 'http://www.europarl.org.uk' ) ;
insert into adrna values ( 'ratkins', 'Manor House Lancaster Road GARSTANG  Lancashire PR3 1JA' ) ;

insert into pnom values ( 'mharbour', 'Mr Malcolm HARBOUR' ) ;
insert into euprt values ( 'mharbour', 'EUPP', 5 ) ;
insert into naprt values ( 'mharbour', 'Conservative and Unionist Party' ) ;
insert into land values ( 'mharbour', 'UK' ) ;
insert into komit values ( 'mharbour', 'JURI', 2 ) ;
insert into komit values ( 'mharbour', 'ITRE', 1 ) ;
insert into deleg values ( 'mharbour', 'JP', 2 ) ;
insert into adreu values ( 'mharbour', 'European Parliament; Bât. Altiero Spinelli; 14E209; 60, rue Wiertz / Wiertzstraat 60; B-1047 Bruxelles/Brussel' ) ;
insert into adreu values ( 'mharbour', 'European Parliament; Bât. Louise Weiss; T08042; Allée du Printemps; BP 10024/F; F-67070 Strasbourg Cedex' ) ;
insert into fax values ( 'mharbour', '+32 (0)2 284 9132' ) ;
insert into fax values ( 'mharbour', '+33 (0)3 88 17 9132' ) ;
insert into adrna values ( 'mharbour', 'Manor Cottage Manor Road SOLIHULL  West Midlands B91 2BL' ) ;

insert into pnom values ( 'dsumberg', 'Mr David SUMBERG' ) ;
insert into euprt values ( 'dsumberg', 'EUPP', 2 ) ;
insert into naprt values ( 'dsumberg', 'Conservative and Unionist Party' ) ;
insert into land values ( 'dsumberg', 'UK' ) ;
insert into komit values ( 'dsumberg', 'AFET', 2 ) ;
insert into komit values ( 'dsumberg', 'EMPL', 1 ) ;
insert into deleg values ( 'dsumberg', 'US', 2 ) ;
insert into adreu values ( 'dsumberg', 'European Parliament; Bât. Altiero Spinelli; 08E254; 60, rue Wiertz / Wiertzstraat 60; B-1047 Bruxelles/Brussel' ) ;
insert into adreu values ( 'dsumberg', 'European Parliament; Bât. Louise Weiss; T08067; Allée du Printemps; BP 10024/F; F-67070 Strasbourg Cedex' ) ;
insert into fax values ( 'dsumberg', '+32 (0)2 284 9372' ) ;
insert into fax values ( 'dsumberg', '+33 (0)3 88 17 9372' ) ;
insert into adrna values ( 'dsumberg', '9 Montford Enterprise Centre Wynford Square SALFORD M5 2SN' ) ;

insert into pnom values ( 'cbradbourn', 'Mr Philip Charles BRADBOURN' ) ;
insert into euprt values ( 'cbradbourn', 'EUPP', 2 ) ;
insert into naprt values ( 'cbradbourn', 'Conservative and Unionist Party' ) ;
insert into land values ( 'cbradbourn', 'UK' ) ;
insert into komit values ( 'cbradbourn', 'RETT', 2 ) ;
insert into komit values ( 'cbradbourn', 'BUDG', 1 ) ;
insert into komit values ( 'cbradbourn', 'JURI', 1 ) ;
insert into deleg values ( 'cbradbourn', 'MT', 1 ) ;
insert into deleg values ( 'cbradbourn', 'CA', 2 ) ;
insert into adreu values ( 'cbradbourn', 'European Parliament; Bât. Altiero Spinelli; 14E169; 60, rue Wiertz / Wiertzstraat 60; B-1047 Bruxelles/Brussel' ) ;
insert into adreu values ( 'cbradbourn', 'European Parliament; Bât. Louise Weiss; T08043; Allée du Printemps; BP 10024/F; F-67070 Strasbourg Cedex' ) ;
insert into fax values ( 'cbradbourn', '+32 (0)2 284 9407' ) ;
insert into fax values ( 'cbradbourn', '+33 (0)3 88 17 9407' ) ;
insert into adrna values ( 'cbradbourn', 'Radcliffe House 66-68 Hagley Road EDGBASTON  Birmingham B16 8PF' ) ;

insert into pnom values ( 'elynne', 'Mrs Elizabeth LYNNE' ) ;
insert into euprt values ( 'elynne', 'ELDR', 2 ) ;
insert into naprt values ( 'elynne', 'Liberal Democrat Party' ) ;
insert into land values ( 'elynne', 'UK' ) ;
insert into komit values ( 'elynne', 'EMPL', 2 ) ;
insert into komit values ( 'elynne', 'AFET', 1 ) ;
insert into deleg values ( 'elynne', 'SAARC', 2 ) ;
insert into adreu values ( 'elynne', 'European Parliament; Bât. Altiero Spinelli; 10G354; 60, rue Wiertz / Wiertzstraat 60; B-1047 Bruxelles/Brussel' ) ;
insert into adreu values ( 'elynne', 'European Parliament; Bât. Louise Weiss; T11084; Allée du Printemps; BP 10024/F; F-67070 Strasbourg Cedex' ) ;
insert into fax values ( 'elynne', '+32 (0)2 284 9521' ) ;
insert into fax values ( 'elynne', '+33 (0)3 88 17 9521' ) ;
insert into mail values ( 'elynne', 'lizlynne@cix.compulink.co.uk' ) ;
insert into http values ( 'elynne', 'http://www.lizlynne.org' ) ;
insert into adrna values ( 'elynne', 'European Parliament Rue Wiertz ASP 10G354  B-1047 BRUSSELS' ) ;

insert into pnom values ( 'tkirkhope', 'Mr Timothy KIRKHOPE' ) ;
insert into euprt values ( 'tkirkhope', 'EUPP', 2 ) ;
insert into naprt values ( 'tkirkhope', 'Conservative and Unionist Party' ) ;
insert into land values ( 'tkirkhope', 'UK' ) ;
insert into komit values ( 'tkirkhope', 'LIBE', 2 ) ;
insert into komit values ( 'tkirkhope', 'AFCO', 1 ) ;
insert into deleg values ( 'tkirkhope', 'EEA', 8 ) ;
insert into adreu values ( 'tkirkhope', 'European Parliament; Bât. Altiero Spinelli; 14E246; 60, rue Wiertz / Wiertzstraat 60; B-1047 Bruxelles/Brussel' ) ;
insert into adreu values ( 'tkirkhope', 'European Parliament; Bât. Louise Weiss; T08051; Allée du Printemps; BP 10024/F; F-67070 Strasbourg Cedex' ) ;
insert into fax values ( 'tkirkhope', '+32 (0)2 284 9321' ) ;
insert into fax values ( 'tkirkhope', '+33 (0)3 88 17 9321' ) ;
insert into mail values ( 'tkirkhope', 'tkirkhope@europarl.eu.int' ) ;
insert into http values ( 'tkirkhope', 'http://www.kirkhope.org.uk' ) ;
insert into adrna values ( 'tkirkhope', '7 Dewar Close COLLINGHAM LS22 5JR' ) ;

insert into pnom values ( 'rgoodwill', 'Mr Robert GOODWILL' ) ;
insert into euprt values ( 'rgoodwill', 'EUPP', 5 ) ;
insert into naprt values ( 'rgoodwill', 'Conservative and Unionist Party' ) ;
insert into land values ( 'rgoodwill', 'UK' ) ;
insert into komit values ( 'rgoodwill', 'FEMM', 2 ) ;
insert into komit values ( 'rgoodwill', 'ENVI', 2 ) ;
insert into deleg values ( 'rgoodwill', 'UA', 2 ) ;
insert into adreu values ( 'rgoodwill', 'European Parliament; Bât. Altiero Spinelli; 14E254; 60, rue Wiertz / Wiertzstraat 60; B-1047 Bruxelles/Brussel' ) ;
insert into adreu values ( 'rgoodwill', 'European Parliament; Bât. Louise Weiss; T08038; Allée du Printemps; BP 10024/F; F-67070 Strasbourg Cedex' ) ;
insert into fax values ( 'rgoodwill', '+32 (0)2 284 9643' ) ;
insert into fax values ( 'rgoodwill', '+33 (0)3 88 17 9643' ) ;
insert into adrna values ( 'rgoodwill', 'Southwood Farm TERRINGTON York Y060 6QB' ) ;

insert into pnom values ( 'dwallis', 'Mrs Diana WALLIS' ) ;
insert into euprt values ( 'dwallis', 'ELDR', 2 ) ;
insert into naprt values ( 'dwallis', 'Liberal Democrat Party' ) ;
insert into land values ( 'dwallis', 'UK' ) ;
insert into komit values ( 'dwallis', 'JURI', 2 ) ;
insert into komit values ( 'dwallis', 'RETT', 1 ) ;
insert into deleg values ( 'dwallis', 'EEA', 2 ) ;
insert into deleg values ( 'dwallis', 'ChIsNo', 8 ) ;
insert into adreu values ( 'dwallis', 'European Parliament; Bât. Altiero Spinelli; 10G253; 60, rue Wiertz / Wiertzstraat 60; B-1047 Bruxelles/Brussel' ) ;
insert into adreu values ( 'dwallis', 'European Parliament; Bât. Louise Weiss; T11080; Allée du Printemps; BP 10024/F; F-67070 Strasbourg Cedex' ) ;
insert into fax values ( 'dwallis', '+32 (0)2 284 9201' ) ;
insert into fax values ( 'dwallis', '+33 (0)3 88 17 9201' ) ;
insert into mail values ( 'dwallis', 'diana@dianawallismep.org.uk' ) ;
insert into adrna values ( 'dwallis', 'Land of Green Ginger HULL HU1 2EA' ) ;

insert into pnom values ( 'cstihler', 'Mrs Catherine STIHLER' ) ;
insert into euprt values ( 'cstihler', 'PSE', 2 ) ;
insert into naprt values ( 'cstihler', 'Labour Party' ) ;
insert into land values ( 'cstihler', 'UK' ) ;
insert into komit values ( 'cstihler', 'PECH', 2 ) ;
insert into komit values ( 'cstihler', 'ENVI', 2 ) ;
insert into deleg values ( 'cstihler', 'HU', 2 ) ;
insert into adreu values ( 'cstihler', 'European Parliament; Bât. Altiero Spinelli; 13G217; 60, rue Wiertz / Wiertzstraat 60; B-1047 Bruxelles/Brussel' ) ;
insert into adreu values ( 'cstihler', 'European Parliament; Bât. Louise Weiss; T07053; Allée du Printemps; BP 10024/F; F-67070 Strasbourg Cedex' ) ;
insert into fax values ( 'cstihler', '+32 (0)2 284 9462' ) ;
insert into fax values ( 'cstihler', '+33 (0)3 88 17 9462' ) ;
insert into mail values ( 'cstihler', 'cstihler@europarl.eu.int' ) ;
insert into adrna values ( 'cstihler', 'European Parliament Rue Wiertz ASP 13G217  B-1047 BRUSSELS' ) ;

insert into pnom values ( 'sstevenson', 'Mr Struan STEVENSON' ) ;
insert into euprt values ( 'sstevenson', 'EUPP', 5 ) ;
insert into naprt values ( 'sstevenson', 'Scottish Conservative and Unionist Party' ) ;
insert into land values ( 'sstevenson', 'UK' ) ;
insert into komit values ( 'sstevenson', 'PECH', 9 ) ;
insert into komit values ( 'sstevenson', 'AGRI', 1 ) ;
insert into deleg values ( 'sstevenson', 'CN', 2 ) ;
insert into adreu values ( 'sstevenson', 'European Parliament; Bât. Altiero Spinelli; 08E130; 60, rue Wiertz / Wiertzstraat 60; B-1047 Bruxelles/Brussel' ) ;
insert into adreu values ( 'sstevenson', 'European Parliament; Bât. Louise Weiss; T06061-059; Allée du Printemps; BP 10024/F; F-67070 Strasbourg Cedex' ) ;
insert into fax values ( 'sstevenson', '+32 (0)2 284 9710' ) ;
insert into fax values ( 'sstevenson', '+33 (0)3 88 17 9710' ) ;
insert into mail values ( 'sstevenson', 'struanmep@aol.com' ) ;
insert into adrna values ( 'sstevenson', 'SCCO Princes Street EDINBURGH EH2 2ER' ) ;

insert into pnom values ( 'eattwooll', 'Mrs Elspeth ATTWOOLL' ) ;
insert into euprt values ( 'eattwooll', 'ELDR', 2 ) ;
insert into naprt values ( 'eattwooll', 'Liberal Democrat Party' ) ;
insert into land values ( 'eattwooll', 'UK' ) ;
insert into komit values ( 'eattwooll', 'EMPL', 2 ) ;
insert into komit values ( 'eattwooll', 'PECH', 2 ) ;
insert into komit values ( 'eattwooll', 'AGRI', 1 ) ;
insert into deleg values ( 'eattwooll', 'CA', 2 ) ;
insert into adreu values ( 'eattwooll', 'European Parliament; Bât. Altiero Spinelli; 10G217; 60, rue Wiertz / Wiertzstraat 60; B-1047 Bruxelles/Brussel' ) ;
insert into adreu values ( 'eattwooll', 'European Parliament; Bât. Louise Weiss; T11008; Allée du Printemps; BP 10024/F; F-67070 Strasbourg Cedex' ) ;
insert into fax values ( 'eattwooll', '+32 (0)2 284 9795' ) ;
insert into fax values ( 'eattwooll', '+33 (0)3 88 17 9795' ) ;
insert into adrna values ( 'eattwooll', 'Suite 1, 2nd Floor Olympic House 142 Queen Street  GLASGOW G1 3BU' ) ;

insert into pnom values ( 'nmaccormick', 'Professor Sir Neil MacCORMICK' ) ;
insert into euprt values ( 'nmaccormick', 'VERD', 2 ) ;
insert into naprt values ( 'nmaccormick', 'Scottish National Party' ) ;
insert into land values ( 'nmaccormick', 'UK' ) ;
insert into komit values ( 'nmaccormick', 'JURI', 2 ) ;
insert into komit values ( 'nmaccormick', 'AFCO', 1 ) ;
insert into deleg values ( 'nmaccormick', 'RO', 2 ) ;
insert into adreu values ( 'nmaccormick', 'European Parliament; Bât. Altiero Spinelli; 08H149; 60, rue Wiertz / Wiertzstraat 60; B-1047 Bruxelles/Brussel' ) ;
insert into adreu values ( 'nmaccormick', 'European Parliament; Bât. Louise Weiss; T05078; Allée du Printemps; BP 10024/F; F-67070 Strasbourg Cedex' ) ;
insert into fax values ( 'nmaccormick', '+32 (0)2 284 9480' ) ;
insert into fax values ( 'nmaccormick', '+33 (0)3 88 17 9480' ) ;
insert into mail values ( 'nmaccormick', 'nmaccmep@snp.sol.co.uk' ) ;
insert into mail values ( 'nmaccormick', 'nmaccormick@europarl.eu.int' ) ;
insert into mail values ( 'nmaccormick', 'neil@maccormick.fsnet.co.uk' ) ;
insert into adrna values ( 'nmaccormick', 'Scottish National Party 107 McDonald Road EDINBURGH  EH7 4NW' ) ;

insert into pnom values ( 'jevans', 'Mr Jonathan EVANS' ) ;
insert into euprt values ( 'jevans', 'EUPP', 5 ) ;
insert into naprt values ( 'jevans', 'Conservative and Unionist Party' ) ;
insert into land values ( 'jevans', 'UK' ) ;
insert into komit values ( 'jevans', 'ECON', 2 ) ;
insert into komit values ( 'jevans', 'AFET', 1 ) ;
insert into deleg values ( 'jevans', 'CZ', 1 ) ;
insert into deleg values ( 'jevans', 'JP', 2 ) ;
insert into adreu values ( 'jevans', 'European Parliament; Bât. Altiero Spinelli; 14E210; 60, rue Wiertz / Wiertzstraat 60; B-1047 Bruxelles/Brussel' ) ;
insert into adreu values ( 'jevans', 'European Parliament; Bât. Louise Weiss; T08034; Allée du Printemps; BP 10024/F; F-67070 Strasbourg Cedex' ) ;
insert into fax values ( 'jevans', '+32 (0)2 284 9528' ) ;
insert into fax values ( 'jevans', '+33 (0)3 88 17 9528' ) ;
insert into mail values ( 'jevans', 'jevans@europarl.eu.int' ) ;
insert into http values ( 'jevans', 'http://www.jonathanevans.co.uk' ) ;
insert into adrna values ( 'jevans', '4 Penlline Road CARDIFF CF14 2XS' ) ;

insert into pnom values ( 'jilevans', 'Mrs Jillian EVANS' ) ;
insert into euprt values ( 'jilevans', 'VERD', 2 ) ;
insert into naprt values ( 'jilevans', 'Plaid Cymru - Parti of Wales' ) ;
insert into land values ( 'jilevans', 'UK' ) ;
insert into komit values ( 'jilevans', 'FEMM', 8 ) ;
insert into komit values ( 'jilevans', 'EMPL', 2 ) ;
insert into komit values ( 'jilevans', 'ENVI', 1 ) ;
insert into deleg values ( 'jilevans', 'LT', 2 ) ;
insert into deleg values ( 'jilevans', 'EE', 1 ) ;
insert into adreu values ( 'jilevans', 'European Parliament; Bât. Altiero Spinelli; 08H140; 60, rue Wiertz / Wiertzstraat 60; B-1047 Bruxelles/Brussel' ) ;
insert into adreu values ( 'jilevans', 'European Parliament; Bât. Louise Weiss; T05139; Allée du Printemps; BP 10024/F; F-67070 Strasbourg Cedex' ) ;
insert into fax values ( 'jilevans', '+32 (0)2 284 9103' ) ;
insert into fax values ( 'jilevans', '+33 (0)3 88 17 9103' ) ;
insert into adrna values ( 'jilevans', '202 Tyntyla Road Ystrad RHONDDA (Wales) CF41 7SE' ) ;

insert into pnom values ( 'ewyn', 'Mr Eurig WYN' ) ;
insert into euprt values ( 'ewyn', 'VERD', 2 ) ;
insert into naprt values ( 'ewyn', 'Plaid Cymru - Parti of Wales' ) ;
insert into land values ( 'ewyn', 'UK' ) ;
insert into komit values ( 'ewyn', 'CULT', 2 ) ;
insert into komit values ( 'ewyn', 'PETI', 2 ) ;
insert into komit values ( 'ewyn', 'AGRI', 1 ) ;
insert into deleg values ( 'ewyn', 'CZ', 2 ) ;
insert into adreu values ( 'ewyn', 'European Parliament; Bât. Altiero Spinelli; 08H153; 60, rue Wiertz / Wiertzstraat 60; B-1047 Bruxelles/Brussel' ) ;
insert into adreu values ( 'ewyn', 'European Parliament; Bât. Louise Weiss; T05080; Allée du Printemps; BP 10024/F; F-67070 Strasbourg Cedex' ) ;
insert into fax values ( 'ewyn', '+32 (0)2 284 9972' ) ;
insert into fax values ( 'ewyn', '<TR><TD width="100%" bgcolor="#ffffff" colspan="2"><HR></TD></TR>' ) ;
insert into adrna values ( 'ewyn', 'European Parliament Rue Wiertz ASP 8H153  B-1047 BRUSSELS' ) ;

insert into pnom values ( 'ddover', 'Mr Den DOVER' ) ;
insert into euprt values ( 'ddover', 'EUPP', 2 ) ;
insert into naprt values ( 'ddover', 'Conservative and Unionist Party' ) ;
insert into land values ( 'ddover', 'UK' ) ;
insert into komit values ( 'ddover', 'BUDG', 2 ) ;
insert into komit values ( 'ddover', 'RETT', 1 ) ;
insert into deleg values ( 'ddover', 'MT', 8 ) ;
insert into adreu values ( 'ddover', 'European Parliament; Bât. Altiero Spinelli; 08E258; 60, rue Wiertz / Wiertzstraat 60; B-1047 Bruxelles/Brussel' ) ;
insert into adreu values ( 'ddover', 'European Parliament; Bât. Louise Weiss; T08040; Allée du Printemps; BP 10024/F; F-67070 Strasbourg Cedex' ) ;
insert into fax values ( 'ddover', '+32 (0)2 284 9787' ) ;
insert into fax values ( 'ddover', '+33 (0)3 88 17 9787' ) ;
insert into mail values ( 'ddover', 'ddover@europarl.eu.int' ) ;
insert into adrna values ( 'ddover', '166 Furzehill Road BOREHAM WOOD Hertfordshire WD6 2DS' ) ;

insert into pnom values ( 'jfoster', 'Mrs Jacqueline FOSTER' ) ;
insert into euprt values ( 'jfoster', 'EUPP', 2 ) ;
insert into naprt values ( 'jfoster', 'Conservative and Unionist Party' ) ;
insert into land values ( 'jfoster', 'UK' ) ;
insert into komit values ( 'jfoster', 'RETT', 2 ) ;
insert into komit values ( 'jfoster', 'ITRE', 1 ) ;
insert into adreu values ( 'jfoster', 'European Parliament; Bât. Altiero Spinelli; 08E266; 60, rue Wiertz / Wiertzstraat 60; B-1047 Bruxelles/Brussel' ) ;
insert into adreu values ( 'jfoster', 'European Parliament; Bât. Louise Weiss; T08085; Allée du Printemps; BP 10024/F; F-67070 Strasbourg Cedex' ) ;
insert into fax values ( 'jfoster', '+32 (0)2 284 9957' ) ;
insert into fax values ( 'jfoster', '+33 (0)3 88 17 9957' ) ;
insert into adrna values ( 'jfoster', 'European Parliament Rue Wiertz ASP 08E266  B-1047 BRUSSELS' ) ;

insert into pnom values ( 'cdavies', 'Mr Chris DAVIES' ) ;
insert into euprt values ( 'cdavies', 'ELDR', 2 ) ;
insert into naprt values ( 'cdavies', 'Liberal Democrat Party' ) ;
insert into land values ( 'cdavies', 'UK' ) ;
insert into komit values ( 'cdavies', 'ENVI', 2 ) ;
insert into komit values ( 'cdavies', 'PETI', 1 ) ;
insert into deleg values ( 'cdavies', 'CY', 2 ) ;
insert into adreu values ( 'cdavies', 'European Parliament; Bât. Altiero Spinelli; 10G218; 60, rue Wiertz / Wiertzstraat 60; B-1047 Bruxelles/Brussel' ) ;
insert into adreu values ( 'cdavies', 'European Parliament; Bât. Louise Weiss; T11004; Allée du Printemps; BP 10024/F; F-67070 Strasbourg Cedex' ) ;
insert into fax values ( 'cdavies', '+32 (0)2 284 9353' ) ;
insert into fax values ( 'cdavies', '+33 (0)3 88 17 9353' ) ;
insert into adrna values ( 'cdavies', '4 Higher Kinders Greenfield OLDHAM OL3 7BH' ) ;

insert into pnom values ( 'dhannan', 'Mr Daniel J. HANNAN' ) ;
insert into euprt values ( 'dhannan', 'EUPP', 2 ) ;
insert into naprt values ( 'dhannan', 'Conservative and Unionist Party' ) ;
insert into land values ( 'dhannan', 'UK' ) ;
insert into komit values ( 'dhannan', 'AFCO', 2 ) ;
insert into komit values ( 'dhannan', 'DEVE', 1 ) ;
insert into deleg values ( 'dhannan', 'SI', 1 ) ;
insert into deleg values ( 'dhannan', 'CAMx', 2 ) ;
insert into adreu values ( 'dhannan', 'European Parliament; Bât. Altiero Spinelli; 14E165; 60, rue Wiertz / Wiertzstraat 60; B-1047 Bruxelles/Brussel' ) ;
insert into adreu values ( 'dhannan', 'European Parliament; Bât. Louise Weiss; T06058; Allée du Printemps; BP 10024/F; F-67070 Strasbourg Cedex' ) ;
insert into fax values ( 'dhannan', '+32 (0)2 284 9137' ) ;
insert into fax values ( 'dhannan', '+33 (0)3 88 17 9137' ) ;
insert into mail values ( 'dhannan', 'dhannan@europarl.eu.int' ) ;
insert into http values ( 'dhannan', 'http://www.hannan.co.uk' ) ;
insert into adrna values ( 'dhannan', 'Conservative Central Office 32 Smith Square LONDON SW1P 3HH' ) ;

insert into pnom values ( 'ndeva', 'Mr Nirj DEVA' ) ;
insert into euprt values ( 'ndeva', 'EUPP', 2 ) ;
insert into naprt values ( 'ndeva', 'Conservative and Unionist Party' ) ;
insert into land values ( 'ndeva', 'UK' ) ;
insert into komit values ( 'ndeva', 'DEVE', 2 ) ;
insert into komit values ( 'ndeva', 'RETT', 1 ) ;
insert into deleg values ( 'ndeva', 'ASEAN', 2 ) ;
insert into adreu values ( 'ndeva', 'European Parliament; Bât. Altiero Spinelli; 14E130; 60, rue Wiertz / Wiertzstraat 60; B-1047 Bruxelles/Brussel' ) ;
insert into adreu values ( 'ndeva', 'European Parliament; Bât. Louise Weiss; T08032; Allée du Printemps; BP 10024/F; F-67070 Strasbourg Cedex' ) ;
insert into fax values ( 'ndeva', '+32 (0)2 284 9245' ) ;
insert into fax values ( 'ndeva', '+33 (0)3 88 17 9245' ) ;
insert into mail values ( 'ndeva', 'nirjdevamep@hotmail.com' ) ;
insert into adrna values ( 'ndeva', '169 B Kennington Road LONDON SE11 6SF' ) ;

insert into pnom values ( 'mvanhulten', 'De Heer Michiel van HULTEN' ) ;
insert into euprt values ( 'mvanhulten', 'PSE', 2 ) ;
insert into naprt values ( 'mvanhulten', 'Partij van de Arbeid' ) ;
insert into land values ( 'mvanhulten', 'NL' ) ;
insert into komit values ( 'mvanhulten', 'CONT', 2 ) ;
insert into komit values ( 'mvanhulten', 'AGRI', 1 ) ;
insert into komit values ( 'mvanhulten', 'PECH', 1 ) ;
insert into komit values ( 'mvanhulten', 'JURI', 1 ) ;
insert into adreu values ( 'mvanhulten', 'European Parliament; Bât. Altiero Spinelli; 15G309; 60, rue Wiertz / Wiertzstraat 60; B-1047 Bruxelles/Brussel' ) ;
insert into adreu values ( 'mvanhulten', 'European Parliament; Bât. Louise Weiss; T08052; Allée du Printemps; BP 10024/F; F-67070 Strasbourg Cedex' ) ;
insert into fax values ( 'mvanhulten', '+32 (0)2 284 9479' ) ;
insert into fax values ( 'mvanhulten', '+33 (0)3 88 17 9479' ) ;
insert into mail values ( 'mvanhulten', 'mvanhulten@europarl.eu.int' ) ;
insert into http values ( 'mvanhulten', 'http://www.vanhulten.net' ) ;
insert into adrna values ( 'mvanhulten', 'Europees Parlement Wiertzstraat ASP 15G309  B-1047 BRUSSEL' ) ;

insert into pnom values ( 'dcorbey', 'Mevr. Dorette CORBEY' ) ;
insert into euprt values ( 'dcorbey', 'PSE', 2 ) ;
insert into naprt values ( 'dcorbey', 'Partij van de Arbeid' ) ;
insert into land values ( 'dcorbey', 'NL' ) ;
insert into komit values ( 'dcorbey', 'ENVI', 2 ) ;
insert into komit values ( 'dcorbey', 'ITRE', 1 ) ;
insert into deleg values ( 'dcorbey', 'TR', 1 ) ;
insert into adreu values ( 'dcorbey', 'European Parliament; Bât. Altiero Spinelli; 15G317; 60, rue Wiertz / Wiertzstraat 60; B-1047 Bruxelles/Brussel' ) ;
insert into adreu values ( 'dcorbey', 'European Parliament; Bât. Louise Weiss; T08054; Allée du Printemps; BP 10024/F; F-67070 Strasbourg Cedex' ) ;
insert into fax values ( 'dcorbey', '+32 (0)2 284 9236' ) ;
insert into fax values ( 'dcorbey', '+33 (0)3 88 17 9236' ) ;
insert into adrna values ( 'dcorbey', 'Van Hoockerkenstraat 5 NL-1901 RH CASTRICUM' ) ;

insert into pnom values ( 'mmartens', 'Mevr. Maria MARTENS' ) ;
insert into euprt values ( 'mmartens', 'EUPP', 2 ) ;
insert into naprt values ( 'mmartens', 'Christen Democratisch Appèl' ) ;
insert into land values ( 'mmartens', 'NL' ) ;
insert into komit values ( 'mmartens', 'CULT', 2 ) ;
insert into komit values ( 'mmartens', 'FEMM', 2 ) ;
insert into komit values ( 'mmartens', 'DEVE', 1 ) ;
insert into deleg values ( 'mmartens', 'SAARC', 2 ) ;
insert into adreu values ( 'mmartens', 'European Parliament; Bât. Altiero Spinelli; 12E153; 60, rue Wiertz / Wiertzstraat 60; B-1047 Bruxelles/Brussel' ) ;
insert into adreu values ( 'mmartens', 'European Parliament; Bât. Louise Weiss; T09028; Allée du Printemps; BP 10024/F; F-67070 Strasbourg Cedex' ) ;
insert into fax values ( 'mmartens', '+32 (0)2 284 9857' ) ;
insert into fax values ( 'mmartens', '+33 (0)3 88 17 9857' ) ;
insert into mail values ( 'mmartens', 'mmartens@europarl.eu.int' ) ;
insert into http values ( 'mmartens', 'http://www.mariamartens.nl' ) ;
insert into adrna values ( 'mmartens', 'Europees Parlement Wiertzstraat ASP 12E153  B-1047 BRUSSEL' ) ;

insert into pnom values ( 'tmanders', 'De Heer Toine MANDERS' ) ;
insert into euprt values ( 'tmanders', 'ELDR', 2 ) ;
insert into naprt values ( 'tmanders', 'Volkspartij voor Vrijheid en Democratie' ) ;
insert into land values ( 'tmanders', 'NL' ) ;
insert into komit values ( 'tmanders', 'JURI', 2 ) ;
insert into komit values ( 'tmanders', 'EMPL', 1 ) ;
insert into adreu values ( 'tmanders', 'European Parliament; Bât. Altiero Spinelli; 10G265; 60, rue Wiertz / Wiertzstraat 60; B-1047 Bruxelles/Brussel' ) ;
insert into adreu values ( 'tmanders', 'European Parliament; Bât. Louise Weiss; T11023; Allée du Printemps; BP 10024/F; F-67070 Strasbourg Cedex' ) ;
insert into fax values ( 'tmanders', '+32 (0)2 284 9629' ) ;
insert into fax values ( 'tmanders', '<TR><TD width="100%" bgcolor="#ffffff" colspan="2"><HR></TD></TR>' ) ;
insert into adrna values ( 'tmanders', 'Europees Parlement Wiertzstraat ASP 10G265  B-1047 BRUSSEL' ) ;

insert into pnom values ( 'dbos', 'De Heer Bob van den BOS' ) ;
insert into euprt values ( 'dbos', 'ELDR', 2 ) ;
insert into naprt values ( 'dbos', 'Democraten 66' ) ;
insert into land values ( 'dbos', 'NL' ) ;
insert into komit values ( 'dbos', 'AFET', 2 ) ;
insert into komit values ( 'dbos', 'DEVE', 1 ) ;
insert into komit values ( 'dbos', 'PETI', 1 ) ;
insert into adreu values ( 'dbos', 'European Parliament; Bât. Altiero Spinelli; 10G317; 60, rue Wiertz / Wiertzstraat 60; B-1047 Bruxelles/Brussel' ) ;
insert into adreu values ( 'dbos', 'European Parliament; Bât. Louise Weiss; T11011; Allée du Printemps; BP 10024/F; F-67070 Strasbourg Cedex' ) ;
insert into fax values ( 'dbos', '+32 (0)2 284 9796' ) ;
insert into fax values ( 'dbos', '+33 (0)3 88 17 9796' ) ;
insert into mail values ( 'dbos', 'bravdbos@worldonline.nl' ) ;
insert into adrna values ( 'dbos', 'Europees Parlement Wiertzstraat ASP 10G317  B-1047 BRUSSEL' ) ;

insert into pnom values ( 'ggargani', 'On. Giuseppe GARGANI' ) ;
insert into euprt values ( 'ggargani', 'EUPP', 5 ) ;
insert into naprt values ( 'ggargani', 'Forza Italia' ) ;
insert into land values ( 'ggargani', 'IT' ) ;
insert into komit values ( 'ggargani', 'JURI', 9 ) ;
insert into komit values ( 'ggargani', 'LIBE', 1 ) ;
insert into deleg values ( 'ggargani', 'RU', 2 ) ;
insert into adreu values ( 'ggargani', 'European Parliament; Bât. Altiero Spinelli; 09E206; 60, rue Wiertz / Wiertzstraat 60; B-1047 Bruxelles/Brussel' ) ;
insert into adreu values ( 'ggargani', 'European Parliament; Bât. Louise Weiss; T12036; Allée du Printemps; BP 10024/F; F-67070 Strasbourg Cedex' ) ;
insert into fax values ( 'ggargani', '+32 (0)2 284 9168' ) ;
insert into fax values ( 'ggargani', '+33 (0)3 88 17 9168' ) ;
insert into adrna values ( 'ggargani', 'Via S. Francesco, 34 I- AVELLINO' ) ;

insert into pnom values ( 'lcesaro', 'On. Luigi CESARO' ) ;
insert into euprt values ( 'lcesaro', 'EUPP', 2 ) ;
insert into naprt values ( 'lcesaro', 'Forza Italia' ) ;
insert into land values ( 'lcesaro', 'IT' ) ;
insert into komit values ( 'lcesaro', 'DEVE', 2 ) ;
insert into komit values ( 'lcesaro', 'RETT', 1 ) ;
insert into deleg values ( 'lcesaro', 'SI', 2 ) ;
insert into adreu values ( 'lcesaro', 'European Parliament; Bât. Altiero Spinelli; 09E242; 60, rue Wiertz / Wiertzstraat 60; B-1047 Bruxelles/Brussel' ) ;
insert into adreu values ( 'lcesaro', 'European Parliament; Bât. Louise Weiss; T10038; Allée du Printemps; BP 10024/F; F-67070 Strasbourg Cedex' ) ;
insert into fax values ( 'lcesaro', '+32 (0)2 284 9128' ) ;
insert into fax values ( 'lcesaro', '+33 (0)3 88 17 9128' ) ;
insert into mail values ( 'lcesaro', 'lcesaro@europarl.eu.int' ) ;
insert into adrna values ( 'lcesaro', 'Via Roma, 157 Palazzo COMIT I-80029 S. ANTIMO (NA)' ) ;

insert into pnom values ( 'pmennea', 'On. Pietro-Paolo MENNEA' ) ;
insert into euprt values ( 'pmennea', 'EUPP', 2 ) ;
insert into naprt values ( 'pmennea', 'Forza Italia' ) ;
insert into land values ( 'pmennea', 'IT' ) ;
insert into komit values ( 'pmennea', 'CULT', 2 ) ;
insert into komit values ( 'pmennea', 'ENVI', 1 ) ;
insert into deleg values ( 'pmennea', 'Balkan', 2 ) ;
insert into adreu values ( 'pmennea', 'European Parliament; Bât. Altiero Spinelli; 13E107; 60, rue Wiertz / Wiertzstraat 60; B-1047 Bruxelles/Brussel' ) ;
insert into adreu values ( 'pmennea', 'European Parliament; Bât. Louise Weiss; T11014; Allée du Printemps; BP 10024/F; F-67070 Strasbourg Cedex' ) ;
insert into fax values ( 'pmennea', '+32 (0)2 284 9549' ) ;
insert into fax values ( 'pmennea', '+33 (0)3 88 17 9549' ) ;
insert into http values ( 'pmennea', 'http://www.pietromennea.it' ) ;
insert into adrna values ( 'pmennea', 'Parlamento Europeo Rue Wiertz ASP 13E107  B-1047 BRUXELLES' ) ;

insert into pnom values ( 'bdellavedova', 'On. Benedetto DELLA VEDOVA' ) ;
insert into euprt values ( 'bdellavedova', 'NON', 2 ) ;
insert into naprt values ( 'bdellavedova', 'Lista Emma Bonino' ) ;
insert into land values ( 'bdellavedova', 'IT' ) ;
insert into komit values ( 'bdellavedova', 'ECON', 2 ) ;
insert into komit values ( 'bdellavedova', 'ITRE', 1 ) ;
insert into deleg values ( 'bdellavedova', 'SAARC', 2 ) ;
insert into adreu values ( 'bdellavedova', 'European Parliament; Bât. Altiero Spinelli; 07H158; 60, rue Wiertz / Wiertzstraat 60; B-1047 Bruxelles/Brussel' ) ;
insert into adreu values ( 'bdellavedova', 'European Parliament; Bât. Louise Weiss; T11052; Allée du Printemps; BP 10024/F; F-67070 Strasbourg Cedex' ) ;
insert into fax values ( 'bdellavedova', '+32 (0)2 284 9256' ) ;
insert into fax values ( 'bdellavedova', '+33 (0)3 88 17 9256' ) ;
insert into mail values ( 'bdellavedova', 'bdellavedova@europarl.eu.int' ) ;
insert into adrna values ( 'bdellavedova', 'c/o Partito radicale Via Torre Argentina, 76 I-00186 ROMA' ) ;

insert into pnom values ( 'mcappato', 'On. Marco CAPPATO' ) ;
insert into euprt values ( 'mcappato', 'NON', 2 ) ;
insert into naprt values ( 'mcappato', 'Lista Emma Bonino' ) ;
insert into land values ( 'mcappato', 'IT' ) ;
insert into komit values ( 'mcappato', 'ITRE', 2 ) ;
insert into komit values ( 'mcappato', 'LIBE', 1 ) ;
insert into deleg values ( 'mcappato', 'US', 2 ) ;
insert into adreu values ( 'mcappato', 'European Parliament; Bât. Altiero Spinelli; 07H154; 60, rue Wiertz / Wiertzstraat 60; B-1047 Bruxelles/Brussel' ) ;
insert into adreu values ( 'mcappato', 'European Parliament; Bât. Louise Weiss; T11056; Allée du Printemps; BP 10024/F; F-67070 Strasbourg Cedex' ) ;
insert into fax values ( 'mcappato', '+32 (0)2 284 9496' ) ;
insert into fax values ( 'mcappato', '+33 (0)3 88 17 9496' ) ;
insert into mail values ( 'mcappato', 'mcappato@hotmail.com' ) ;
insert into adrna values ( 'mcappato', 'Via Torre Argentina, 76 Terzo piano I-00186 ROMA' ) ;

insert into pnom values ( 'gpgobbo', 'On. Gian Paolo GOBBO' ) ;
insert into euprt values ( 'gpgobbo', 'NON', 2 ) ;
insert into naprt values ( 'gpgobbo', 'Lega Nord per l\'indipendenza della Padania' ) ;
insert into land values ( 'gpgobbo', 'IT' ) ;
insert into komit values ( 'gpgobbo', 'ITRE', 2 ) ;
insert into komit values ( 'gpgobbo', 'RETT', 1 ) ;
insert into deleg values ( 'gpgobbo', 'RO', 2 ) ;
insert into adreu values ( 'gpgobbo', 'European Parliament; Bât. Altiero Spinelli; 08H254; 60, rue Wiertz / Wiertzstraat 60; B-1047 Bruxelles/Brussel' ) ;
insert into adreu values ( 'gpgobbo', 'European Parliament; Bât. Louise Weiss; T11091; Allée du Printemps; BP 10024/F; F-67070 Strasbourg Cedex' ) ;
insert into fax values ( 'gpgobbo', '+32 (0)2 284 9735' ) ;
insert into fax values ( 'gpgobbo', '+33 (0)3 88 17 9735' ) ;
insert into mail values ( 'gpgobbo', 'gpgobbo@europarl.eu.int' ) ;
insert into mail values ( 'gpgobbo', 'step.lega@iol.it' ) ;
insert into adrna values ( 'gpgobbo', 'Parlamento europeo Rue Wiertz ASP 08H254  B-1047 BRUXELLES' ) ;

insert into pnom values ( 'fturchi', 'On. Franz TURCHI' ) ;
insert into euprt values ( 'fturchi', 'NEUU', 2 ) ;
insert into naprt values ( 'fturchi', 'Alleanza nazionale' ) ;
insert into land values ( 'fturchi', 'IT' ) ;
insert into komit values ( 'fturchi', 'BUDG', 8 ) ;
insert into komit values ( 'fturchi', 'RETT', 1 ) ;
insert into deleg values ( 'fturchi', 'IL', 2 ) ;
insert into adreu values ( 'fturchi', 'European Parliament; Bât. Altiero Spinelli; 07F255; 60, rue Wiertz / Wiertzstraat 60; B-1047 Bruxelles/Brussel' ) ;
insert into adreu values ( 'fturchi', 'European Parliament; Bât. Louise Weiss; T13057; Allée du Printemps; BP 10024/F; F-67070 Strasbourg Cedex' ) ;
insert into fax values ( 'fturchi', '+32 (0)2 284 9979' ) ;
insert into fax values ( 'fturchi', '+33 (0)3 88 17 9979' ) ;
insert into adrna values ( 'fturchi', 'Via Ennio Quirino Visconti, 20 I-00193 ROMA' ) ;

insert into pnom values ( 'mnobilia', 'On. Mauro NOBILIA' ) ;
insert into euprt values ( 'mnobilia', 'NEUU', 7 ) ;
insert into naprt values ( 'mnobilia', 'Alleanza nazionale' ) ;
insert into land values ( 'mnobilia', 'IT' ) ;
insert into komit values ( 'mnobilia', 'ENVI', 8 ) ;
insert into komit values ( 'mnobilia', 'EMPL', 1 ) ;
insert into deleg values ( 'mnobilia', 'SK', 2 ) ;
insert into adreu values ( 'mnobilia', 'European Parliament; Bât. Altiero Spinelli; 07F254; 60, rue Wiertz / Wiertzstraat 60; B-1047 Bruxelles/Brussel' ) ;
insert into adreu values ( 'mnobilia', 'European Parliament; Bât. Louise Weiss; T13061; Allée du Printemps; BP 10024/F; F-67070 Strasbourg Cedex' ) ;
insert into fax values ( 'mnobilia', '+32 (0)2 284 9181' ) ;
insert into fax values ( 'mnobilia', '+33 (0)3 88 17 9181' ) ;
insert into mail values ( 'mnobilia', 'mauronobilia@tin.it' ) ;
insert into mail values ( 'mnobilia', 'mnobilia@europarl.eu.int' ) ;
insert into http values ( 'mnobilia', 'http://www.mauronobilia.org' ) ;
insert into adrna values ( 'mnobilia', 'Parlamento europeo Rue Wiertz ASP 7F254  B-1047 BRUXELLES' ) ;

insert into pnom values ( 'mturco', 'On. Maurizio TURCO' ) ;
insert into euprt values ( 'mturco', 'NON', 2 ) ;
insert into naprt values ( 'mturco', 'Lista Emma Bonino' ) ;
insert into land values ( 'mturco', 'IT' ) ;
insert into komit values ( 'mturco', 'LIBE', 2 ) ;
insert into komit values ( 'mturco', 'RETT', 1 ) ;
insert into komit values ( 'mturco', 'FEMM', 1 ) ;
insert into deleg values ( 'mturco', 'Balkan', 2 ) ;
insert into adreu values ( 'mturco', 'European Parliament; Bât. Altiero Spinelli; 07H161; 60, rue Wiertz / Wiertzstraat 60; B-1047 Bruxelles/Brussel' ) ;
insert into adreu values ( 'mturco', 'European Parliament; Bât. Louise Weiss; T11046; Allée du Printemps; BP 10024/F; F-67070 Strasbourg Cedex' ) ;
insert into fax values ( 'mturco', '+32 (0)2 284 9211' ) ;
insert into fax values ( 'mturco', '+33 (0)3 88 17 9211' ) ;
insert into adrna values ( 'mturco', '61, rue du Mail B-1050 IXELLES' ) ;

insert into pnom values ( 'sberlato', 'On. Sergio BERLATO' ) ;
insert into euprt values ( 'sberlato', 'NEUU', 2 ) ;
insert into naprt values ( 'sberlato', 'Alleanza nazionale' ) ;
insert into land values ( 'sberlato', 'IT' ) ;
insert into komit values ( 'sberlato', 'AGRI', 2 ) ;
insert into komit values ( 'sberlato', 'ECON', 1 ) ;
insert into komit values ( 'sberlato', 'PECH', 1 ) ;
insert into deleg values ( 'sberlato', 'AuNz', 8 ) ;
insert into adreu values ( 'sberlato', 'European Parliament; Bât. Altiero Spinelli; 07F143; 60, rue Wiertz / Wiertzstraat 60; B-1047 Bruxelles/Brussel' ) ;
insert into adreu values ( 'sberlato', 'European Parliament; Bât. Louise Weiss; T13063; Allée du Printemps; BP 10024/F; F-67070 Strasbourg Cedex' ) ;
insert into fax values ( 'sberlato', '+32 (0)2 284 9213' ) ;
insert into fax values ( 'sberlato', '+33 (0)3 88 17 9213' ) ;
insert into adrna values ( 'sberlato', 'Vicolo Noè Bordignon, 3 I-36014 SANTORSO' ) ;

insert into pnom values ( 'pcosta', 'On. Paolo COSTA' ) ;
insert into euprt values ( 'pcosta', 'ELDR', 8 ) ;
insert into naprt values ( 'pcosta', 'I Democratici' ) ;
insert into land values ( 'pcosta', 'IT' ) ;
insert into komit values ( 'pcosta', 'AFCO', 2 ) ;
insert into komit values ( 'pcosta', 'ECON', 1 ) ;
insert into komit values ( 'pcosta', 'RETT', 1 ) ;
insert into deleg values ( 'pcosta', 'SI', 8 ) ;
insert into adreu values ( 'pcosta', 'European Parliament; Bât. Altiero Spinelli; 09G342; 60, rue Wiertz / Wiertzstraat 60; B-1047 Bruxelles/Brussel' ) ;
insert into adreu values ( 'pcosta', 'European Parliament; Bât. Louise Weiss; T11026; Allée du Printemps; BP 10024/F; F-67070 Strasbourg Cedex' ) ;
insert into fax values ( 'pcosta', '+32 (0)2 284 9537' ) ;
insert into fax values ( 'pcosta', '+33 (0)3 88 17 9537' ) ;
insert into adrna values ( 'pcosta', 'Via San Girolamo, 6 Int. 2 I-30170 VENEZIA MESTRE' ) ;

insert into pnom values ( 'glisi', 'On. Giorgio LISI' ) ;
insert into euprt values ( 'glisi', 'EUPP', 2 ) ;
insert into naprt values ( 'glisi', 'Forza Italia' ) ;
insert into land values ( 'glisi', 'IT' ) ;
insert into komit values ( 'glisi', 'PECH', 2 ) ;
insert into komit values ( 'glisi', 'RETT', 2 ) ;
insert into komit values ( 'glisi', 'ENVI', 1 ) ;
insert into deleg values ( 'glisi', 'Balkan', 2 ) ;
insert into adreu values ( 'glisi', 'European Parliament; Bât. Altiero Spinelli; 09E217; 60, rue Wiertz / Wiertzstraat 60; B-1047 Bruxelles/Brussel' ) ;
insert into adreu values ( 'glisi', 'European Parliament; Bât. Louise Weiss; T10089; Allée du Printemps; BP 10024/F; F-67070 Strasbourg Cedex' ) ;
insert into fax values ( 'glisi', '+32 (0)2 284 9866' ) ;
insert into fax values ( 'glisi', '+33 (0)3 88 17 9866' ) ;
insert into adrna values ( 'glisi', 'Via Bonsi, 34 I-47900 RIMINI' ) ;

insert into pnom values ( 'gnistico', 'On. Giuseppe NISTICO') ;
insert into euprt values ( 'gnistico', 'EUPP', 2 ) ;
insert into naprt values ( 'gnistico', 'Forza Italia' ) ;
insert into land values ( 'gnistico', 'IT' ) ;
insert into komit values ( 'gnistico', 'ENVI', 2 ) ;
insert into komit values ( 'gnistico', 'ITRE', 1 ) ;
insert into deleg values ( 'gnistico', 'UA', 2 ) ;
insert into adreu values ( 'gnistico', 'European Parliament; Bât. Altiero Spinelli; 09E154; 60, rue Wiertz / Wiertzstraat 60; B-1047 Bruxelles/Brussel' ) ;
insert into adreu values ( 'gnistico', 'European Parliament; Bât. Louise Weiss; T10056; Allée du Printemps; BP 10024/F; F-67070 Strasbourg Cedex' ) ;
insert into fax values ( 'gnistico', '+32 (0)2 284 9311' ) ;
insert into fax values ( 'gnistico', '+33 (0)3 88 17 9311' ) ;
insert into adrna values ( 'gnistico', 'Viale Giulio Cesare, 62 I-00100 ROMA' ) ;

insert into pnom values ( 'bstaes', 'De Heer Bart STAES' ) ;
insert into euprt values ( 'bstaes', 'VERD', 2 ) ;
insert into naprt values ( 'bstaes', 'Anders gaan arbeiden, leven en vrijen' ) ;
insert into land values ( 'bstaes', 'BE' ) ;
insert into komit values ( 'bstaes', 'CONT', 2 ) ;
insert into komit values ( 'bstaes', 'ENVI', 1 ) ;
insert into deleg values ( 'bstaes', 'RU', 9 ) ;
insert into deleg values ( 'bstaes', 'KaKgUz', 2 ) ;
insert into adreu values ( 'bstaes', 'European Parliament; Bât. Altiero Spinelli; 08H156; 60, rue Wiertz / Wiertzstraat 60; B-1047 Bruxelles/Brussel' ) ;
insert into adreu values ( 'bstaes', 'European Parliament; Bât. Louise Weiss; T05076; Allée du Printemps; BP 10024/F; F-67070 Strasbourg Cedex' ) ;
insert into fax values ( 'bstaes', '+32 (0)2 284 9642' ) ;
insert into fax values ( 'bstaes', '+33 (0)3 88 17 9642' ) ;
insert into mail values ( 'bstaes', 'bstaes@europarl.eu.int' ) ;
insert into mail values ( 'bstaes', 'b.staes@agalev.be' ) ;
insert into http values ( 'bstaes', 'http://www.agalev.be' ) ;
insert into adrna values ( 'bstaes', 'Anselmostraat 51 B-2018 ANTWERPEN' ) ;

insert into pnom values ( 'wbeysen', 'De Heer Ward BEYSEN' ) ;
insert into euprt values ( 'wbeysen', 'ELDR', 2 ) ;
insert into naprt values ( 'wbeysen', 'Vlaamse liberalen en democraten' ) ;
insert into land values ( 'wbeysen', 'BE' ) ;
insert into komit values ( 'wbeysen', 'JURI', 2 ) ;
insert into komit values ( 'wbeysen', 'ITRE', 1 ) ;
insert into deleg values ( 'wbeysen', 'NATO', 2 ) ;
insert into adreu values ( 'wbeysen', 'European Parliament; Bât. Altiero Spinelli; 11G146; 60, rue Wiertz / Wiertzstraat 60; B-1047 Bruxelles/Brussel' ) ;
insert into adreu values ( 'wbeysen', 'European Parliament; Bât. Louise Weiss; T11007; Allée du Printemps; BP 10024/F; F-67070 Strasbourg Cedex' ) ;
insert into fax values ( 'wbeysen', '+32 (0)2 284 9631' ) ;
insert into fax values ( 'wbeysen', '+33 (0)3 88 17 9631' ) ;
insert into mail values ( 'wbeysen', 'Ward.Beysen@antwerpen.be' ) ;
insert into adrna values ( 'wbeysen', 'Dr. Donnyplein 14 B-2610 WILRIJK' ) ;

insert into pnom values ( 'mdehousse', 'M. Jean-Maurice DEHOUSSE' ) ;
insert into euprt values ( 'mdehousse', 'PSE', 8 ) ;
insert into naprt values ( 'mdehousse', 'Parti socialiste' ) ;
insert into land values ( 'mdehousse', 'BE' ) ;
insert into komit values ( 'mdehousse', 'AFCO', 2 ) ;
insert into komit values ( 'mdehousse', 'RETT', 1 ) ;
insert into deleg values ( 'mdehousse', 'JP', 2 ) ;
insert into adreu values ( 'mdehousse', 'European Parliament; Bât. Altiero Spinelli; 12G153; 60, rue Wiertz / Wiertzstraat 60; B-1047 Bruxelles/Brussel' ) ;
insert into adreu values ( 'mdehousse', 'European Parliament; Bât. Louise Weiss; T07041; Allée du Printemps; BP 10024/F; F-67070 Strasbourg Cedex' ) ;
insert into fax values ( 'mdehousse', '+32 (0)2 284 9740' ) ;
insert into fax values ( 'mdehousse', '+33 (0)3 88 17 9740' ) ;
insert into adrna values ( 'mdehousse', 'Parlement européen Rue Wiertz ASP 12G153  B-1047  BRUXELLES' ) ;

insert into pnom values ( 'nescobar', 'Sr. Juan Andrés NARANJO ESCOBAR' ) ;
insert into euprt values ( 'nescobar', 'EUPP', 2 ) ;
insert into naprt values ( 'nescobar', 'Partido Popular' ) ;
insert into land values ( 'nescobar', 'ES' ) ;
insert into komit values ( 'nescobar', 'BUDG', 2 ) ;
insert into komit values ( 'nescobar', 'EMPL', 1 ) ;
insert into deleg values ( 'nescobar', 'RO', 2 ) ;
insert into adreu values ( 'nescobar', 'European Parliament; Bât. Altiero Spinelli; 11E157; 60, rue Wiertz / Wiertzstraat 60; B-1047 Bruxelles/Brussel' ) ;
insert into adreu values ( 'nescobar', 'European Parliament; Bât. Louise Weiss; T09149; Allée du Printemps; BP 10024/F; F-67070 Strasbourg Cedex' ) ;
insert into fax values ( 'nescobar', '+32 (0)2 284 9512' ) ;
insert into fax values ( 'nescobar', '+33 (0)3 88 17 9512' ) ;
insert into adrna values ( 'nescobar', 'Parlamento Europeo Rue Wiertz ASP 11E157  B-1047 BRUSELAS' ) ;

insert into pnom values ( 'bhortefeux', 'M. Brice HORTEFEUX' ) ;
insert into euprt values ( 'bhortefeux', 'EUPP', 2 ) ;
insert into naprt values ( 'bhortefeux', 'Union pour la Majorité Présidentielle' ) ;
insert into land values ( 'bhortefeux', 'FR' ) ;
insert into komit values ( 'bhortefeux', 'ECON', 2 ) ;
insert into komit values ( 'bhortefeux', 'CONT', 1 ) ;
insert into deleg values ( 'bhortefeux', 'SAARC', 2 ) ;
insert into adreu values ( 'bhortefeux', 'European Parliament; Bât. Altiero Spinelli; 13E165; 60, rue Wiertz / Wiertzstraat 60; B-1047 Bruxelles/Brussel' ) ;
insert into adreu values ( 'bhortefeux', 'European Parliament; Bât. Louise Weiss; T08010; Allée du Printemps; BP 10024/F; F-67070 Strasbourg Cedex' ) ;
insert into fax values ( 'bhortefeux', '+32 (0)2 284 9126' ) ;
insert into fax values ( 'bhortefeux', '+33 (0)3 88 17 9126' ) ;
insert into mail values ( 'bhortefeux', 'bhortefeux@europarl.eu.int' ) ;
insert into http values ( 'bhortefeux', 'http://www.brice-hortefeux.org' ) ;
insert into adrna values ( 'bhortefeux', 'Permanence parlementaire 22, place d\'Espagne F-63000 CLERMONT-FERRAND' ) ;

insert into pnom values ( 'jcastro', 'Sr. José RIBEIRO E CASTRO' ) ;
insert into euprt values ( 'jcastro', 'NEUU', 2 ) ;
insert into naprt values ( 'jcastro', 'Partido Popular' ) ;
insert into land values ( 'jcastro', 'PT' ) ;
insert into komit values ( 'jcastro', 'LIBE', 2 ) ;
insert into komit values ( 'jcastro', 'AFCO', 1 ) ;
insert into adreu values ( 'jcastro', 'European Parliament; Bât. Altiero Spinelli; 07F167; 60, rue Wiertz / Wiertzstraat 60; B-1047 Bruxelles/Brussel' ) ;
insert into adreu values ( 'jcastro', 'European Parliament; Bât. Louise Weiss; T13039; Allée du Printemps; BP 10024/F; F-67070 Strasbourg Cedex' ) ;
insert into fax values ( 'jcastro', '+32 (0)2 284 9783' ) ;
insert into fax values ( 'jcastro', '+33 (0)3 88 17 9783' ) ;
insert into mail values ( 'jcastro', 'jcastro@europarl.eu.int' ) ;
insert into adrna values ( 'jcastro', 'D. Estefânia, n° 197 - 1.A P-1000-155 LISBOA' ) ;

insert into pnom values ( 'wperillo', 'Frau Brigitte WENZEL-PERILLO' ) ;
insert into euprt values ( 'wperillo', 'EUPP', 2 ) ;
insert into naprt values ( 'wperillo', 'CDU' ) ;
insert into land values ( 'wperillo', 'DE' ) ;
insert into komit values ( 'wperillo', 'BUDG', 2 ) ;
insert into komit values ( 'wperillo', 'RETT', 1 ) ;
insert into deleg values ( 'wperillo', 'CZ', 1 ) ;
insert into deleg values ( 'wperillo', 'ZA', 2 ) ;
insert into adreu values ( 'wperillo', 'European Parliament; Bât. Altiero Spinelli; 15E153; 60, rue Wiertz / Wiertzstraat 60; B-1047 Bruxelles/Brussel' ) ;
insert into adreu values ( 'wperillo', 'European Parliament; Bât. Louise Weiss; T10031; Allée du Printemps; BP 10024/F; F-67070 Strasbourg Cedex' ) ;
insert into fax values ( 'wperillo', '<TR><TD colspan="2"><HR></TD></TR>' ) ;
insert into fax values ( 'wperillo', '<TR><TD width="100%" bgcolor="#ffffff" colspan="2"><HR></TD></TR>' ) ;
insert into adrna values ( 'wperillo', 'Nikolaistraße 6-10 D-04109 LEIPZIG' ) ;

insert into pnom values ( 'kvanbrempt', 'Mevr. Kathleen VAN BREMPT' ) ;
insert into euprt values ( 'kvanbrempt', 'PSE', 2 ) ;
insert into naprt values ( 'kvanbrempt', 'Socialistiese Partij' ) ;
insert into land values ( 'kvanbrempt', 'BE' ) ;
insert into komit values ( 'kvanbrempt', 'ENVI', 2 ) ;
insert into komit values ( 'kvanbrempt', 'CULT', 1 ) ;
insert into deleg values ( 'kvanbrempt', 'SI', 2 ) ;
insert into adreu values ( 'kvanbrempt', 'European Parliament; Bât. Altiero Spinelli; 12G103; 60, rue Wiertz / Wiertzstraat 60; B-1047 Bruxelles/Brussel' ) ;
insert into adreu values ( 'kvanbrempt', 'European Parliament; Bât. Louise Weiss; T07045; Allée du Printemps; BP 10024/F; F-67070 Strasbourg Cedex' ) ;
insert into fax values ( 'kvanbrempt', '+32 (0)2 284 9564' ) ;
insert into fax values ( 'kvanbrempt', '+33 (0)3 88 17 9564' ) ;
insert into mail values ( 'kvanbrempt', 'kvanbrempt@europarl.eu.int' ) ;
insert into adrna values ( 'kvanbrempt', 'Europees Parlement Wiertzstraat ASP 12G103  B-1047 BRUSSEL' ) ;

insert into pnom values ( 'anferreira', 'Mme Anne FERREIRA' ) ;
insert into euprt values ( 'anferreira', 'PSE', 2 ) ;
insert into naprt values ( 'anferreira', 'Parti socialiste' ) ;
insert into land values ( 'anferreira', 'FR' ) ;
insert into komit values ( 'anferreira', 'ENVI', 2 ) ;
insert into komit values ( 'anferreira', 'AGRI', 1 ) ;
insert into deleg values ( 'anferreira', 'SI', 1 ) ;
insert into deleg values ( 'anferreira', 'ZA', 2 ) ;
insert into adreu values ( 'anferreira', 'European Parliament; Bât. Altiero Spinelli; 14G209; 60, rue Wiertz / Wiertzstraat 60; B-1047 Bruxelles/Brussel' ) ;
insert into adreu values ( 'anferreira', 'European Parliament; Bât. Louise Weiss; T08135; Allée du Printemps; BP 10024/F; F-67070 Strasbourg Cedex' ) ;
insert into fax values ( 'anferreira', '+32 (0)2 284 9193' ) ;
insert into fax values ( 'anferreira', '+33 (0)3 88 17 9193' ) ;
insert into mail values ( 'anferreira', 'anferreira@europarl.eu.int' ) ;
insert into mail values ( 'anferreira', 'ferreira.anne@wanadoo.fr' ) ;
insert into http values ( 'anferreira', 'http://perso.wanadoo.fr/anne.ferreira/index.htm' ) ;
insert into adrna values ( 'anferreira', '65, avenue de la République F-02100 SAINT QUENTIN' ) ;

insert into pnom values ( 'avaraut', 'M. Alexandre VARAUT' ) ;
insert into euprt values ( 'avaraut', 'NON', 2 ) ;
insert into naprt values ( 'avaraut', 'Mouvement pour la France' ) ;
insert into land values ( 'avaraut', 'FR' ) ;
insert into komit values ( 'avaraut', 'JURI', 2 ) ;
insert into komit values ( 'avaraut', 'AFCO', 1 ) ;
insert into deleg values ( 'avaraut', 'JP', 2 ) ;
insert into adreu values ( 'avaraut', 'European Parliament; Bât. Altiero Spinelli; 06F154; 60, rue Wiertz / Wiertzstraat 60; B-1047 Bruxelles/Brussel' ) ;
insert into adreu values ( 'avaraut', 'European Parliament; Bât. Louise Weiss; T13019; Allée du Printemps; BP 10024/F; F-67070 Strasbourg Cedex' ) ;
insert into fax values ( 'avaraut', '+32 (0)2 284 9136' ) ;
insert into fax values ( 'avaraut', '+33 (0)3 88 17 9136' ) ;
insert into adrna values ( 'avaraut', '162, Boulevard Berthier F-75017 PARIS' ) ;

insert into pnom values ( 'dvlasto', 'Mme Dominique VLASTO' ) ;
insert into euprt values ( 'dvlasto', 'EUPP', 2 ) ;
insert into naprt values ( 'dvlasto', 'Démocratie libérale' ) ;
insert into land values ( 'dvlasto', 'FR' ) ;
insert into komit values ( 'dvlasto', 'ITRE', 2 ) ;
insert into komit values ( 'dvlasto', 'RETT', 1 ) ;
insert into deleg values ( 'dvlasto', 'Maghreb', 2 ) ;
insert into adreu values ( 'dvlasto', 'European Parliament; Bât. Altiero Spinelli; 13E209; 60, rue Wiertz / Wiertzstraat 60; B-1047 Bruxelles/Brussel' ) ;
insert into adreu values ( 'dvlasto', 'European Parliament; Bât. Louise Weiss; T08017; Allée du Printemps; BP 10024/F; F-67070 Strasbourg Cedex' ) ;
insert into fax values ( 'dvlasto', '+32 (0)2 284 9161' ) ;
insert into fax values ( 'dvlasto', '+33 (0)3 88 17 9161' ) ;
insert into adrna values ( 'dvlasto', 'Parlement européen Rue Wiertz ASP 13E209  B-1047 BRUXELLES' ) ;

insert into pnom values ( 'mhoneyball', 'Mrs Mary HONEYBALL' ) ;
insert into euprt values ( 'mhoneyball', 'PSE', 2 ) ;
insert into naprt values ( 'mhoneyball', 'Labour Party' ) ;
insert into land values ( 'mhoneyball', 'UK' ) ;
insert into komit values ( 'mhoneyball', 'ECON', 2 ) ;
insert into komit values ( 'mhoneyball', 'FEMM', 2 ) ;
insert into komit values ( 'mhoneyball', 'ENVI', 1 ) ;
insert into deleg values ( 'mhoneyball', 'CY', 2 ) ;
insert into deleg values ( 'mhoneyball', 'MT', 1 ) ;
insert into adreu values ( 'mhoneyball', 'European Parliament; Bât. Altiero Spinelli; 13G258; 60, rue Wiertz / Wiertzstraat 60; B-1047 Bruxelles/Brussel' ) ;
insert into adreu values ( 'mhoneyball', 'European Parliament; Bât. Louise Weiss; T07054; Allée du Printemps; BP 10024/F; F-67070 Strasbourg Cedex' ) ;
insert into fax values ( 'mhoneyball', '+32 (0)2 284 9209' ) ;
insert into fax values ( 'mhoneyball', '<TR><TD width="100%" bgcolor="#ffffff" colspan="2"><HR></TD></TR>' ) ;
insert into adrna values ( 'mhoneyball', '16 Charles Square LONDON N1 6HP' ) ;

insert into pnom values ( 'mzorba', 'Κα Myrsini ZORBA' ) ;
insert into euprt values ( 'mzorba', 'PSE', 2 ) ;
insert into naprt values ( 'mzorba', 'Panellinio Socialistiko Kinima' ) ;
insert into land values ( 'mzorba', 'GR' ) ;
insert into komit values ( 'mzorba', 'ITRE', 2 ) ;
insert into komit values ( 'mzorba', 'CULT', 1 ) ;
insert into deleg values ( 'mzorba', 'AmGeAz', 2 ) ;
insert into adreu values ( 'mzorba', 'European Parliament; Bât. Altiero Spinelli; 13G157; 60, rue Wiertz / Wiertzstraat 60; B-1047 Bruxelles/Brussel' ) ;
insert into adreu values ( 'mzorba', 'European Parliament; Bât. Louise Weiss; T08151; Allée du Printemps; BP 10024/F; F-67070 Strasbourg Cedex' ) ;
insert into fax values ( 'mzorba', '+32 (0)2 284 9170' ) ;
insert into fax values ( 'mzorba', '+33 (0)3 88 17 9170' ) ;
insert into mail values ( 'mzorba', 'mzorba@europarl.eu.int' ) ;
insert into adrna values ( 'mzorba', 'Parlement européen Rue Wiertz ASP 13G157  B-1047 BRUXELLES' ) ;

insert into pnom values ( 'nbergman', 'Fru Lisbeth GRÖNFELDT BERGMAN' ) ;
insert into euprt values ( 'nbergman', 'EUPP', 2 ) ;
insert into naprt values ( 'nbergman', 'Moderata samlingspartiet' ) ;
insert into land values ( 'nbergman', 'SE' ) ;
insert into komit values ( 'nbergman', 'ECON', 2 ) ;
insert into komit values ( 'nbergman', 'EMPL', 1 ) ;
insert into deleg values ( 'nbergman', 'LT', 2 ) ;
insert into adreu values ( 'nbergman', 'European Parliament; Bât. Altiero Spinelli; 07F359; 60, rue Wiertz / Wiertzstraat 60; B-1047 Bruxelles/Brussel' ) ;
insert into adreu values ( 'nbergman', 'European Parliament; Bât. Louise Weiss; T09089; Allée du Printemps; BP 10024/F; F-67070 Strasbourg Cedex' ) ;
insert into fax values ( 'nbergman', '+32 (0)2 284 9836' ) ;
insert into fax values ( 'nbergman', '+33 (0)3 88 17 9836' ) ;
insert into mail values ( 'nbergman', 'lgb@moderat.se' ) ;
insert into adrna values ( 'nbergman', 'PL 4939 S-42355 TORSLANDA' ) ;

insert into pnom values ( 'lcaveri', 'On. Luciano CAVERI' ) ;
insert into euprt values ( 'lcaveri', 'ELDR', 5 ) ;
insert into naprt values ( 'lcaveri', 'Union Valdôtaine' ) ;
insert into land values ( 'lcaveri', 'IT' ) ;
insert into komit values ( 'lcaveri', 'RETT', 9 ) ;
insert into komit values ( 'lcaveri', 'AFET', 1 ) ;
insert into deleg values ( 'lcaveri', 'MERCOSUR', 2 ) ;
insert into adreu values ( 'lcaveri', 'European Parliament; Bât. Altiero Spinelli; 10G305; 60, rue Wiertz / Wiertzstraat 60; B-1047 Bruxelles/Brussel' ) ;
insert into adreu values ( 'lcaveri', 'European Parliament; Bât. Louise Weiss; T06031-033; Allée du Printemps; BP 10024/F; F-67070 Strasbourg Cedex' ) ;
insert into fax values ( 'lcaveri', '+32 (0)2 284 9344' ) ;
insert into fax values ( 'lcaveri', '<TR><TD colspan="2"><HR></TD></TR>' ) ;
insert into mail values ( 'lcaveri', 'lcaveri@europarl.eu.int' ) ;
insert into adrna values ( 'lcaveri', 'Avenue des Maquisards, 27 I- AOSTA' ) ;

insert into pnom values ( 'gandria', 'On. Generoso ANDRIA' ) ;
insert into euprt values ( 'gandria', 'EUPP', 2 ) ;
insert into naprt values ( 'gandria', 'Forza Italia' ) ;
insert into land values ( 'gandria', 'IT' ) ;
insert into komit values ( 'gandria', 'CONT', 2 ) ;
insert into komit values ( 'gandria', 'ECON', 2 ) ;
insert into deleg values ( 'gandria', 'PLC', 2 ) ;
insert into adreu values ( 'gandria', 'European Parliament; Bât. Altiero Spinelli; 09E116; 60, rue Wiertz / Wiertzstraat 60; B-1047 Bruxelles/Brussel' ) ;
insert into adreu values ( 'gandria', 'European Parliament; Bât. Louise Weiss; T10 042; Allée du Printemps; BP 10024/F; F-67070 Strasbourg Cedex' ) ;
insert into fax values ( 'gandria', '+32 (0)2 284 9109' ) ;
insert into fax values ( 'gandria', '+33 (0)3 88 17 9109' ) ;
insert into adrna values ( 'gandria', 'Via M. Linguiti, 8 -Catelde- I-84095 GIFFONI VALLE PIANA (SALERNO)' ) ;

insert into pnom values ( 'hKarlsson', 'Hr. Hans KARLSSON' ) ;
insert into euprt values ( 'hKarlsson', 'PSE', 2 ) ;
insert into naprt values ( 'hKarlsson', 'Socialdemokratiska arbetarepartiet' ) ;
insert into land values ( 'hKarlsson', 'SE' ) ;
insert into komit values ( 'hKarlsson', 'ITRE', 2 ) ;
insert into komit values ( 'hKarlsson', 'FEMM', 2 ) ;
insert into komit values ( 'hKarlsson', 'JURI', 1 ) ;
insert into deleg values ( 'hKarlsson', 'EE', 2 ) ;
insert into adreu values ( 'hKarlsson', 'European Parliament; Bât. Altiero Spinelli; 14G318; 60, rue Wiertz / Wiertzstraat 60; B-1047 Bruxelles/Brussel' ) ;
insert into adreu values ( 'hKarlsson', 'European Parliament; Bât. Louise Weiss; T07093; Allée du Printemps; BP 10024/F; F-67070 Strasbourg Cedex' ) ;
insert into fax values ( 'hKarlsson', '+32 (0)2 284 9199' ) ;
insert into fax values ( 'hKarlsson', '+33 (0)3 88 17 9199' ) ;
insert into mail values ( 'hKarlsson', 'hans.Karlsson@Sverige.nu' ) ;
insert into mail values ( 'hKarlsson', 'hKarlsson@europarl.eu.int' ) ;
insert into adrna values ( 'hKarlsson', 'Soldatvägen 14 S-694 30 HALLSBERG' ) ;

insert into pnom values ( 'sxarchakos', 'Κ. Stavros XARCHAKOS' ) ;
insert into euprt values ( 'sxarchakos', 'EUPP', 2 ) ;
insert into naprt values ( 'sxarchakos', 'Nea Dimokratia' ) ;
insert into land values ( 'sxarchakos', 'GR' ) ;
insert into komit values ( 'sxarchakos', 'CULT', 2 ) ;
insert into komit values ( 'sxarchakos', 'PETI', 2 ) ;
insert into komit values ( 'sxarchakos', 'ENVI', 1 ) ;
insert into deleg values ( 'sxarchakos', 'RU', 2 ) ;
insert into adreu values ( 'sxarchakos', 'European Parliament; Bât. Altiero Spinelli; 08E209; 60, rue Wiertz / Wiertzstraat 60; B-1047 Bruxelles/Brussel' ) ;
insert into adreu values ( 'sxarchakos', 'European Parliament; Bât. Louise Weiss; T09033; Allée du Printemps; BP 10024/F; F-67070 Strasbourg Cedex' ) ;
insert into fax values ( 'sxarchakos', '+32 (0)2 284 9409' ) ;
insert into fax values ( 'sxarchakos', '+33 (0)3 88 17 9409' ) ;
insert into adrna values ( 'sxarchakos', 'Kallidromiou 58 GR-114 73 ATHINA' ) ;

insert into pnom values ( 'rbastos', 'Sra. Regina BASTOS' ) ;
insert into euprt values ( 'rbastos', 'EUPP', 2 ) ;
insert into naprt values ( 'rbastos', 'Partido Social Democrata' ) ;
insert into land values ( 'rbastos', 'PT' ) ;
insert into komit values ( 'rbastos', 'EMPL', 2 ) ;
insert into komit values ( 'rbastos', 'FEMM', 2 ) ;
insert into komit values ( 'rbastos', 'JURI', 1 ) ;
insert into deleg values ( 'rbastos', 'UA', 2 ) ;
insert into adreu values ( 'rbastos', 'European Parliament; Bât. Altiero Spinelli; 08E142; 60, rue Wiertz / Wiertzstraat 60; B-1047 Bruxelles/Brussel' ) ;
insert into adreu values ( 'rbastos', 'European Parliament; Bât. Louise Weiss; T09002; Allée du Printemps; BP 10024/F; F-67070 Strasbourg Cedex' ) ;
insert into fax values ( 'rbastos', '+32 (0)2 284 9790' ) ;
insert into fax values ( 'rbastos', '+33 (0)3 88 17 9792' ) ;
insert into adrna values ( 'rbastos', 'Parlamento Europeu Rue Wiertz ASP 08E142  B-1047 BRUXELAS' ) ;

insert into pnom values ( 'gduin', 'Herr Garrelt DUIN' ) ;
insert into euprt values ( 'gduin', 'PSE', 2 ) ;
insert into naprt values ( 'gduin', 'SPD' ) ;
insert into land values ( 'gduin', 'DE' ) ;
insert into komit values ( 'gduin', 'RETT', 2 ) ;
insert into komit values ( 'gduin', 'BUDG', 1 ) ;
insert into deleg values ( 'gduin', 'ChIsNo', 2 ) ;
insert into adreu values ( 'gduin', 'European Parliament; Bât. Altiero Spinelli; 12G154; 60, rue Wiertz / Wiertzstraat 60; B-1047 Bruxelles/Brussel' ) ;
insert into adreu values ( 'gduin', 'European Parliament; Bât. Louise Weiss; T07035; Allée du Printemps; BP 10024/F; F-67070 Strasbourg Cedex' ) ;
insert into fax values ( 'gduin', '+32 (0)2 284 9431' ) ;
insert into fax values ( 'gduin', '+33 (0)3 88 17 9431' ) ;
insert into mail values ( 'gduin', 'gduin@garreltduin.de' ) ;
insert into mail values ( 'gduin', 'gduin@europarl.eu.int' ) ;
insert into http values ( 'gduin', 'http://www.garreltduin.de' ) ;
insert into adrna values ( 'gduin', 'SPD-Europabüro Weser-Ems Ringstraße, 44 D-26721 EMDEN' ) ;

insert into pnom values ( 'ipatakis', 'Κ. Ioannis PATAKIS' ) ;
insert into euprt values ( 'ipatakis', 'LEFT', 2 ) ;
insert into naprt values ( 'ipatakis', 'Kommounistiko Komma Elladas' ) ;
insert into land values ( 'ipatakis', 'GR' ) ;
insert into komit values ( 'ipatakis', 'ECON', 2 ) ;
insert into komit values ( 'ipatakis', 'AGRI', 1 ) ;
insert into deleg values ( 'ipatakis', 'Balkan', 2 ) ;
insert into adreu values ( 'ipatakis', 'European Parliament; Bât. Altiero Spinelli; 09G269; 60, rue Wiertz / Wiertzstraat 60; B-1047 Bruxelles/Brussel' ) ;
insert into adreu values ( 'ipatakis', 'European Parliament; Bât. Louise Weiss; T05007; Allée du Printemps; BP 10024/F; F-67070 Strasbourg Cedex' ) ;
insert into fax values ( 'ipatakis', '+32 (0)2 284 9105' ) ;
insert into fax values ( 'ipatakis', '+33 (0)3 88 17 9105' ) ;
insert into mail values ( 'ipatakis', 'eurogroup@kke.gr' ) ;
insert into adrna values ( 'ipatakis', 'Leoforos Irakliou 145 GR-142 31 NEA IONIA -ATHINA' ) ;

insert into pnom values ( 'ozrihen', 'Mme Olga ZRIHEN' ) ;
insert into euprt values ( 'ozrihen', 'PSE', 2 ) ;
insert into naprt values ( 'ozrihen', 'Parti socialiste' ) ;
insert into land values ( 'ozrihen', 'BE' ) ;
insert into komit values ( 'ozrihen', 'FEMM', 8 ) ;
insert into komit values ( 'ozrihen', 'ITRE', 2 ) ;
insert into komit values ( 'ozrihen', 'LIBE', 1 ) ;
insert into deleg values ( 'ozrihen', 'CZ', 1 ) ;
insert into adreu values ( 'ozrihen', 'European Parliament; Bât. Altiero Spinelli; 12G102; 60, rue Wiertz / Wiertzstraat 60; B-1047 Bruxelles/Brussel' ) ;
insert into adreu values ( 'ozrihen', 'European Parliament; Bât. Louise Weiss; T07039; Allée du Printemps; BP 10024/F; F-67070 Strasbourg Cedex' ) ;
insert into fax values ( 'ozrihen', '+32 (0)2 284 9451' ) ;
insert into fax values ( 'ozrihen', '+33 (0)3 88 17 9451' ) ;
insert into mail values ( 'ozrihen', 'ozrihen@europarl.eu.int' ) ;
insert into adrna values ( 'ozrihen', 'Parlement européen Rue Wiertz ASP 12G102  B-1047 BRUXELLES' ) ;

insert into pnom values ( 'jsanter', 'M. Jacques SANTER' ) ;
insert into euprt values ( 'jsanter', 'EUPP', 5 ) ;
insert into naprt values ( 'jsanter', 'Parti chrétien social' ) ;
insert into land values ( 'jsanter', 'LU' ) ;
insert into komit values ( 'jsanter', 'AFET', 2 ) ;
insert into komit values ( 'jsanter', 'ITRE', 1 ) ;
insert into deleg values ( 'jsanter', 'SAARC', 2 ) ;
insert into adreu values ( 'jsanter', 'European Parliament; Bât. Altiero Spinelli; 13E130; 60, rue Wiertz / Wiertzstraat 60; B-1047 Bruxelles/Brussel' ) ;
insert into adreu values ( 'jsanter', 'European Parliament; Bât. Louise Weiss; T09093; Allée du Printemps; BP 10024/F; F-67070 Strasbourg Cedex' ) ;
insert into fax values ( 'jsanter', '+32 (0)2 284 9737' ) ;
insert into fax values ( 'jsanter', '+33 (0)3 88 17 9737' ) ;
insert into adrna values ( 'jsanter', '69, rue Jean-Pierre Huberty L-1742 MUHLENBACH' ) ;

insert into pnom values ( 'gruffolo', 'On. Giorgio RUFFOLO' ) ;
insert into euprt values ( 'gruffolo', 'PSE', 2 ) ;
insert into naprt values ( 'gruffolo', 'Democratici di Sinistra' ) ;
insert into land values ( 'gruffolo', 'IT' ) ;
insert into komit values ( 'gruffolo', 'CULT', 2 ) ;
insert into komit values ( 'gruffolo', 'ECON', 1 ) ;
insert into deleg values ( 'gruffolo', 'RU', 2 ) ;
insert into adreu values ( 'gruffolo', 'European Parliament; Bât. Altiero Spinelli; 15G115; 60, rue Wiertz / Wiertzstraat 60; B-1047 Bruxelles/Brussel' ) ;
insert into adreu values ( 'gruffolo', 'European Parliament; Bât. Louise Weiss; T06125; Allée du Printemps; BP 10024/F; F-67070 Strasbourg Cedex' ) ;
insert into fax values ( 'gruffolo', '+32 (0)2 284 9107' ) ;
insert into fax values ( 'gruffolo', '+33 (0)3 88 17 9107' ) ;
insert into adrna values ( 'gruffolo', 'Via di Villa Emiliani, 14 I-00197 ROMA' ) ;

insert into pnom values ( 'jpurvis', 'Mr John PURVIS' ) ;
insert into euprt values ( 'jpurvis', 'EUPP', 2 ) ;
insert into naprt values ( 'jpurvis', 'Scottish Conservative and Unionist Party' ) ;
insert into land values ( 'jpurvis', 'UK' ) ;
insert into komit values ( 'jpurvis', 'ECON', 8 ) ;
insert into komit values ( 'jpurvis', 'ITRE', 2 ) ;
insert into deleg values ( 'jpurvis', 'BG', 1 ) ;
insert into deleg values ( 'jpurvis', 'Mashreq', 2 ) ;
insert into adreu values ( 'jpurvis', 'European Parliament; Bât. Altiero Spinelli; 08E157; 60, rue Wiertz / Wiertzstraat 60; B-1047 Bruxelles/Brussel' ) ;
insert into adreu values ( 'jpurvis', 'European Parliament; Bât. Louise Weiss; T08069; Allée du Printemps; BP 10024/F; F-67070 Strasbourg Cedex' ) ;
insert into fax values ( 'jpurvis', '+32 (0)2 284 9684' ) ;
insert into fax values ( 'jpurvis', '+33 (0)3 88 17 9684' ) ;
insert into mail values ( 'jpurvis', 'jpurvis@europarl.eu.int' ) ;
insert into http values ( 'jpurvis', 'http://www.scottishtorymeps.org.uk' ) ;
insert into adrna values ( 'jpurvis', 'European Parliament Rue Wiertz ASP 8E157  B-1047 BRUSSELS' ) ;

insert into pnom values ( 'bpronk', 'De Heer Bartho PRONK' ) ;
insert into euprt values ( 'bpronk', 'EUPP', 2 ) ;
insert into naprt values ( 'bpronk', 'Christen Democratisch Appèl' ) ;
insert into land values ( 'bpronk', 'NL' ) ;
insert into komit values ( 'bpronk', 'EMPL', 2 ) ;
insert into komit values ( 'bpronk', 'BUDG', 1 ) ;
insert into deleg values ( 'bpronk', 'ChIsNo', 2 ) ;
insert into adreu values ( 'bpronk', 'European Parliament; Bât. Altiero Spinelli; 12E115; 60, rue Wiertz / Wiertzstraat 60; B-1047 Bruxelles/Brussel' ) ;
insert into adreu values ( 'bpronk', 'European Parliament; Bât. Louise Weiss; T09053; Allée du Printemps; BP 10024/F; F-67070 Strasbourg Cedex' ) ;
insert into fax values ( 'bpronk', '+32 (0)2 284 9865' ) ;
insert into fax values ( 'bpronk', '+33 (0)3 88 17 9865' ) ;
insert into mail values ( 'bpronk', 'bpronk@europarl.eu.int' ) ;
insert into mail values ( 'bpronk', 'bartho@barthopronk.com' ) ;
insert into http values ( 'bpronk', 'http://www.barthopronk.com' ) ;
insert into adrna values ( 'bpronk', 'Copijnlaan 27 NL-3737 AV GROENEKAN' ) ;

insert into pnom values ( 'cmartinez', 'M. Jean-Claude MARTINEZ' ) ;
insert into euprt values ( 'cmartinez', 'NON', 2 ) ;
insert into naprt values ( 'cmartinez', 'Front national' ) ;
insert into land values ( 'cmartinez', 'FR' ) ;
insert into komit values ( 'cmartinez', 'AGRI', 2 ) ;
insert into komit values ( 'cmartinez', 'CONT', 1 ) ;
insert into deleg values ( 'cmartinez', 'MERCOSUR', 2 ) ;
insert into adreu values ( 'cmartinez', 'European Parliament; Bât. Altiero Spinelli; 08F154; 60, rue Wiertz / Wiertzstraat 60; B-1047 Bruxelles/Brussel' ) ;
insert into adreu values ( 'cmartinez', 'European Parliament; Bât. Louise Weiss; T05057; Allée du Printemps; BP 10024/F; F-67070 Strasbourg Cedex' ) ;
insert into fax values ( 'cmartinez', '+32 (0)2 284 9968' ) ;
insert into fax values ( 'cmartinez', '+33 (0)3 88 17 9968' ) ;
insert into adrna values ( 'cmartinez', 'Enclos Fontaines Bâtiment Ivoire Rue du Curat  F-34000 MONTPELLIER' ) ;

insert into pnom values ( 'eferri', 'On. Enrico FERRI' ) ;
insert into euprt values ( 'eferri', 'EUPP', 2 ) ;
insert into naprt values ( 'eferri', 'Forza Italia' ) ;
insert into land values ( 'eferri', 'IT' ) ;
insert into komit values ( 'eferri', 'EMPL', 2 ) ;
insert into komit values ( 'eferri', 'JURI', 1 ) ;
insert into deleg values ( 'eferri', 'MT', 1 ) ;
insert into adreu values ( 'eferri', 'European Parliament; Bât. Altiero Spinelli; 09E218; 60, rue Wiertz / Wiertzstraat 60; B-1047 Bruxelles/Brussel' ) ;
insert into adreu values ( 'eferri', 'European Parliament; Bât. Louise Weiss; T10091; Allée du Printemps; BP 10024/F; F-67070 Strasbourg Cedex' ) ;
insert into fax values ( 'eferri', '+32 (0)2 284 9461' ) ;
insert into fax values ( 'eferri', '+33 (0)3 88 17 9461' ) ;
insert into adrna values ( 'eferri', 'Via Tellini, 26 I-54027 PONTREMOLI (MS)' ) ;

insert into pnom values ( 'fsperoni', 'On. Francesco Enrico SPERONI' ) ;
insert into euprt values ( 'fsperoni', 'NON', 2 ) ;
insert into naprt values ( 'fsperoni', 'Lega Nord per l\'indipendenza della Padania' ) ;
insert into land values ( 'fsperoni', 'IT' ) ;
insert into komit values ( 'fsperoni', 'AFET', 2 ) ;
insert into komit values ( 'fsperoni', 'JURI', 1 ) ;
insert into adreu values ( 'fsperoni', 'European Parliament; Bât. Altiero Spinelli; 08H242; 60, rue Wiertz / Wiertzstraat 60; B-1047 Bruxelles/Brussel' ) ;
insert into adreu values ( 'fsperoni', 'European Parliament; Bât. Louise Weiss; T11093; Allée du Printemps; BP 10024/F; F-67070 Strasbourg Cedex' ) ;
insert into fax values ( 'fsperoni', '+32 (0)2 284 9705' ) ;
insert into fax values ( 'fsperoni', '+33 (0)3 88 17 9705' ) ;
insert into mail values ( 'fsperoni', 'fsperoni@europarl.eu.int' ) ;
insert into adrna values ( 'fsperoni', 'Piazza Montecitorio, 115 I-00186 ROMA' ) ;

